-- MySQL dump 10.13  Distrib 8.0.38, for Linux (x86_64)
--
-- Host: localhost    Database: dabid
-- ------------------------------------------------------
-- Server version	8.0.38

/*!40101 SET @OLD_CHARACTER_SET_CLIENT=@@CHARACTER_SET_CLIENT */;
/*!40101 SET @OLD_CHARACTER_SET_RESULTS=@@CHARACTER_SET_RESULTS */;
/*!40101 SET @OLD_COLLATION_CONNECTION=@@COLLATION_CONNECTION */;
/*!50503 SET NAMES utf8mb4 */;
/*!40103 SET @OLD_TIME_ZONE=@@TIME_ZONE */;
/*!40103 SET TIME_ZONE='+00:00' */;
/*!40014 SET @OLD_UNIQUE_CHECKS=@@UNIQUE_CHECKS, UNIQUE_CHECKS=0 */;
/*!40014 SET @OLD_FOREIGN_KEY_CHECKS=@@FOREIGN_KEY_CHECKS, FOREIGN_KEY_CHECKS=0 */;
/*!40101 SET @OLD_SQL_MODE=@@SQL_MODE, SQL_MODE='NO_AUTO_VALUE_ON_ZERO' */;
/*!40111 SET @OLD_SQL_NOTES=@@SQL_NOTES, SQL_NOTES=0 */;

--
-- Table structure for table `adj`
--

DROP TABLE IF EXISTS `adj`;
/*!40101 SET @saved_cs_client     = @@character_set_client */;
/*!50503 SET character_set_client = utf8mb4 */;
CREATE TABLE `adj` (
  `a` varchar(20) COLLATE utf8mb4_unicode_ci DEFAULT NULL,
  UNIQUE KEY `a` (`a`)
) ENGINE=InnoDB DEFAULT CHARSET=utf8mb4 COLLATE=utf8mb4_unicode_ci;
/*!40101 SET character_set_client = @saved_cs_client */;

--
-- Dumping data for table `adj`
--

LOCK TABLES `adj` WRITE;
/*!40000 ALTER TABLE `adj` DISABLE KEYS */;
INSERT INTO `adj` VALUES ('κ°€μ°¨μ—†λ”'),('κ°€νΉν•'),('κ°•λ ¥ν•'),('κ°•λ ¬ν•'),('κ°•μΈν•'),('κ°•μ§ν•'),('κ²©λ ¬ν•'),('κ²¬κ³ ν•'),('κ²°μ—°ν•'),('κ³ λ…ν•'),('κ³Όκ°ν•'),('κ΄‘ν­ν•'),('κµ‰μ¥ν•'),('κµ³κ±΄ν•'),('κ·Ήμ•…ν•'),('κΈ‰κ²©ν•'),('κΈ΄λ°•ν•'),('κΉμ€'),('λμ§κΈ΄'),('λμ—†λ”'),('λ‚ μΉ΄λ΅μ΄'),('λ‹¨λ‹¨ν•'),('λ‹¨νΈν•'),('λ‹Ήλ‹Ήν•'),('λ€λ‹¨ν•'),('λ€λ‹΄ν•'),('λκ°™μ€'),('λ“μ„Ό'),('λ§‰κ°•ν•'),('λ§¤μ„μ΄'),('λ§Ήλ ¬ν•'),('λ¬΄κ±°μ΄'),('λ¬΄μ„μ΄'),('λ¬΄μ‡ κ°™μ€'),('λ¬΄μν•'),('λ¬΄μ‹λ¬΄μ‹ν•'),('λ¬΄μ‹¬ν•'),('λ¬΄μλΉ„ν•'),('λ¬΄μ μ'),('λ¬΄μ •ν•'),('λ¬΄ν•ν•'),('λ²”μ ‘ν•  μ μ—†λ”'),('λ¶κ°€μΉ¨μ'),('λ¶κµ΄μ'),('λ¶λ³€μ'),('λ¶μ‚¬μ‹ μ'),('λ¶νƒ€λ”'),('λ¶ν¨μ'),('λΉ„μ¥ν•'),('λΉν‹μ—†λ”'),('μ‚¬λ‚μ΄'),('μ‚¬μ•…ν•'),('μ‹ λ…μ'),('μ•…λ…ν•'),('μ•”ν‘μ'),('μ••λ„μ μΈ'),('μ—­λ™μ μΈ'),('μμ›ν•'),('μ™„κ°•ν•'),('μ©λ§Ήν•'),('μ°λ μ°¬'),('μ›…μ¥ν•'),('μ„λ€ν•'),('μ€λ°€ν•'),('μ”νΉν•'),('μ €λμ μΈ'),('μ λ€μ μΈ'),('μ¤‘ν›„ν•'),('μ§€λ…ν•'),('μ§„μ§€ν•'),('μ§‘μ”ν•'),('μ°¨κ°€μ΄'),('μ²μ ν•'),('μ²λ‘¥ κ°™μ€'),('μ²ν•λ¬΄μ μ'),('μ² μ €ν•'),('μ΄κ°•λ ¥ν•'),('μ΄μ›”μ μΈ'),('μ΄μΈμ μΈ'),('μΉλ…μ μΈ'),('μΉμ—΄ν•'),('μΉΌλ‚  κ°™μ€'),('ν¬μ² ν•'),('νκ΄΄μ μΈ'),('ν­λ°μ μΈ'),('ν­μ••μ μΈ'),('ν—λ‚ν•'),('ν—μ•…ν•'),('ν—μ¤€ν•'),('ν™•κ³ ν•'),('ν™©ν™€ν•'),('νμ°¬');
/*!40000 ALTER TABLE `adj` ENABLE KEYS */;
UNLOCK TABLES;

--
-- Table structure for table `auction`
--

DROP TABLE IF EXISTS `auction`;
/*!40101 SET @saved_cs_client     = @@character_set_client */;
/*!50503 SET character_set_client = utf8mb4 */;
CREATE TABLE `auction` (
  `id` int NOT NULL AUTO_INCREMENT,
  `created_at` datetime(6) DEFAULT NULL,
  `is_active` bit(1) DEFAULT NULL,
  `last_modified_at` datetime(6) DEFAULT NULL,
  `category` enum('A','B','C') COLLATE utf8mb4_unicode_ci DEFAULT NULL,
  `deposit` int DEFAULT NULL,
  `detail` varchar(255) COLLATE utf8mb4_unicode_ci DEFAULT NULL,
  `finished_at` datetime(6) DEFAULT NULL,
  `first_bid` int DEFAULT NULL,
  `first_member_id` int DEFAULT NULL,
  `second_bid` int DEFAULT NULL,
  `thumbnail` varchar(255) COLLATE utf8mb4_unicode_ci DEFAULT NULL,
  `title` varchar(255) COLLATE utf8mb4_unicode_ci DEFAULT NULL,
  `member_id` int DEFAULT NULL,
  PRIMARY KEY (`id`),
  KEY `FKfwhlu2m9v0ytyjbf8yyb9eipy` (`member_id`),
  CONSTRAINT `FKfwhlu2m9v0ytyjbf8yyb9eipy` FOREIGN KEY (`member_id`) REFERENCES `member` (`id`)
) ENGINE=InnoDB AUTO_INCREMENT=283 DEFAULT CHARSET=utf8mb4 COLLATE=utf8mb4_unicode_ci;
/*!40101 SET character_set_client = @saved_cs_client */;

--
-- Dumping data for table `auction`
--

LOCK TABLES `auction` WRITE;
/*!40000 ALTER TABLE `auction` DISABLE KEYS */;
INSERT INTO `auction` VALUES (161,'2024-10-08 19:20:12.596851',_binary '\0','2024-10-09 15:01:57.027634',NULL,33333,'1111','2024-10-11 19:20:12.591527',130000,802,111111,'7163778e-ca12-49f4-b900-f102d7976fcb.jpg','γ…γ…γ…',803),(162,'2024-10-08 20:07:14.117680',_binary '\0','2024-10-08 20:08:10.221334',NULL,96,'321321','2024-10-11 20:07:14.115322',400,902,321,'90c2294c-df57-469c-b61d-112023f2c53d.jpg','μ μ°μ¤€ λ“¤μ–΄μ™€λΌ',706),(163,'2024-10-08 20:08:02.143286',_binary '\0','2024-10-08 20:08:10.026345',NULL,96,'321','2024-10-11 20:08:02.141794',321,-1,321,'634f726c-ca4f-4978-94aa-ce08f50d24c6.jpg','321',706),(164,'2024-10-09 14:29:33.277496',_binary '\0','2024-10-09 14:35:27.129855',NULL,900,'νλ‹λ‹¤','2024-10-16 14:29:33.273546',21000,1053,20000,'3292f9c6-c5a6-4a1d-a79c-1cbad3fd863f.jpg','λΈ”λ£¨ν¬μ¤ μ΄μ–΄ν° ν”μ•„μ”',1059),(165,'2024-10-09 14:44:35.803924',_binary '\0','2024-10-09 14:45:22.695225',NULL,96,'321','2024-10-12 14:44:35.801427',500,1059,321,'ce848671-5b00-46d0-a6cf-e38b889e2098.png','3321321321',1058),(166,'2024-10-09 15:08:22.773834',_binary '\0','2024-10-09 15:09:09.171575',NULL,30,'xxxxxxxxxxxxxxxxxxxxxxxxxxxxxxxxxxxxxxxxxxxxxxxxxxxxxxxxxxxxxxxxxxxxxxxxxxxxxxxxxxxxxxxxxxxxxxxxxxxxxxxxxxxxxxxxxxxxxxxxxxxxxxxxxxxxxxxxxxxxxxxxxxxxxxxxxxxxxxxxxxxxxxxxxxxx','2024-10-12 15:08:22.771655',220,802,100,'1bd49480-1603-46f8-b46f-334359e4d290.jpg','x',803),(167,'2024-10-09 15:10:41.942988',_binary '','2024-10-09 15:10:41.942988',NULL,333,'xxxxxxxxxxxxxxxxxxxxxxxxxxxxxxxxxxxxxxxxxxxxxxxxxxxxxxxxxxxxxxxxxxxxxxxxxxxxxxxxxxxxxxxxxxxxxxxxxxxxxxxxxxxxxxxxxxxxxxxxxxxxxxxxxxxxxxxxxxxxxxxxxxxxxxxxxxxxxxxxxxxxxxxx','2024-10-12 15:10:41.940566',1111,-1,1111,'ad453080-706e-4af1-8bf4-93d7e163ec83.png','z',803),(168,'2024-10-09 15:26:54.717225',_binary '','2024-10-09 15:26:54.717225',NULL,24000,'μ΄κ±° λ°©νƒ„μ λ¦¬μ…λ‹λ‹¤','2024-10-14 15:26:54.715313',80000,-1,80000,'d5c6054a-bc0b-4729-b3ce-ea6097b05642.jfif','μ λ¦¬ νλ‹λ‹¤',1056),(169,'2024-10-09 15:33:11.707640',_binary '\0','2024-10-09 15:33:22.914626',NULL,3963,'321','2024-10-12 15:33:11.705044',13213,-1,13213,'dae1d39e-03b2-4a0e-bbda-6c2bc2bf527e.png','32132',706),(170,'2024-10-09 15:56:52.809422',_binary '','2024-10-09 15:56:52.809422',NULL,3,'0γ…γ…γ…γ…γ…γ…γ…γ…γ…γ…γ…γ…γ…γ…γ…γ…γ…γ…γ…γ…γ…γ…γ…γ…γ…γ…γ…γ…γ…γ…γ…γ…γ…γ…γ…γ…γ…γ…γ…γ…γ…γ…γ…γ…γ…γ…γ…γ…γ…γ…γ…γ…γ…γ…γ…γ…γ…γ…γ…γ…γ…γ…γ…γ…γ…γ…γ…γ…γ…γ…γ…γ…γ…γ…γ…γ…γ…γ…γ…γ…γ…γ…γ…γ…γ…γ…γ…γ…γ…','2024-10-12 15:56:52.794578',10,-1,10,'9d81841e-1186-49d3-826a-1848addc27f5.png','γ…γ…γ…γ…γ…‹γ…‹γ…‹γ…‹γ…‹γ…‹γ…‹γ…‹γ…‹γ…‹γ…‹γ…‹γ…‹γ…‹γ…‹γ…‹γ…‹γ…‹γ…‹γ…‹γ…‹γ…‹γ…‹γ…‹γ…‹γ…‹γ…‹γ…‹γ…‹γ…‹γ…‹γ…‹γ…‹γ…‹γ…‹γ…‹γ…‹γ…‹γ…‹γ…‹γ…‹γ…‹γ…‹γ…‹',803),(171,'2024-10-09 16:56:43.734734',_binary '','2024-10-09 17:07:37.704659',NULL,3333,'xxxxx','2024-10-12 16:56:43.726743',11113,1058,11112,'c393d057-98d2-4a3f-bfa9-40b0d95b99d8.png','xxxxx',452),(172,'2024-10-09 17:01:57.036736',_binary '','2024-10-09 17:01:57.036736',NULL,300,'123','2024-10-12 17:01:57.034406',1000,-1,1000,'e2d0f5b4-f5e6-4a04-ba5a-da878983aa65.png','123',1059),(173,'2024-10-09 17:20:34.955405',_binary '\0','2024-10-09 17:29:31.685729',NULL,96396,'321321','2024-10-12 17:20:34.949724',321321,-1,321321,'054ed6d1-3c55-48ef-aabf-ad7eb4d11b22.jpg','321',1058),(174,'2024-10-09 17:21:01.542658',_binary '\0','2024-10-09 17:29:26.999034',NULL,300,'321','2024-10-12 17:21:01.540914',1200,706,1000,'f8413e41-4506-42c9-b3d4-6a7cebe183e3.jpg','321',1058),(175,'2024-10-09 17:29:45.690677',_binary '\0','2024-10-10 10:32:13.951152',NULL,300,'321321','2024-10-12 17:29:45.688254',6000,706,4000,'72a94f81-7e4f-4b91-9bcc-2495b8a33ccd.jpg','γ…γ…‡γ…γ…‡',1058),(176,'2024-10-09 17:33:18.194009',_binary '\0','2024-10-09 17:35:01.220312',NULL,1500,'230 μ¬λ¦¬νΌ κΈ‰μ² ','2024-10-12 17:33:18.192083',5000,-1,5000,'e1b9a75e-08e4-47b9-afd0-08131055d0dd.jpg','μ¬λ¦¬νΌ ν”μ•„μ”',1060),(177,'2024-10-09 17:38:39.754375',_binary '\0','2024-10-09 17:39:15.293577',NULL,90,'λ…ΈνΈλ¶ νλ‹λ‹¤.λ…ΈνΈλ¶ νλ‹λ‹¤.λ…ΈνΈλ¶ νλ‹λ‹¤.λ…ΈνΈλ¶ νλ‹λ‹¤.λ…ΈνΈλ¶ νλ‹λ‹¤.λ…ΈνΈλ¶ νλ‹λ‹¤.λ…ΈνΈλ¶ νλ‹λ‹¤.λ…ΈνΈλ¶ νλ‹λ‹¤.λ…ΈνΈλ¶ νλ‹λ‹¤.λ…ΈνΈλ¶ νλ‹λ‹¤.λ…ΈνΈλ¶ νλ‹λ‹¤.λ…ΈνΈλ¶ νλ‹λ‹¤.λ…ΈνΈλ¶ νλ‹λ‹¤.λ…ΈνΈλ¶ νλ‹λ‹¤.λ…ΈνΈλ¶ νλ‹λ‹¤.λ…ΈνΈλ¶ νλ‹λ‹¤.λ…ΈνΈλ¶ νλ‹λ‹¤.λ…ΈνΈλ¶ νλ‹λ‹¤.λ…ΈνΈλ¶ νλ‹λ‹¤.λ…ΈνΈλ¶ νλ‹λ‹¤.λ…ΈνΈλ¶ νλ‹λ‹¤.λ…ΈνΈλ¶ νλ‹λ‹¤.λ…ΈνΈλ¶ νλ‹λ‹¤.λ…ΈνΈλ¶ νλ‹λ‹¤.','2024-10-12 17:38:39.752188',300,-1,300,'656c89bc-680e-4368-8736-49b3525ab86d.jpg','λ…ΈνΈλ¶ νλ‹λ‹¤.λ…ΈνΈλ¶ νλ‹λ‹¤.λ…ΈνΈλ¶ νλ‹λ‹¤.λ…ΈνΈλ¶ νλ‹λ‹¤.λ…ΈνΈλ¶ νλ‹λ‹¤.λ…ΈνΈλ¶ νλ‹λ‹¤.λ…ΈνΈλ¶ νλ‹λ‹¤.λ…ΈνΈλ¶ νλ‹λ‹¤.',802),(178,'2024-10-09 17:39:57.368399',_binary '','2024-10-09 17:43:49.398284',NULL,4500,'μμ ν”μ•„μ”.\r\nκ±°μ μƒκ²λ‹λ‹¤.','2024-10-12 17:39:57.365973',30000,1058,20000,'199576d1-54ac-49d4-ba9f-d8851c62b493.jpg','μμ νλ‹λ‹¤!!!!',1053),(179,'2024-10-09 17:53:14.140201',_binary '\0','2024-10-09 18:54:57.856271',NULL,9000,'μ‹Έκ² νλ‹λ‹¤.','2024-10-12 17:53:14.133990',350000,1053,30000,'4b1a2e23-53bf-4088-8cbe-bf924f2d0edd.jpg','λ…ΈνΈλ¶ νλ‹λ‹¤.',802),(180,'2024-10-09 17:58:10.284084',_binary '\0','2024-10-09 17:59:19.191403',NULL,300,'123','2024-10-12 17:58:10.280774',1000,-1,1000,'f2c387c6-1521-4ea6-8624-fab7bcff86e3.png','123',902),(181,'2024-10-09 17:59:59.446065',_binary '','2024-10-09 20:17:24.731863',NULL,45000,'','2024-10-12 17:59:59.442735',200000,852,150000,'aa6d0100-ac41-4865-aebb-7732e3eae5cf.jpg','μμ ν”μ•„μ”!',452),(182,'2024-10-09 18:01:32.915921',_binary '\0','2024-10-09 18:03:42.158852',NULL,9000,'μ¤‘κ³ ν° 30000μ› ν”μ•„μ©','2024-10-12 18:01:32.913110',30000,-1,30000,'fa740a5c-dd05-449f-91d9-4aa5683d52ce.jfif','μ¤‘κ³ ν° κ°¤λ­μ‹ νλ‹λ‹¤',802),(183,'2024-10-09 18:02:47.164002',_binary '','2024-10-09 20:23:31.608649',NULL,4500,'λ¬΄μ„  λΈ”λ£¨ν¬μ¤ λ§μ°μ¤ ν”μ•„μ”','2024-10-12 18:02:47.162000',17000,952,16000,'d3e17087-936a-4a42-9f27-065affac995f.jpg','λ¬΄μ„  λ§μ°μ¤ ',802),(184,'2024-10-09 18:03:33.133824',_binary '','2024-10-09 20:19:57.549044',NULL,19500,'μ΅°λ… νλ‹λ‹¤!!!\r\nμ •κ°€ 125,000μ› 65,000μ›μ— νλ‹λ‹¤!!!!','2024-10-12 18:03:33.131382',70000,1053,65001,'1ba22eca-ad8b-4814-a731-36addad86ed1.jpg','λ†“μΉμ§€λ§μ„Έμ”!!! 125000 μ΅°λ…  65,000μ›!!!!!',803),(185,'2024-10-09 18:03:33.845174',_binary '','2024-10-09 20:21:38.441358',NULL,6900,'μ§„μ§ μ‹Έκ² νλ” κ±°μ—μ ','2024-10-12 18:03:33.843646',30000,852,23000,'a323c36e-adbb-425d-b051-e7bddb192f18.jpg','λ μ¤ν΄λ“ ν‚¤λ³΄λ“ μ‹Έκ² νλ‹λ‹¤.',802),(186,'2024-10-09 18:07:10.447610',_binary '','2024-10-09 20:28:18.057661',NULL,1500,'μƒ μƒν’ μ…λ‹λ‹¤\r\n\r\nμ΄κ³ ν™”μ§ μ§€μ› 1.4μΌ€μ΄λΈ”\r\n\r\n8K premium\r\n\r\nν™λ¶ /λ°ν’ X','2024-10-12 18:07:10.445191',7000,902,6000,'72a099c7-3525-4285-9667-f14d5d6db40d.jpg','μ”½ν¬μ›¨μ΄ λ©€ν‹°ν¬νΈ 5000μ›',1053),(187,'2024-10-09 18:13:04.052844',_binary '','2024-10-09 20:30:36.364745',NULL,1500,'230μΈλ° λ”± λ§κ² λ‚μ™€μ„ \r\nλ„‰λ„‰ν•κ² μ‹ μΌμ‹λ ¤λ©΄ 235 λ¶„λ“¤μ—κ² μ¶”μ²ν•©λ‹λ‹¤\r\nμ‚¬μ©κ° μΆ€ μμµλ‹λ‹¤ κ°μ•ν•κ³  κµ¬λ§¤ν•΄ μ£Όμ„Έμ”','2024-10-12 18:13:04.051287',10000,707,8000,'d3452240-7eb7-4ff3-8590-e73477f50a6d.jpg','μ•νƒ€ν• λ¦¬μ»¤λ²„λ¦¬ μ¬λ¦¬νΌ (230) ',952),(188,'2024-10-09 18:16:23.319805',_binary '','2024-10-09 21:12:24.692767',NULL,2250,'λ²„ν‹°μ»¬ λ§μ°μ¤ μΈμ²΄κ³µν•™ μ†λ©λ³΄νΈ λ§μ°μ¤ νλ‹λ‹¤\r\n\r\nμ‚¬μ§„μ΄λ‘ λ‘κ°™μµλ‹λ‹¤\r\nλ‹Ήμ—°ν μ‘λ™ μ λ©λ‹λ‹¤\r\nλΈ”λ£¨ν¬μ¤λ΅ μ΄μ©ν•μ‹λ©΄ λ©λ‹λ‹¤\r\nλ΅μ§€ν… MX λ“±λ“± μ—¬λ¬ μ¨λ³΄κ³  μ—¬λ¬ μΆ…λ¥ λ§μ°μ¤ μ¨λ΄¤μ§€λ§\r\nμ§„μ§ κ΄μ°®μ€ λ§μ°μ¤μ…λ‹λ‹¤\r\nν™•μ‹¤ν λ²„ν‹°μ»¬ λ§μ°μ¤κ°€ μ†λ©μ— λ¬΄λ¦¬κ°€ λ κ°€κ³  μΆ‹μµλ‹λ‹¤\r\nμ§‘μ— λ§μ°μ¤κ°€ λ§μ•„μ„ μ²λ¶„ν•©λ‹λ‹¤','2024-10-14 18:16:23.317181',80000,1053,11000,'07f649b9-a41a-401a-8c1c-a2eb034c3e67.jpg','λ²„ν‹°μ»¬ λ§μ°μ¤ μΈμ²΄κ³µν•™ μ†λ©λ³΄νΈ λ§μ°μ¤ κΈ‰μ²',952),(190,'2024-10-09 18:19:25.661335',_binary '','2024-10-09 21:11:59.826765',NULL,29700,'μ‚Όμ„± κ°¤λ­μ‹ λ²„μ¦ ν”λ¬μ¤μ΄κµ¬μ”. μƒ‰μƒμ€ ν™”μ΄νΈμ…λ‹λ‹¤!\r\nμ§„μ§ κΉ¨λ—ν•κ² μ‚¬μ©ν–λ”λ° λ‚™μ°°μλ¶„κ» μ¶©μ „κΈ° ν¬ν•¨ν•΄μ„ κ°™μ΄ λ“λ ¤μ”~!','2024-10-16 18:19:25.658711',150000,1053,100000,'cd1a17ab-3c66-444f-926e-f0f06cfa7dfe.jpg','κ°¤λ­μ‹ λ²„μ¦ ν”λ¬μ¤ λΈ”λ£¨ν¬μ¤ μ΄μ–΄ν° ν”μ•„μ”!',902),(192,'2024-10-09 18:20:54.613926',_binary '','2024-10-09 20:25:44.329495',NULL,2100,'μΆ€ μ¤λ μ“°κΈ΄ν–μ§€λ§... μƒνƒ λ©€μ©΅ν•΄μ”\r\nμ‹Έκ² ν”μ•„μ”!','2024-10-14 18:20:54.612016',5555555,802,800000,'b7ffa795-3c06-4aad-85a2-5be9babab2e1.jpg','ν—¤μ§€μ¤ACC κ°€μ£½ μΉ΄λ“μ§€κ°‘ μ‹Έκ² ν”μ•„μ”!',902),(193,'2024-10-09 20:15:35.838589',_binary '\0','2024-10-09 20:24:28.987255',NULL,210,'22','2024-10-14 20:15:35.835541',200000000,852,30000000,'bfc0a3f0-7c5e-45a2-a8df-fb17d42eb804.png','UCC μ μ‘ λ„μ™€λ“λ¦½λ‹λ‹¤ μΈλ ¥μ‚¬λ¬΄μ† ν™©νƒκ±΄',902),(194,'2024-10-09 20:26:25.875180',_binary '\0','2024-10-09 20:30:12.635971',NULL,300,'123','2024-10-12 20:26:25.873220',2000,1053,1500,'0d1334bd-6cda-4630-b0d4-a38a3dfa5c43.png','123',902),(195,'2024-10-09 20:56:20.404127',_binary '\0','2024-10-09 20:56:55.682527',NULL,3,'μ–','2024-10-12 20:56:20.398144',100,708,10,'0faf690f-57fe-4ae2-9b0c-8ccce840d4eb.jpg','diq',1053),(196,'2024-10-09 21:20:30.677731',_binary '','2024-10-09 21:20:30.677731',NULL,1500,'15μΈμΉκΉμ§€ λ„‰λ„‰ν•κ² λ“¤μ–΄κ°‘λ‹λ‹¤\r\nμ‚¬μ©κ° μ κ³  νΌνΌν•΄μ” μ§€νΌ λ§κ°λ„ μ•μ½μΌλ΅ λμ–΄ μμ–΄μ„ μΆ‹μ•„μ”\r\nμ•μ— μ£Όλ¨Έλ‹λ„ μμ–΄μ„ λ§μ°μ¤λ‚ μ¶©μ „κΈ° λ„£κΈ° μΆ‹μµλ‹λ‹¤\r\nμƒ νμ°μΉ μ‚¬μ„ μ²λ¶„ν•΄μ”~ \r\n','2024-10-12 21:20:30.652983',5000,-1,5000,'7929e602-e3f2-42f0-bbc2-40c03b8461f1.jpg','λ…ΈνΈλ¶ νμ°μΉ ν”μ•„μ” ',708),(197,'2024-10-09 21:24:46.086954',_binary '\0','2024-10-09 21:25:18.906050',NULL,0,'γ…','2024-10-12 21:24:46.084609',5000,802,1,'40106b90-919d-4873-8f09-66911bb0c97d.jpg','γ…',1053),(198,'2024-10-09 21:28:51.243438',_binary '\0','2024-10-09 21:29:53.385935',NULL,30,'1','2024-10-12 21:28:51.241912',5000,802,100,'87452c02-5bf6-45f1-8dd2-b41c3f876aca.jpg','x',1053),(199,'2024-10-09 21:28:51.896308',_binary '','2024-10-09 21:28:51.896308',NULL,30,'1','2024-10-12 21:28:51.893849',100,-1,100,'0cbb9e4e-1c93-4250-a424-d86b29e6ad07.jpg','x',1053),(200,'2024-10-09 21:31:00.003124',_binary '\0','2024-10-09 21:31:20.266960',NULL,33,'111','2024-10-12 21:31:00.001643',5000,802,110,'c62c90df-73b5-45ff-8f67-d6c6ecaf9ded.jpg','z',1053),(201,'2024-10-09 21:31:29.074964',_binary '\0','2024-10-09 21:31:38.292182',NULL,900,'μ €λ” μ΄μ  ν–‰μ΄μ΄ μ¶©λ¶„ν•΄μ„ νλ‹λ‹¤ \r\nμ£Όλ¨Ή λ§ν•΄μ„ κ·€μ—¬μ›μ” κ±°λ¶μ΄ μ§±','2024-10-12 21:31:29.072845',3000,-1,3000,'83dd367e-a8e8-4d37-b4ab-a354e8334dc0.jpg','ν–‰μ΄μ κ±°λ¶μ΄ ν• λ§λ¦¬ μ—…μ–΄κ°€μ„Έμ”~',1060),(202,'2024-10-09 21:32:45.868366',_binary '','2024-10-09 21:32:45.868366',NULL,233,'ν–‰μ΄μ κ±°λ¶μ΄ μΈν•μ΄μ—μ”\r\nμ €λ” μ΄μ  ν–‰μ΄μ΄ μ¶©λ¶„ν•΄μ„ ν”κ²μ”\r\nκ±°λ¶μ΄ κ·€μ—¬μ›μ” κ±°λ¶μ΄ μ§± ','2024-10-12 21:32:45.865692',777,-1,777,'4a9cc02f-9b99-4c5a-9324-312a4d965c5a.jpg','ν–‰μ΄μ κ±°λ¶μ΄ ν• λ§λ¦¬ μ—…μ–΄ κ°€μ„Έμ”~',1060),(203,'2024-10-09 21:35:35.650252',_binary '','2024-10-09 21:35:52.471396',NULL,3000,'123','2024-10-12 21:35:35.645760',12000,1058,10000,'54ff9c01-b626-4842-b42e-2fe3f0c4a470.png','123',902),(204,'2024-10-09 21:41:46.316620',_binary '','2024-10-09 21:41:46.316620',NULL,3,'γ…‹γ…‹γ…‹γ…‹γ…‹','2024-10-12 21:41:46.313708',10,-1,10,'2ff5f89a-9a21-451a-81d8-072d79ef6afe.jpg','γ…‹',1053),(205,'2024-10-09 21:43:32.922263',_binary '\0','2024-10-09 21:44:58.276274',NULL,30,'100','2024-10-12 21:43:32.899400',51000,1058,50000,'1c0b24f3-5f61-45a5-873a-cb1db98185d3.jpg','γ…',1053),(206,'2024-10-09 21:45:25.466990',_binary '','2024-10-10 19:12:29.785512',NULL,18000,'μ΄κ±° λ°©νƒ„μ λ¦¬μ…λ‹λ‹¤','2024-10-14 21:45:25.463648',650000,452,200000,'4d4fe2f7-515b-4885-8225-1a1df2df05f4.jfif','μ λ¦¬ μ‚¬κ°€μ„Έμ”',1056),(207,'2024-10-09 21:45:54.420523',_binary '','2024-10-10 19:05:44.571818',NULL,233,'ν–‰μ΄μ κ±°λ¶μ΄ μΈν•μ΄μ—μ”\r\nμ €λ” μ΄μ  ν–‰μ΄μ΄ μ¶©λ¶„ν•΄μ„ ν”μ•„μ”\r\nκ±°λ¶μ΄ κ·€μ—¬μ›μ” μ§±','2024-10-12 21:45:54.416878',20000,802,7777,'43e067c7-9d56-40d7-aac0-03db033578cf.jpg','ν–‰μ΄μ κ±°λ¶μ΄ ν• λ§λ¦¬ λ°λ ¤ κ°€μ„Έμ”~',1103),(208,'2024-10-09 21:45:55.487279',_binary '\0','2024-10-09 21:46:24.514836',NULL,3,'1','2024-10-12 21:45:55.484463',55555,802,10,'79e479a4-687c-426f-b15d-9cfd014ebff6.jpg','γ…',1053),(209,'2024-10-09 21:46:26.129411',_binary '\0','2024-10-11 09:32:30.694429',NULL,4500,'10μ›” 13μΌ μΈμ μ„± μ‹ν— λ€λΉ„ν•μ„Έμ”!! μλ‘μ€ μ•„λ‹μ§€λ§ λ¨μκ³ μ‚¬ ν•λ‚λ„ μ• ν’€μ—μµλ‹λ‹¤ γ…γ…','2024-10-16 21:46:26.127996',50000,803,15000,'8dd48741-7162-4ac3-a7de-0d412ead98db.jpg','LG μΈμ μ„± κµμ¬ νλ‹λ‹¤',1056),(210,'2024-10-09 21:46:58.629179',_binary '','2024-10-10 19:46:52.253307',NULL,29700,'μ‚Όμ„± κ°¤λ­μ‹ λ²„μ¦ ν”λ¬μ¤μ΄κµ¬μ”. μƒ‰μƒμ€ ν™”μ΄νΈμ…λ‹λ‹¤!\r\n μ§„μ§ κΉ¨λ—ν•κ² μ‚¬μ©ν–λ”λ° λ‚™μ°°μλ¶„κ» μ¶©μ „κΈ° ν¬ν•¨ν•΄μ„ κ°™μ΄ λ“λ ¤μ”~!','2024-10-16 21:46:58.627216',110000,1056,100000,'48589b1b-6ff2-4160-a95a-2cb0fe6e99bc.jpg','κ°¤λ­μ‹ λ²„μ¦ ν”λ¬μ¤ λΈ”λ£¨ν¬μ¤ μ΄μ–΄ν° ν”μ•„μ”!',902),(211,'2024-10-09 21:47:32.795440',_binary '','2024-10-09 22:26:58.326236',NULL,1500,'λ…ΈνΈλ¶ νμ°μΉ νλ‹λ‹¤\r\n15μΈμΉ λ…ΈνΈλ¶ λ”± λ§κ² λ“¤μ–΄κ°‘λ‹λ‹¤\r\nμ•μ— μ£Όλ¨Έλ‹ μμ–΄μ„ λ§μ°μ¤ μ¶©μ „κΈ° λ„£κΈ°λ„ μΆ‹κ³ \r\nμ§€νΌ λ§κ°μ΄ κΉ”λ”ν•΄μ„ μΆ‹μ•„μ”~ \r\nλ‹¤λ¥Έ νμ°μΉ μƒκ²¨μ„ μ²λ¶„ν•΄μ” γ…γ… ','2024-10-12 21:47:32.792764',10000,1152,8000,'0c67f590-162f-4365-bf4a-915736906d10.jpg','15μΈμΉ λ…ΈνΈλ¶ νμ°μΉ νλ‹λ‹¤ ',1103),(212,'2024-10-09 21:47:41.258361',_binary '','2024-10-10 10:31:52.031285',NULL,2100,'μ©λ‰μ€ μ΅°κΈ μ‘κΈ΄ ν•λ° (500ml) ν•λ² μ“°κ³  λΉ΅λΉ΅ ν—Ήκ¶λ†”μ„ κΉ¨λ—ν•©λ‹λ‹¤!!!','2024-10-14 21:47:41.256432',7200,1058,7100,'866e9154-fe2d-437c-b2ea-b3b08e29ceca.jpg','ν…€λΈ”λ¬ μ—…μ–΄κ°€μ‹¤ λ¶„',1056),(213,'2024-10-09 21:48:02.786801',_binary '\0','2024-10-09 21:49:15.653929',NULL,300,'γ…‹γ…γ…‹γ…','2024-10-12 21:48:02.784853',33333,802,1000,'6690e590-ecdb-4a35-83b6-241864c3ab8e.jpg','γ…‹γ…‹γ…‹γ…‹',1053),(214,'2024-10-09 21:48:26.290345',_binary '\0','2024-10-10 19:13:20.360066',NULL,2100,'μΆ€ μ¤λ μ“°κΈ΄ν–μ§€λ§... μƒνƒ λ©€μ©΅ν•΄μ”\r\n μ‹Έκ² ν”μ•„μ”!','2024-10-14 21:48:26.287867',90000,802,10000,'62bf4300-9473-4f3d-832f-2a3e1f995b3c.jpg','ν—¤μ§€μ¤ACC κ°€μ£½ μΉ΄λ“μ§€κ°‘ μ‹Έκ² ν”μ•„μ”!',902),(215,'2024-10-09 21:51:10.031545',_binary '\0','2024-10-10 19:13:16.411011',NULL,3000,'λ§¨λ‚  μ‹ κ³  λ‹¤λ…€μ„ μ°©μ©κ°μ€ μΆ‹μΌμ‹¤ν…λ° μ‚¬μ©κ°μ€ μμ–΄μ” \r\n230~235 μΈ λ¶„λ“¤ μ λ§μΌμ‹¤λ“―μ”\r\nλ§λ‘ν• μ¬μ§ μ•„λ‹λΌ λ”±λ”±ν• μ¬μ§μ΄λΌ κ°μ•ν•κ³  κµ¬λ§¤ν•΄ μ£Όμ„Έμ”','2024-10-12 21:51:10.030323',3333333,802,500001,'e776faa1-3f5e-4784-90f3-a5becd85241b.jpg','μ•νƒ€ν• λ¦¬μ»¤λ²„λ¦¬ μ¬λ¦¬νΌ 230',1103),(216,'2024-10-09 21:57:32.730653',_binary '\0','2024-10-10 11:20:36.002058',NULL,30000,'μ μ“°λ‹¤κ°€ μƒ λ¨λ‹ν„°κ°€ μƒκ²¨μ„ μ²λ¶„ν•©λ‹λ‹¤.\r\nλ””μμΈμ΄ ν¬λ°•ν•μ§€λ§ μ‚¬λ¬΄μ©μΌλ΅λ” μ΄λ§ν• κ² μ—†μµλ‹λ‹¤ \r\nIPS ν¨λ„μ΄λΌ μ‹μ•Όκ°μ΄ λ‹¬λΌλ„ μ λ³΄μ—¬μ„ κ²μ„μ©μΌλ΅λ„ μ¶”μ²ν•©λ‹λ‹¤.\r\n','2024-10-14 21:57:32.727278',500000,1053,420000,'a312c4af-c73c-4c17-8d3c-3cec0ab8d5c8.jpg','LG λ¨λ‹ν„° νλ‹λ‹¤',1103),(217,'2024-10-09 22:03:23.978367',_binary '\0','2024-10-09 22:04:01.525992',NULL,3,'oooo','2024-10-12 22:03:23.975561',55555,802,10,'99a215e9-7ef4-4432-8b45-b2c0422f7785.jpg','oooo',1053),(218,'2024-10-09 22:05:43.429928',_binary '','2024-10-09 22:05:43.429928',NULL,303030,'weeeee','2024-10-12 22:05:43.427642',1010101,-1,1010101,'d041657d-cc3e-4281-a251-9e41af07b542.jpg','eeee',1053),(219,'2024-10-09 22:07:00.827990',_binary '\0','2024-10-09 22:07:15.170963',NULL,3,'xx','2024-10-12 22:07:00.826724',10,-1,10,'721c8dcd-79a6-49dd-a098-c3b06ad112a2.jpg','xx',1053),(220,'2024-10-09 22:07:27.715581',_binary '\0','2024-10-09 22:07:44.368720',NULL,3,'x','2024-10-12 22:07:27.713912',550,802,10,'b8d5782f-4ef7-4cc4-be27-3f38f7218d94.jpg','x',1053),(221,'2024-10-09 22:12:39.746965',_binary '','2024-10-09 22:12:55.274761',NULL,3,'xxxxz','2024-10-12 22:12:39.743807',100,802,10,'08622e3e-47fe-49ab-a142-1603c897362a.jpg','11111',1053),(222,'2024-10-09 22:16:25.889570',_binary '\0','2024-10-09 22:26:44.105676',NULL,3,'11111','2024-10-12 22:16:25.887971',5555,802,10,'eff99d90-4be3-445b-ab8c-6e538ad096cf.jpg','222',1053),(223,'2024-10-09 22:31:16.532888',_binary '','2024-10-09 22:31:16.532888',NULL,3,'γ…','2024-10-12 22:31:16.529080',10,-1,10,'81026008-9c23-4d42-a9ec-7ab688f259ed.jpg','λ°°μ†΅λ“±λ΅',1053),(224,'2024-10-09 22:31:18.386582',_binary '','2024-10-09 22:31:18.386582',NULL,3,'γ…','2024-10-12 22:31:18.384230',10,-1,10,'42b37341-a357-431c-825c-e707b29c260d.jpg','λ°°μ†΅λ“±λ΅',1053),(225,'2024-10-09 22:31:19.003321',_binary '','2024-10-10 09:17:37.096897',NULL,3,'γ…','2024-10-12 22:31:19.001920',15,452,10,'97ee7739-e048-4b90-be7b-2733d4262aa3.jpg','λ°°μ†΅λ“±λ΅',1053),(226,'2024-10-09 22:31:35.603594',_binary '\0','2024-10-09 22:34:08.224269',NULL,3,'γ…','2024-10-12 22:31:35.600838',330,802,10,'b1ecc7d2-4f98-406d-a88c-1eed3c8e289b.jpg','λ°°μ†΅λ“±λ΅μ΄μ”',1053),(227,'2024-10-09 22:31:47.656785',_binary '\0','2024-10-09 22:32:53.168973',NULL,3,'γ…‹','2024-10-12 22:31:47.654764',550,802,10,'90f78f7e-f8f7-4b9a-9634-8a3769eb5e3f.jpg','λ°°μ†΅λ“±λ΅μ•ν•©λ‹λ‹¤',1053),(228,'2024-10-09 22:42:46.077532',_binary '\0','2024-10-09 22:43:19.077998',NULL,3,'γ…','2024-10-12 22:42:46.074462',100,802,10,'f9368c05-95ce-4514-b743-5912f34c6a79.jpg','γ…γ…γ…',1053),(229,'2024-10-09 22:47:07.870167',_binary '\0','2024-10-09 22:48:12.878812',NULL,3,'γ…','2024-10-12 22:47:07.868179',15,802,10,'cca8f9f6-6cc8-49ca-a0a5-b19ed11789d1.jpg','γ…',1053),(230,'2024-10-09 22:51:25.976997',_binary '\0','2024-10-09 22:51:46.532089',NULL,3,'zx','2024-10-12 22:51:25.975476',15,802,10,'19a36d87-3d20-4cfc-8b77-2b2cf9fcae83.jpg','x',1053),(231,'2024-10-09 22:54:46.345809',_binary '\0','2024-10-09 22:55:03.611625',NULL,3,'d','2024-10-12 22:54:46.343114',15,802,10,'ae1d788d-2877-4144-93a3-39291a86959f.png','d',1053),(232,'2024-10-09 22:56:44.819126',_binary '\0','2024-10-09 22:57:10.274915',NULL,0,'1','2024-10-12 22:56:44.817300',2,802,1,'858e5e40-c492-4c85-948b-a988695a9252.jpg','1',1053),(233,'2024-10-09 23:08:19.477500',_binary '\0','2024-10-09 23:08:36.702753',NULL,0,'1','2024-10-12 23:08:19.474941',3,802,1,'050ba7dc-a6db-4e42-81cc-ce952203392b.jpg','1',1053),(234,'2024-10-10 08:45:00.421829',_binary '\0','2024-10-10 09:09:22.572832',NULL,3,'x','2024-10-13 08:45:00.376938',15,452,10,'4dbca142-3a39-4fa3-8a1f-54e48c0747cf.jpg','x',1053),(235,'2024-10-10 08:45:04.637487',_binary '\0','2024-10-10 08:46:26.129184',NULL,3,'x','2024-10-13 08:45:04.300947',100,452,10,'cf47ea79-f529-4b46-82e3-2f2e05b0b19c.jpg','x',1053),(236,'2024-10-10 09:18:41.778010',_binary '\0','2024-10-10 09:19:24.531794',NULL,0,'x','2024-10-13 09:18:41.742966',3,452,1,'2aaee696-d161-4745-8dbb-88b040c8e413.png','x',1053),(237,'2024-10-10 09:24:08.459595',_binary '\0','2024-10-10 09:24:30.798842',NULL,0,'1','2024-10-13 09:24:08.448579',20,452,1,'4ff56ec5-5606-4f55-a4f5-1e9e2549a169.png','s',1053),(238,'2024-10-10 09:24:22.228624',_binary '\0','2024-10-10 09:36:41.764869',NULL,0,'21','2024-10-13 09:24:22.190623',2,802,1,'6ec259b3-7185-4fd9-abd1-cc5fad86ae1a.jpg','1',1202),(239,'2024-10-10 09:24:23.768939',_binary '\0','2024-10-10 09:36:25.627113',NULL,0,'21','2024-10-13 09:24:23.744210',5,802,1,'1bd5499c-c549-47ab-a370-38b685a141dc.jpg','1',1202),(240,'2024-10-10 09:25:00.495083',_binary '\0','2024-10-10 09:36:10.642780',NULL,1,'4','2024-10-13 09:25:00.446365',5,802,4,'026c7713-d6d4-4838-9843-eea8ab1607a4.jpg','3',1202),(241,'2024-10-10 09:26:44.863669',_binary '\0','2024-10-10 09:35:54.890205',NULL,1,'44444','2024-10-13 09:26:44.832584',5,802,4,'bd3a62a8-fab7-43d8-9b06-80fc1ea6e7fd.jpg','32',1202),(242,'2024-10-10 09:27:06.322107',_binary '\0','2024-10-10 09:35:37.805439',NULL,9,'44','2024-10-13 09:27:06.294082',55,802,33,'815e0f4b-c10b-4b30-8d97-d576ea830441.jpg','323',1202),(243,'2024-10-10 09:27:22.644426',_binary '\0','2024-10-10 09:35:19.819275',NULL,0,'3','2024-10-13 09:27:22.617409',5,802,3,'53ae338c-9b29-4746-8cfc-c9883a960837.jpg','3',1202),(244,'2024-10-10 09:27:23.380122',_binary '\0','2024-10-10 09:34:57.830957',NULL,0,'3','2024-10-13 09:27:23.351176',5,802,3,'4c36473c-9412-4aa2-abbd-e68ac45a6aff.jpg','3',1202),(245,'2024-10-10 09:27:24.404057',_binary '\0','2024-10-10 09:34:13.819052',NULL,0,'3','2024-10-13 09:27:24.373027',4,802,3,'a5721e9c-5e9b-4ccd-9f7e-398d75eccbca.jpg','3',1202),(246,'2024-10-10 09:27:40.690186',_binary '\0','2024-10-10 09:33:55.091732',NULL,36936,'12323','2024-10-13 09:27:40.673281',222222,802,123123,'96afdcbf-b356-4790-954c-8fb6817a24f3.jpg','123123',1202),(247,'2024-10-10 09:27:41.394261',_binary '\0','2024-10-10 09:33:12.532389',NULL,36936,'12323','2024-10-13 09:27:41.368769',555555,802,123123,'074f66b5-16a1-4c66-ae36-0391ff02fb77.jpg','123123',1202),(248,'2024-10-10 09:28:15.659949',_binary '\0','2024-10-10 09:32:19.700168',NULL,0,'zz','2024-10-13 09:28:15.610991',5000,802,2,'0f3cc807-45cb-4ecb-bd76-e9fbb144e627.jpg','zzzz',1202),(249,'2024-10-10 09:34:04.415474',_binary '\0','2024-10-10 09:34:15.065228',NULL,2100,'λ…ΈνΈλ¶ νμ°μΉ νλ‹λ‹¤\r\n15μΈμΉ λ…ΈνΈλ¶ λ”± λ§κ² λ“¤μ–΄κ°‘λ‹λ‹¤\r\nμ•μ— μ£Όλ¨Έλ‹ μμ–΄μ„ λ§μ°μ¤ μ¶©μ „κΈ° λ„£κΈ°λ„ μΆ‹κ³ \r\nμ§€νΌ λ§κ°μ΄ κΉ”λ”ν•΄μ„ μΆ‹μ•„μ”~\r\nλ‹¤λ¥Έ νμ°μΉ μƒκ²¨μ„ μ²λ¶„ν•΄μ” γ…γ…','2024-10-13 09:34:04.413307',7000,-1,7000,'a55ed3e6-ee5a-47eb-a54c-cbc861417e7c.jpg','15μΈμΉ λ…ΈνΈλ¶ νμ°μΉ νλ‹λ‹¤',952),(250,'2024-10-10 09:34:42.158201',_binary '\0','2024-10-10 09:39:00.953655',NULL,2100,'λ…ΈνΈλ¶ νμ°μΉ νλ‹λ‹¤\r\n15μΈμΉ λ…ΈνΈλ¶ λ”± λ§κ² λ“¤μ–΄κ°‘λ‹λ‹¤\r\nμ•μ— μ£Όλ¨Έλ‹ μμ–΄μ„ λ§μ°μ¤ μ¶©μ „κΈ° λ„£κΈ°λ„ μΆ‹κ³ \r\nμ§€νΌ λ§κ°μ΄ κΉ”λ”ν•΄μ„ μΆ‹μ•„μ”~\r\nλ‹¤λ¥Έ νμ°μΉ μƒκ²¨μ„ μ²λ¶„ν•΄μ” γ…γ…','2024-10-13 09:34:42.156378',8000,1152,7000,'d9d6cd55-4eef-4e42-967f-189cfeffb882.jpg','15μΈμΉ λ…ΈνΈλ¶ νμ°μΉ νλ‹λ‹¤',952),(251,'2024-10-10 09:39:26.930087',_binary '\0','2024-10-10 09:42:43.157324',NULL,0,'3','2024-10-13 09:39:26.924035',4,452,0,'db88609f-b451-4951-9614-339fa29f51e7.png','3',1053),(252,'2024-10-10 09:42:33.045598',_binary '\0','2024-10-10 09:47:59.910746',NULL,2100,'λ…ΈνΈλ¶ νμ°μΉ νλ‹λ‹¤\r\n15μΈμΉ λ…ΈνΈλ¶ λ”± λ§κ² λ“¤μ–΄κ°‘λ‹λ‹¤\r\nμ•μ— μ£Όλ¨Έλ‹ μμ–΄μ„ λ§μ°μ¤ μ¶©μ „κΈ° λ„£κΈ°λ„ μΆ‹κ³ \r\nμ§€νΌ λ§κ°μ΄ κΉ”λ”ν•΄μ„ μΆ‹μ•„μ”~\r\nλ‹¤λ¥Έ νμ°μΉ μƒκ²¨μ„ μ²λ¶„ν•΄μ” γ…γ…','2024-10-13 09:42:33.042294',10000,1152,7000,'8dbde843-04e6-4fcd-b60c-5654c8720d67.jpg','15μΈμΉ λ…ΈνΈλ¶ νμ°μΉ νλ‹λ‹¤',1103),(253,'2024-10-10 09:47:45.917043',_binary '\0','2024-10-10 09:48:33.713030',NULL,30,'μμ','2024-10-13 09:47:45.915211',150,452,100,'4b1a97e1-e8b7-4c68-b465-318a918b117a.jpg','μμ',1053),(254,'2024-10-10 10:39:27.804625',_binary '\0','2024-10-10 10:42:01.492677',NULL,3000,'μ‹ΈνΈλ¶ ν”μ•„μ”','2024-10-13 10:39:27.803000',51000,1058,50000,'21000407-8bd5-4a03-af25-14d758e4f060.jpg','μ‹ΈνΈλ¶ νλ‹λ‹¤!!!',1053),(255,'2024-10-10 10:44:11.884758',_binary '\0','2024-10-10 10:45:17.621084',NULL,3000,'μ‹ΈνΈλ¶!','2024-10-13 10:44:11.881992',13000,1058,12000,'ad6d7de7-41c6-40f1-8b2f-15fedb6e6a0d.jpg','μ‹ΈνΈλ¶ ν”μ•„μ”',1053),(256,'2024-10-10 10:51:33.618644',_binary '\0','2024-10-10 10:52:22.765808',NULL,3600,'λ§¨λ‚  μ‹ κ³  λ‹¤λ…€μ„ μ°©μ©κ°μ€ μΆ‹μΌμ‹¤ν…λ° μ‚¬μ©κ°μ€ μμ–΄μ”\r\n230~235 μΈ λ¶„λ“¤ μ λ§μΌμ‹¤λ“―μ”\r\nλ§λ‘ν• μ¬μ§ μ•„λ‹λΌ λ”±λ”±ν• μ¬μ§μ΄λΌ κ°μ•ν•κ³  κµ¬λ§¤ν•΄ μ£Όμ„Έμ”','2024-10-13 10:51:33.616613',15000,1152,12000,'e7332b95-f3a7-4b1a-a139-f603d7f2ccbb.jpg','μ•νƒ€ν• λ¦¬μ»¤λ²„λ¦¬ μ¬λ¦¬νΌ 230',1103),(257,'2024-10-10 16:11:06.009695',_binary '\0','2024-10-10 16:17:01.187287',NULL,0,'γ…','2024-10-13 16:11:06.004285',10,452,1,'fc35b95a-adb4-407d-9ef9-2146e19d0e78.png','γ…1',1053),(258,'2024-10-10 16:19:43.858737',_binary '\0','2024-10-10 16:20:26.561469',NULL,300,'[ν•κµ­μν™”λ² μ¤νΈ] μ•„μ €μ”¨/νƒμ‹μ΄μ „μ‚¬/μ¶”κ²©μ DVD νλ‹λ‹¤!','2024-10-13 16:19:43.856031',1600,1053,1000,'2df7dcab-6ab0-4905-9765-12a3058991a0.png','[ν•κµ­μν™”λ² μ¤νΈ] μ•„μ €μ”¨/νƒμ‹μ΄μ „μ‚¬/μ¶”κ²©μ DVD νλ‹λ‹¤!',452),(259,'2024-10-10 16:24:10.172636',_binary '\0','2024-10-10 16:25:28.569376',NULL,30,'μ•„μ €μ”¨ DVD κ±°μ μƒκ²λ‹λ‹¤.\r\n\r\nμ•„μ €μ”¨ DVD κ±°μ μƒκ²λ‹λ‹¤\r\n\r\n\r\nμ•„μ €μ”¨ DVD κ±°μ μƒκ²λ‹λ‹¤\r\n\r\nμ•„μ €μ”¨ DVD κ±°μ μƒκ²λ‹λ‹¤.','2024-10-13 16:24:10.170316',150,1053,130,'b6f656c6-3414-43d0-98c7-900a3f919938.png','μ•„μ €μ”¨ DVD ν”μ•„μ”',452),(260,'2024-10-10 16:47:50.441363',_binary '\0','2024-10-10 19:13:09.494002',NULL,60000,'μ—¬λ¦„μ΄ μ§€λ‚κ°€λ” κ΄€κ³„λ΅  μ—μ–΄μ»¨ μ“Έ μΌμ΄ μ—†μ–΄μ„ νλ‹λ‹¤.','2024-10-13 16:47:50.433706',222222,802,200000,'0aad8bf8-0a5b-491b-853b-f02657f945d0.jpg','μ—μ–΄μ»¨ νλ‹λ‹¤.',1058),(261,'2024-10-10 17:19:00.999182',_binary '\0','2024-10-10 17:20:42.726161',NULL,3,'[ν•κµ­μν™”λ² μ¤νΈ] μ•„μ €μ”¨/μ¶”κ²©μ/νƒμ‹μ΄μ „μ‚¬','2024-10-13 17:19:00.994643',20000,802,10001,'dbb4f0b9-f4c1-447e-83f1-67fd1c1002a6.png','[ν•κµ­μν™”λ² μ¤νΈ] μ•„μ €μ”¨/μ¶”κ²©μ/νƒμ‹μ΄μ „μ‚¬',1053),(262,'2024-10-10 17:24:49.869004',_binary '\0','2024-10-10 17:26:59.756743',NULL,3,'[ν•κµ­μν™”λ² μ¤νΈ]','2024-10-13 17:24:49.866446',1400,1060,1250,'d4dacb08-39e6-44fe-a79a-718187c9c348.png','[ν•κµ­μν™”λ² μ¤νΈ]',1053),(263,'2024-10-10 17:30:16.602423',_binary '\0','2024-10-10 17:31:41.472393',NULL,3,'[ν•κµ­μν™”]','2024-10-13 17:30:16.600319',1000000,1056,5000,'3569faf6-3e6c-4485-8f08-ee9463c60968.png','[ν•κµ­μν™”]',1053),(264,'2024-10-10 17:37:00.353955',_binary '\0','2024-10-10 17:38:06.290241',NULL,300,'[ν•κµ­μν™”λ² μ¤νΈ] μ•„μ €μ”¨/νƒμ‹μ΄μ „μ‚¬/μ¶”κ²©μ DVD ν”μ•„μ©\r\n[ν•κµ­μν™”λ² μ¤νΈ] μ•„μ €μ”¨/νƒμ‹μ΄μ „μ‚¬/μ¶”κ²©μ DVD ν”μ•„μ©\r\n[ν•κµ­μν™”λ² μ¤νΈ] μ•„μ €μ”¨/νƒμ‹μ΄μ „μ‚¬/μ¶”κ²©μ DVD ν”μ•„μ©','2024-10-13 17:37:00.351929',1500,1056,1000,'6c3e23da-9284-4f33-9fa8-a6e58cb84056.png','[ν•κµ­μν™”λ² μ¤νΈ] μ•„μ €μ”¨/νƒμ‹μ΄μ „μ‚¬/μ¶”κ²©μ DVD ν”μ•„μ©',452),(265,'2024-10-10 17:59:25.059572',_binary '\0','2024-10-10 18:00:59.358722',NULL,1500,'κΉ¨λ—ν•κ² μΌκµ¬μ”, μ©λ‰μ€ μ΅°κΈ μ‘μµλ‹λ‹¤(500ml)','2024-10-13 17:59:25.056764',5000,-1,5000,'93afd1f3-a57f-499f-a178-c3750ab33e7a.jpg','ν…€λΈ”λ¬ μ‚¬κ°€μ„Έμ”',1056),(266,'2024-10-10 18:03:23.028782',_binary '\0','2024-10-10 18:05:21.107119',NULL,3000,'λ§¨λ‚  μ‹ κ³  λ‹¤λ…€μ„ μ°©μ©κ°μ€ μΆ‹μΌμ‹¤ν…λ° μ‚¬μ©κ°μ€ μμ–΄μ”\r\n230~235 μΈ λ¶„λ“¤ μ λ§μΌμ‹¤λ“―μ”\r\nλ§λ‘ν• μ¬μ§ μ•„λ‹λΌ λ”±λ”±ν• μ¬μ§μ΄λΌ κ°μ•ν•κ³  κµ¬λ§¤ν•΄ μ£Όμ„Έμ”','2024-10-13 18:03:23.025670',12000,1152,10000,'d6ad6d20-3cb3-4cc9-a429-e8323512a679.jpg','μ•νƒ€ν• λ¦¬μ»¤λ²„λ¦¬ μ¬λ¦¬νΌ 230',1103),(267,'2024-10-10 18:05:02.307489',_binary '\0','2024-10-10 18:09:06.362680',NULL,1500,'κΉ¨λ—ν•μ§„ μ•μ•„μ„ μ‹Έκ² νλ‹λ‹¤','2024-10-13 18:05:02.302958',5500,1103,5000,'d0da3dff-d080-40e0-97c4-f392c55bf193.jpg','λΈ”λ£¨ν¬μ¤ μ΄μ–΄ν°!!',1152),(268,'2024-10-10 18:15:42.277722',_binary '\0','2024-10-10 18:15:59.757515',NULL,1500,'κΉ¨λ—ν•μ§„ μ•μ•„μ„ μ‹Έκ² ν”μ•„μ”','2024-10-13 18:15:42.275569',5500,1103,5000,'0b43b262-b158-4d97-bd48-2c165f03145e.jpg','λΈ”λ£¨ν¬μ¤ μ΄μ–΄ν° μ‚¬μ„Έμ”',1152),(269,'2024-10-10 19:19:34.723259',_binary '','2024-10-10 19:19:34.723259',NULL,30000,'μ΅°κΈ λ¬΄κ±°μ›μ”!','2024-10-13 19:19:34.714604',100000,-1,100000,'07cdaac6-f7db-43fb-9ecf-1c63699fe09d.jpg','λ…ΈνΈλ¶ ν”μ•„μ”',1053),(270,'2024-10-10 19:21:04.568071',_binary '','2024-10-11 08:46:53.494232',NULL,1500,'230μΈλ° λ”± λ§κ² λ‚μ™€μ„\r\nλ„‰λ„‰ν•κ² μ‹ μΌμ‹λ ¤λ©΄ 235 λ¶„λ“¤μ—κ² μ¶”μ²ν•©λ‹λ‹¤\r\nμ‚¬μ©κ° μΆ€ μμµλ‹λ‹¤ κ°μ•ν•κ³  κµ¬λ§¤ν•΄ μ£Όμ„Έμ”','2024-10-13 19:21:04.565924',10000,708,6000,'f7bafb26-5e43-449e-a731-c1f0392de1ac.jpg','μ•νƒ€ν• λ¦¬μ»¤λ²„λ¦¬ μ¬λ¦¬νΌ (230)',1103),(271,'2024-10-10 19:22:16.631975',_binary '','2024-10-10 19:23:01.362516',NULL,15000,'μ €λ” μ λ¨λ¥΄λ”λ° μΆ‹μ€ κ±°λμ”\r\nκ·Όλ° μƒ λ¨λ‹ν„° μƒκ²¨μ„ ν”μ•„μ” \r\nμΏ¨κ±°λ ν¬λ§ν•©λ‹λ‹¤ ','2024-10-13 19:22:16.629627',60000,1053,50000,'2567eac0-d46b-4e34-8c46-67674d19d6c5.jpg','LG λ¨λ‹ν„° νλ‹λ‹¤',1103),(272,'2024-10-10 19:22:19.494886',_binary '','2024-10-11 09:26:00.875176',NULL,6000,'24λ…„λ„ κµ¬μ…\r\n\r\nλ°°λ‹¬ κ°€λ¥ν•©λ‹λ‹¤!@!\r\nμ—°λ½ λ§μ΄ μ£Όμ„Έμ”~\r\n\r\nπ”Έμ¤‘κ³ κ±°λμƒ ν™λ¶μ€ μ–΄λ µμµλ‹λ‹¤π”Έ','2024-10-13 19:22:19.493155',200000,1352,50000,'bf16a82e-606c-4789-ab34-92cdc9bb43c0.jpg','μμ νλ‹λ‹¤',1053),(273,'2024-10-10 19:24:58.575514',_binary '\0','2024-10-10 19:25:07.998668',NULL,15000,'μ΄ν”μ•„μ”~\r\nλΉ„λΉ„νƒ„μ΄μ—μ”~ \r\nμ΄μ•μ΄λ‘ μ†μ€ κ°™μ΄ μ• λ“λ ¤μ”!! ','2024-10-13 19:24:58.572830',50000,-1,50000,'f7cba3ee-9eb6-4658-8ece-2376789d93c7.webp','μ΄',1103),(274,'2024-10-10 19:26:09.640455',_binary '\0','2024-10-11 09:19:53.578459',NULL,1500,'λ‹Ήμ—°ν λΉ„λΉ„νƒ„μ΄μ—μ”~\r\nμ΄μ•μ΄λ‘ μ†μ€ κ°™μ΄ μ• λ“λ ¤μ”!!','2024-10-13 19:26:09.636968',100000,452,50000,'8f9bd266-44f6-42b0-b4c6-3e4014420325.webp','μ  μ μλ” μ΄ νλ‹λ‹¤!!!!!!! ',1103),(275,'2024-10-11 08:46:23.650774',_binary '\0','2024-10-11 08:47:58.567536',NULL,30,'ν•λ¦¬λ³΄ ν”μ•„μ”~','2024-10-14 08:46:23.647868',1000,1056,750,'00307dcc-24f1-4516-b821-5a037753e972.jpg','ν•λ¦¬λ³΄ 100μ›μ— ν”μ•„μ”!',1306),(276,'2024-10-11 08:53:50.851323',_binary '\0','2024-10-11 08:55:32.099283',NULL,1500,'μ¬ν•΄ ν¨μ… μ‡ν…','2024-10-16 08:53:50.849014',6000,452,5000,'7278d67e-8a6e-40d4-b510-8efef7c09ffe.jpg','κ·€μ—¬μ΄ κ°€λ°© ν”μ•„μ” μ• μ‚¬λ©΄ μ†ν•΄',1056),(277,'2024-10-11 08:59:15.760662',_binary '\0','2024-10-11 09:00:16.742683',NULL,30,'ν•λ¦¬λ³΄','2024-10-14 08:59:15.758384',1000,1056,750,'31099495-1a38-4c6e-a6e2-2c7866683159.jpg','ν•λ¦¬λ³΄',1353),(278,'2024-10-11 09:08:00.551249',_binary '\0','2024-10-11 09:09:23.240835',NULL,300,'λ¨λ‹ν„°ν','2024-10-14 09:08:00.549267',2000,452,1000,'763bb29b-5ccc-4b00-b2be-e88dee2c89fe.jpg','ν”μ•„μ”',952),(279,'2024-10-11 09:25:39.295449',_binary '\0','2024-10-11 09:26:52.697865',NULL,30,'γ…','2024-10-14 09:25:39.289804',750,952,700,'8788dabe-6356-4efe-9be8-9dc28c97b4c8.jpg','ν•λ¦¬λ³΄',1354),(280,'2024-10-11 09:33:05.363454',_binary '\0','2024-10-11 09:33:31.283747',NULL,1500,'ν—¤μ§€μ¤ μ§€κ°‘ ν”μ•„μ ','2024-10-14 09:33:05.360291',5100,952,5000,'d7662774-cbd2-4b3c-b095-2f29f29ce885.jpg','ν—¤μ§€μ¤ μ§€κ°‘ ν”μ•„μ ',803),(281,'2024-10-11 09:35:23.238825',_binary '\0','2024-10-11 09:35:47.099817',NULL,90000,'ν','2024-10-14 09:35:23.235731',300000,-1,300000,'cd6c38fc-04b6-44e9-ba4b-85e2081adfa2.jpg','ν”μ•„μ”',802),(282,'2024-10-11 09:35:23.927163',_binary '\0','2024-10-11 09:35:38.608029',NULL,90000,'ν','2024-10-14 09:35:23.923660',300000,-1,300000,'df2989ec-2e9c-4070-a6fb-d4634d460d29.jpg','ν”μ•„μ”',802);
/*!40000 ALTER TABLE `auction` ENABLE KEYS */;
UNLOCK TABLES;

--
-- Table structure for table `auction_image`
--

DROP TABLE IF EXISTS `auction_image`;
/*!40101 SET @saved_cs_client     = @@character_set_client */;
/*!50503 SET character_set_client = utf8mb4 */;
CREATE TABLE `auction_image` (
  `id` int NOT NULL AUTO_INCREMENT,
  `image_url` varchar(255) COLLATE utf8mb4_unicode_ci DEFAULT NULL,
  `auction_id` int DEFAULT NULL,
  PRIMARY KEY (`id`),
  KEY `FKse8t64pajc8a9s8bm0pww8xg8` (`auction_id`),
  CONSTRAINT `FKse8t64pajc8a9s8bm0pww8xg8` FOREIGN KEY (`auction_id`) REFERENCES `auction` (`id`)
) ENGINE=InnoDB AUTO_INCREMENT=401 DEFAULT CHARSET=utf8mb4 COLLATE=utf8mb4_unicode_ci;
/*!40101 SET character_set_client = @saved_cs_client */;

--
-- Dumping data for table `auction_image`
--

LOCK TABLES `auction_image` WRITE;
/*!40000 ALTER TABLE `auction_image` DISABLE KEYS */;
INSERT INTO `auction_image` VALUES (207,'7163778e-ca12-49f4-b900-f102d7976fcb.jpg',161),(208,'90c2294c-df57-469c-b61d-112023f2c53d.jpg',162),(209,'634f726c-ca4f-4978-94aa-ce08f50d24c6.jpg',163),(210,'3292f9c6-c5a6-4a1d-a79c-1cbad3fd863f.jpg',164),(211,'7295d87b-5914-48e1-b375-6a6496f07baf.jpg',164),(212,'ce848671-5b00-46d0-a6cf-e38b889e2098.png',165),(213,'1bd49480-1603-46f8-b46f-334359e4d290.jpg',166),(214,'ad453080-706e-4af1-8bf4-93d7e163ec83.png',167),(215,'d5c6054a-bc0b-4729-b3ce-ea6097b05642.jfif',168),(216,'dae1d39e-03b2-4a0e-bbda-6c2bc2bf527e.png',169),(217,'9d81841e-1186-49d3-826a-1848addc27f5.png',170),(218,'c393d057-98d2-4a3f-bfa9-40b0d95b99d8.png',171),(219,'e2d0f5b4-f5e6-4a04-ba5a-da878983aa65.png',172),(220,'054ed6d1-3c55-48ef-aabf-ad7eb4d11b22.jpg',173),(221,'f8413e41-4506-42c9-b3d4-6a7cebe183e3.jpg',174),(222,'72a94f81-7e4f-4b91-9bcc-2495b8a33ccd.jpg',175),(223,'e1b9a75e-08e4-47b9-afd0-08131055d0dd.jpg',176),(224,'c0dec11c-0d26-4b39-a41d-372099ae9b0f.jpg',176),(225,'656c89bc-680e-4368-8736-49b3525ab86d.jpg',177),(226,'199576d1-54ac-49d4-ba9f-d8851c62b493.jpg',178),(227,'63b99a29-da01-4ff0-afbe-60f1f4bf8f05.jpg',178),(228,'1051f0b4-0ea7-4554-b65b-4415b121b736.jpg',178),(229,'ecea5a50-f65e-4729-ad80-eab910bc370c.jpg',178),(230,'4b1a2e23-53bf-4088-8cbe-bf924f2d0edd.jpg',179),(231,'f2c387c6-1521-4ea6-8624-fab7bcff86e3.png',180),(232,'aa6d0100-ac41-4865-aebb-7732e3eae5cf.jpg',181),(233,'dfdff11f-e9ef-42d3-a69e-dafc8d94c79c.jpg',181),(234,'c8d2f900-b7f9-4531-96ff-36a72b4ed962.jpg',181),(235,'139d179b-0f62-4ff1-b6cb-2f147771aa21.jpg',181),(236,'fa740a5c-dd05-449f-91d9-4aa5683d52ce.jfif',182),(237,'d3e17087-936a-4a42-9f27-065affac995f.jpg',183),(238,'1ba22eca-ad8b-4814-a731-36addad86ed1.jpg',184),(239,'1cae1128-f5f6-4053-9625-eef59e777531.jpg',184),(240,'f426c323-89d8-44c1-bba3-e57b1dac26d7.jpg',184),(241,'a323c36e-adbb-425d-b051-e7bddb192f18.jpg',185),(242,'72a099c7-3525-4285-9667-f14d5d6db40d.jpg',186),(243,'09e2e4ce-1e68-4866-b899-c732a00bb6c0.jpg',186),(244,'d3452240-7eb7-4ff3-8590-e73477f50a6d.jpg',187),(245,'4399c11f-bda0-498b-a67c-cfe6bb564d4a.jpg',187),(246,'07f649b9-a41a-401a-8c1c-a2eb034c3e67.jpg',188),(247,'219cd320-1abc-4569-87e4-0b5c2620c85f.jpg',188),(249,'cd1a17ab-3c66-444f-926e-f0f06cfa7dfe.jpg',190),(250,'67cf1b4d-a61b-4840-ade5-9a3a54d68ac1.jpg',190),(251,'8a6d02f9-ad94-442e-a840-c9c61abc4a41.jpg',190),(252,'4b6068f3-9c2a-4f79-a905-c7714d04760d.jpg',190),(254,'b7ffa795-3c06-4aad-85a2-5be9babab2e1.jpg',192),(255,'eb12e806-7934-41bd-b5a1-fcab59c2133e.jpg',192),(256,'74c5e03a-0a2d-4062-9626-b85e19b2c470.jpg',192),(257,'2a3e6de5-9281-4f2b-bd57-c345fa7344fd.jpg',192),(258,'bfc0a3f0-7c5e-45a2-a8df-fb17d42eb804.png',193),(259,'0d1334bd-6cda-4630-b0d4-a38a3dfa5c43.png',194),(260,'0faf690f-57fe-4ae2-9b0c-8ccce840d4eb.jpg',195),(261,'7929e602-e3f2-42f0-bbc2-40c03b8461f1.jpg',196),(262,'1417dce0-807b-4c80-be38-2e2b9f8bd095.jpg',196),(263,'40106b90-919d-4873-8f09-66911bb0c97d.jpg',197),(264,'87452c02-5bf6-45f1-8dd2-b41c3f876aca.jpg',198),(265,'0cbb9e4e-1c93-4250-a424-d86b29e6ad07.jpg',199),(266,'c62c90df-73b5-45ff-8f67-d6c6ecaf9ded.jpg',200),(267,'83dd367e-a8e8-4d37-b4ab-a354e8334dc0.jpg',201),(268,'d997a2e2-a2bb-4333-8043-8ca8b49dafc8.jpg',201),(269,'4a9cc02f-9b99-4c5a-9324-312a4d965c5a.jpg',202),(270,'b21628c6-d5a3-4e61-8bb1-2e4a88f41a84.jpg',202),(271,'54ff9c01-b626-4842-b42e-2fe3f0c4a470.png',203),(272,'2ff5f89a-9a21-451a-81d8-072d79ef6afe.jpg',204),(273,'1c0b24f3-5f61-45a5-873a-cb1db98185d3.jpg',205),(274,'4d4fe2f7-515b-4885-8225-1a1df2df05f4.jfif',206),(275,'43e067c7-9d56-40d7-aac0-03db033578cf.jpg',207),(276,'14f1f7f5-202a-4719-aba5-9f1e97e29a42.jpg',207),(277,'79e479a4-687c-426f-b15d-9cfd014ebff6.jpg',208),(278,'8dd48741-7162-4ac3-a7de-0d412ead98db.jpg',209),(279,'93bb7db4-041b-4226-9b93-933bf7e34419.jpg',209),(280,'48589b1b-6ff2-4160-a95a-2cb0fe6e99bc.jpg',210),(281,'fce47ab5-8ab8-4e30-a65e-c60e2315ca62.jpg',210),(282,'1f46b558-8cfe-40f9-a6bb-e7fc0d8a9379.jpg',210),(283,'3596da05-51c0-44a0-8430-e22f425ec8eb.jpg',210),(284,'0c67f590-162f-4365-bf4a-915736906d10.jpg',211),(285,'787679be-0d8d-4253-8df0-b19ac501bf6e.jpg',211),(286,'866e9154-fe2d-437c-b2ea-b3b08e29ceca.jpg',212),(287,'28bd008d-5dd1-499a-b064-a24630422060.jpg',212),(288,'6690e590-ecdb-4a35-83b6-241864c3ab8e.jpg',213),(289,'62bf4300-9473-4f3d-832f-2a3e1f995b3c.jpg',214),(290,'1746b824-0427-449c-bf3d-64c8e5ea27d3.jpg',214),(291,'a43ec5a3-a935-4049-a09f-908af1cb96d1.jpg',214),(292,'4b112103-d245-4b54-9de9-836fbde1f440.jpg',214),(293,'e776faa1-3f5e-4784-90f3-a5becd85241b.jpg',215),(294,'c0cf156d-7bfa-48af-ab19-9afacfaa4fa5.jpg',215),(295,'a312c4af-c73c-4c17-8d3c-3cec0ab8d5c8.jpg',216),(296,'99a215e9-7ef4-4432-8b45-b2c0422f7785.jpg',217),(297,'d041657d-cc3e-4281-a251-9e41af07b542.jpg',218),(298,'721c8dcd-79a6-49dd-a098-c3b06ad112a2.jpg',219),(299,'b8d5782f-4ef7-4cc4-be27-3f38f7218d94.jpg',220),(300,'08622e3e-47fe-49ab-a142-1603c897362a.jpg',221),(301,'eff99d90-4be3-445b-ab8c-6e538ad096cf.jpg',222),(302,'81026008-9c23-4d42-a9ec-7ab688f259ed.jpg',223),(303,'42b37341-a357-431c-825c-e707b29c260d.jpg',224),(304,'97ee7739-e048-4b90-be7b-2733d4262aa3.jpg',225),(305,'b1ecc7d2-4f98-406d-a88c-1eed3c8e289b.jpg',226),(306,'90f78f7e-f8f7-4b9a-9634-8a3769eb5e3f.jpg',227),(307,'f9368c05-95ce-4514-b743-5912f34c6a79.jpg',228),(308,'cca8f9f6-6cc8-49ca-a0a5-b19ed11789d1.jpg',229),(309,'19a36d87-3d20-4cfc-8b77-2b2cf9fcae83.jpg',230),(310,'ae1d788d-2877-4144-93a3-39291a86959f.png',231),(311,'858e5e40-c492-4c85-948b-a988695a9252.jpg',232),(312,'050ba7dc-a6db-4e42-81cc-ce952203392b.jpg',233),(313,'4dbca142-3a39-4fa3-8a1f-54e48c0747cf.jpg',234),(314,'cf47ea79-f529-4b46-82e3-2f2e05b0b19c.jpg',235),(315,'2aaee696-d161-4745-8dbb-88b040c8e413.png',236),(316,'4ff56ec5-5606-4f55-a4f5-1e9e2549a169.png',237),(317,'6ec259b3-7185-4fd9-abd1-cc5fad86ae1a.jpg',238),(318,'1bd5499c-c549-47ab-a370-38b685a141dc.jpg',239),(319,'026c7713-d6d4-4838-9843-eea8ab1607a4.jpg',240),(320,'bd3a62a8-fab7-43d8-9b06-80fc1ea6e7fd.jpg',241),(321,'815e0f4b-c10b-4b30-8d97-d576ea830441.jpg',242),(322,'53ae338c-9b29-4746-8cfc-c9883a960837.jpg',243),(323,'4c36473c-9412-4aa2-abbd-e68ac45a6aff.jpg',244),(324,'a5721e9c-5e9b-4ccd-9f7e-398d75eccbca.jpg',245),(325,'96afdcbf-b356-4790-954c-8fb6817a24f3.jpg',246),(326,'074f66b5-16a1-4c66-ae36-0391ff02fb77.jpg',247),(327,'0f3cc807-45cb-4ecb-bd76-e9fbb144e627.jpg',248),(328,'a55ed3e6-ee5a-47eb-a54c-cbc861417e7c.jpg',249),(329,'c84471d6-1d19-43cb-8190-fc4cc7a2ab86.jpg',249),(330,'d9d6cd55-4eef-4e42-967f-189cfeffb882.jpg',250),(331,'5f899a7b-3c3b-4fd0-b9a1-ff4de1a0b3e3.jpg',250),(332,'db88609f-b451-4951-9614-339fa29f51e7.png',251),(333,'8dbde843-04e6-4fcd-b60c-5654c8720d67.jpg',252),(334,'c202fafe-c2a2-4385-b66f-d52d524b464d.jpg',252),(335,'4b1a97e1-e8b7-4c68-b465-318a918b117a.jpg',253),(336,'21000407-8bd5-4a03-af25-14d758e4f060.jpg',254),(337,'c005f78d-a22d-4739-9d40-953eaa8fae08.jpg',254),(338,'dffee280-bf8f-4926-b881-f5378a5d9dc3.jpg',254),(339,'ad6d7de7-41c6-40f1-8b2f-15fedb6e6a0d.jpg',255),(340,'141af0ae-f7ff-40b1-8b6a-d576b04e9369.jpg',255),(341,'379648f7-ffe1-4944-bbc1-1e43b2564e07.jpg',255),(342,'e7332b95-f3a7-4b1a-a139-f603d7f2ccbb.jpg',256),(343,'593470e1-c028-4f7e-882c-9f35352fb413.jpg',256),(344,'fc35b95a-adb4-407d-9ef9-2146e19d0e78.png',257),(345,'2df7dcab-6ab0-4905-9765-12a3058991a0.png',258),(346,'5613db53-5c78-4644-a996-4d6f081e74b0.png',258),(347,'a2a53d4b-5c18-4f25-a216-e1d2993b9c00.png',258),(348,'b6f656c6-3414-43d0-98c7-900a3f919938.png',259),(349,'0aad8bf8-0a5b-491b-853b-f02657f945d0.jpg',260),(350,'86419cd9-f606-47ff-8405-de7e70108e18.jpg',260),(351,'c70b9865-ccdd-4ea1-8312-bfc259ecb065.jpg',260),(352,'10ccc259-0a97-48b4-abd8-02740ad816bf.jpg',260),(353,'dbb4f0b9-f4c1-447e-83f1-67fd1c1002a6.png',261),(354,'3de75275-4f50-4ccc-a8af-0b7ec59f7fc0.png',261),(355,'9e6dd0ed-7edc-4d0f-ab98-60af3dfbbf5a.png',261),(356,'d4dacb08-39e6-44fe-a79a-718187c9c348.png',262),(357,'4d178433-183d-4d79-a364-20cfc75f1338.png',262),(358,'3c2abd9f-4da6-47a6-89de-7e09fe02ff58.png',262),(359,'3569faf6-3e6c-4485-8f08-ee9463c60968.png',263),(360,'2d2d4be9-b7cd-407e-91cd-e393bf1959d3.png',263),(361,'dffcb380-522f-4c54-8153-db638c5fc835.png',263),(362,'6c3e23da-9284-4f33-9fa8-a6e58cb84056.png',264),(363,'bb97d1fa-3439-4b78-9a25-92f08c9c2b76.png',264),(364,'a553cd7a-9c32-4944-b9a0-21bbf795e6ef.png',264),(365,'93afd1f3-a57f-499f-a178-c3750ab33e7a.jpg',265),(366,'659ee94d-9b2a-4c4e-a645-2094e27dc581.jpg',265),(367,'d6ad6d20-3cb3-4cc9-a429-e8323512a679.jpg',266),(368,'96eaa47b-a05d-403a-b673-e8855f1590a4.jpg',266),(369,'d0da3dff-d080-40e0-97c4-f392c55bf193.jpg',267),(370,'c5bb9e37-fa3f-4aca-a133-e83b7bfbe817.jpg',267),(371,'0b43b262-b158-4d97-bd48-2c165f03145e.jpg',268),(372,'3722d5d6-a4aa-4165-8077-03b3d6d24cd6.jpg',268),(373,'07cdaac6-f7db-43fb-9ecf-1c63699fe09d.jpg',269),(374,'1d3dba88-c3bd-4a3d-8a95-c66e67bdea34.jpg',269),(375,'f7bafb26-5e43-449e-a731-c1f0392de1ac.jpg',270),(376,'632b0fb7-7916-4a31-872b-926286a9f54d.jpg',270),(377,'2567eac0-d46b-4e34-8c46-67674d19d6c5.jpg',271),(378,'bf16a82e-606c-4789-ab34-92cdc9bb43c0.jpg',272),(379,'c7317e03-de43-420c-93b7-27e66d57ee86.jpg',272),(380,'490567a5-8369-4aef-8fe4-a4addb923ce0.jpg',272),(381,'90693949-7181-44fd-8b03-c9c49cae22e3.jpg',272),(382,'f7cba3ee-9eb6-4658-8ece-2376789d93c7.webp',273),(383,'f3a51f6d-0114-4b84-91d7-d124a6a3f940.png',273),(384,'8f9bd266-44f6-42b0-b4c6-3e4014420325.webp',274),(385,'432574b2-7b80-4a10-96dd-a1ff6b5c240f.png',274),(386,'00307dcc-24f1-4516-b821-5a037753e972.jpg',275),(387,'74d9a322-2419-4260-801b-f9224c570f9c.jpg',275),(388,'7278d67e-8a6e-40d4-b510-8efef7c09ffe.jpg',276),(389,'e1c6614b-5a8b-4dd4-b494-2550d263a36e.jpg',276),(390,'31099495-1a38-4c6e-a6e2-2c7866683159.jpg',277),(391,'d89cca8a-2b89-4d6d-a986-ce8532d9257f.jpg',277),(392,'763bb29b-5ccc-4b00-b2be-e88dee2c89fe.jpg',278),(393,'8788dabe-6356-4efe-9be8-9dc28c97b4c8.jpg',279),(394,'1bca2f70-5dd9-4772-bc1a-c3ef16723f8a.jpg',279),(395,'d7662774-cbd2-4b3c-b095-2f29f29ce885.jpg',280),(396,'222e0f59-069b-41f3-92de-c4e8ca13a309.jpg',280),(397,'e596209b-33ed-4520-b1bf-105e474074fa.jpg',280),(398,'3d1597eb-92a8-48e5-a81e-126d41b9594d.jpg',280),(399,'cd6c38fc-04b6-44e9-ba4b-85e2081adfa2.jpg',281),(400,'df2989ec-2e9c-4070-a6fb-d4634d460d29.jpg',282);
/*!40000 ALTER TABLE `auction_image` ENABLE KEYS */;
UNLOCK TABLES;

--
-- Table structure for table `auction_info`
--

DROP TABLE IF EXISTS `auction_info`;
/*!40101 SET @saved_cs_client     = @@character_set_client */;
/*!50503 SET character_set_client = utf8mb4 */;
CREATE TABLE `auction_info` (
  `id` int NOT NULL AUTO_INCREMENT,
  `created_at` datetime(6) DEFAULT NULL,
  `is_active` bit(1) DEFAULT NULL,
  `last_modified_at` datetime(6) DEFAULT NULL,
  `bid` int DEFAULT NULL,
  `auction_id` int DEFAULT NULL,
  `member_id` int DEFAULT NULL,
  PRIMARY KEY (`id`),
  KEY `FK9vi5fqu37gn9u6yh1o13ycshb` (`auction_id`),
  KEY `FK1pql6d4me1c47t20q3bx27t46` (`member_id`),
  CONSTRAINT `FK1pql6d4me1c47t20q3bx27t46` FOREIGN KEY (`member_id`) REFERENCES `member` (`id`),
  CONSTRAINT `FK9vi5fqu37gn9u6yh1o13ycshb` FOREIGN KEY (`auction_id`) REFERENCES `auction` (`id`)
) ENGINE=InnoDB DEFAULT CHARSET=utf8mb4 COLLATE=utf8mb4_unicode_ci;
/*!40101 SET character_set_client = @saved_cs_client */;

--
-- Dumping data for table `auction_info`
--

LOCK TABLES `auction_info` WRITE;
/*!40000 ALTER TABLE `auction_info` DISABLE KEYS */;
/*!40000 ALTER TABLE `auction_info` ENABLE KEYS */;
UNLOCK TABLES;

--
-- Table structure for table `deal`
--

DROP TABLE IF EXISTS `deal`;
/*!40101 SET @saved_cs_client     = @@character_set_client */;
/*!50503 SET character_set_client = utf8mb4 */;
CREATE TABLE `deal` (
  `id` int NOT NULL AUTO_INCREMENT,
  `created_at` datetime(6) DEFAULT NULL,
  `is_active` bit(1) DEFAULT NULL,
  `last_modified_at` datetime(6) DEFAULT NULL,
  `account` varchar(255) COLLATE utf8mb4_unicode_ci DEFAULT NULL,
  `carrier_id` enum('KR_ACTCORE_OCEAN_INBOUND','KR_CHUNILPS','KR_CJLOGISTICS','KR_COUPANGLS','KR_CUPOST','KR_CVSNET') COLLATE utf8mb4_unicode_ci DEFAULT NULL,
  `deposit` int DEFAULT NULL,
  `detail` varchar(255) COLLATE utf8mb4_unicode_ci DEFAULT NULL,
  `image` varchar(255) COLLATE utf8mb4_unicode_ci DEFAULT NULL,
  `status` enum('BID_SUCCESS','DELIVERED','ERROR','IN_TRANSIT','PAYMENT_COMPLETE','TRANSACTION_DONE') COLLATE utf8mb4_unicode_ci DEFAULT NULL,
  `title` varchar(255) COLLATE utf8mb4_unicode_ci DEFAULT NULL,
  `tracking_number` varchar(255) COLLATE utf8mb4_unicode_ci DEFAULT NULL,
  `winning_bid` int DEFAULT NULL,
  `buyer_id` int DEFAULT NULL,
  `seller_id` int DEFAULT NULL,
  PRIMARY KEY (`id`),
  KEY `FKr28de5tjgaeib8nb84ffi9rk9` (`buyer_id`),
  KEY `FKk5er5nk76m0v5lsm1gwjn7uqi` (`seller_id`),
  CONSTRAINT `FKk5er5nk76m0v5lsm1gwjn7uqi` FOREIGN KEY (`seller_id`) REFERENCES `member` (`id`),
  CONSTRAINT `FKr28de5tjgaeib8nb84ffi9rk9` FOREIGN KEY (`buyer_id`) REFERENCES `member` (`id`)
) ENGINE=InnoDB AUTO_INCREMENT=93 DEFAULT CHARSET=utf8mb4 COLLATE=utf8mb4_unicode_ci;
/*!40101 SET character_set_client = @saved_cs_client */;

--
-- Dumping data for table `deal`
--

LOCK TABLES `deal` WRITE;
/*!40000 ALTER TABLE `deal` DISABLE KEYS */;
INSERT INTO `deal` VALUES (78,'2024-10-10 17:38:06.269706',_binary '','2024-10-10 17:38:06.269706','0017066241809315',NULL,300,'[ν•κµ­μν™”λ² μ¤νΈ] μ•„μ €μ”¨/νƒμ‹μ΄μ „μ‚¬/μ¶”κ²©μ DVD ν”μ•„μ©\r\n[ν•κµ­μν™”λ² μ¤νΈ] μ•„μ €μ”¨/νƒμ‹μ΄μ „μ‚¬/μ¶”κ²©μ DVD ν”μ•„μ©\r\n[ν•κµ­μν™”λ² μ¤νΈ] μ•„μ €μ”¨/νƒμ‹μ΄μ „μ‚¬/μ¶”κ²©μ DVD ν”μ•„μ©','https://s3.ap-northeast-2.amazonaws.com/dabid-bucket/6c3e23da-9284-4f33-9fa8-a6e58cb84056.png','BID_SUCCESS','[ν•κµ­μν™”λ² μ¤νΈ] μ•„μ €μ”¨/νƒμ‹μ΄μ „μ‚¬/μ¶”κ²©μ DVD ν”μ•„μ©',NULL,1000,1056,452),(79,'2024-10-10 18:05:21.085823',_binary '\0','2024-10-10 18:08:28.055462','0015536045098707','KR_COUPANGLS',3000,'λ§¨λ‚  μ‹ κ³  λ‹¤λ…€μ„ μ°©μ©κ°μ€ μΆ‹μΌμ‹¤ν…λ° μ‚¬μ©κ°μ€ μμ–΄μ”\r\n230~235 μΈ λ¶„λ“¤ μ λ§μΌμ‹¤λ“―μ”\r\nλ§λ‘ν• μ¬μ§ μ•„λ‹λΌ λ”±λ”±ν• μ¬μ§μ΄λΌ κ°μ•ν•κ³  κµ¬λ§¤ν•΄ μ£Όμ„Έμ”','https://s3.ap-northeast-2.amazonaws.com/dabid-bucket/d6ad6d20-3cb3-4cc9-a429-e8323512a679.jpg','TRANSACTION_DONE','μ•νƒ€ν• λ¦¬μ»¤λ²„λ¦¬ μ¬λ¦¬νΌ 230','10259308301745',10000,1152,1103),(80,'2024-10-10 18:09:06.343050',_binary '\0','2024-10-10 18:13:26.460632','0015423021024417','KR_COUPANGLS',1500,'κΉ¨λ—ν•μ§„ μ•μ•„μ„ μ‹Έκ² νλ‹λ‹¤','https://s3.ap-northeast-2.amazonaws.com/dabid-bucket/d0da3dff-d080-40e0-97c4-f392c55bf193.jpg','TRANSACTION_DONE','λΈ”λ£¨ν¬μ¤ μ΄μ–΄ν°!!','10259308301745',5000,1103,1152),(81,'2024-10-10 18:15:59.742701',_binary '\0','2024-10-10 18:17:03.227321','0013636440097242','KR_COUPANGLS',1500,'κΉ¨λ—ν•μ§„ μ•μ•„μ„ μ‹Έκ² ν”μ•„μ”','https://s3.ap-northeast-2.amazonaws.com/dabid-bucket/0b43b262-b158-4d97-bd48-2c165f03145e.jpg','TRANSACTION_DONE','λΈ”λ£¨ν¬μ¤ μ΄μ–΄ν° μ‚¬μ„Έμ”','10259308301745',5000,1103,1152),(82,'2024-10-10 19:13:09.474886',_binary '','2024-10-10 19:13:09.474886','0019070558594585',NULL,60000,'μ—¬λ¦„μ΄ μ§€λ‚κ°€λ” κ΄€κ³„λ΅  μ—μ–΄μ»¨ μ“Έ μΌμ΄ μ—†μ–΄μ„ νλ‹λ‹¤.','https://s3.ap-northeast-2.amazonaws.com/dabid-bucket/0aad8bf8-0a5b-491b-853b-f02657f945d0.jpg','BID_SUCCESS','μ—μ–΄μ»¨ νλ‹λ‹¤.',NULL,200000,802,1058),(83,'2024-10-10 19:13:16.391967',_binary '','2024-10-10 19:19:48.359663','0015868265220426','KR_COUPANGLS',3000,'λ§¨λ‚  μ‹ κ³  λ‹¤λ…€μ„ μ°©μ©κ°μ€ μΆ‹μΌμ‹¤ν…λ° μ‚¬μ©κ°μ€ μμ–΄μ” \r\n230~235 μΈ λ¶„λ“¤ μ λ§μΌμ‹¤λ“―μ”\r\nλ§λ‘ν• μ¬μ§ μ•„λ‹λΌ λ”±λ”±ν• μ¬μ§μ΄λΌ κ°μ•ν•κ³  κµ¬λ§¤ν•΄ μ£Όμ„Έμ”','https://s3.ap-northeast-2.amazonaws.com/dabid-bucket/e776faa1-3f5e-4784-90f3-a5becd85241b.jpg','DELIVERED','μ•νƒ€ν• λ¦¬μ»¤λ²„λ¦¬ μ¬λ¦¬νΌ 230','10259308301745',500001,802,1103),(84,'2024-10-10 19:13:20.347313',_binary '','2024-10-11 09:06:13.310781','0018509576952766','KR_COUPANGLS',2100,'μΆ€ μ¤λ μ“°κΈ΄ν–μ§€λ§... μƒνƒ λ©€μ©΅ν•΄μ”\r\n μ‹Έκ² ν”μ•„μ”!','https://s3.ap-northeast-2.amazonaws.com/dabid-bucket/62bf4300-9473-4f3d-832f-2a3e1f995b3c.jpg','DELIVERED','ν—¤μ§€μ¤ACC κ°€μ£½ μΉ΄λ“μ§€κ°‘ μ‹Έκ² ν”μ•„μ”!','10259308301745',10000,802,902),(85,'2024-10-11 08:47:58.549359',_binary '\0','2024-10-11 08:49:19.425413','0016764232448544','KR_COUPANGLS',30,'ν•λ¦¬λ³΄ ν”μ•„μ”~','https://s3.ap-northeast-2.amazonaws.com/dabid-bucket/00307dcc-24f1-4516-b821-5a037753e972.jpg','TRANSACTION_DONE','ν•λ¦¬λ³΄ 100μ›μ— ν”μ•„μ”!','10259308301745',750,1056,1306),(86,'2024-10-11 08:55:32.083484',_binary '\0','2024-10-11 09:02:03.746896','0017692684311801',NULL,1500,'μ¬ν•΄ ν¨μ… μ‡ν…','https://s3.ap-northeast-2.amazonaws.com/dabid-bucket/7278d67e-8a6e-40d4-b510-8efef7c09ffe.jpg','TRANSACTION_DONE','κ·€μ—¬μ΄ κ°€λ°© ν”μ•„μ” μ• μ‚¬λ©΄ μ†ν•΄',NULL,5000,452,1056),(87,'2024-10-11 09:00:16.724013',_binary '\0','2024-10-11 09:02:09.319518','0011412235779186','KR_COUPANGLS',30,'ν•λ¦¬λ³΄','https://s3.ap-northeast-2.amazonaws.com/dabid-bucket/31099495-1a38-4c6e-a6e2-2c7866683159.jpg','TRANSACTION_DONE','ν•λ¦¬λ³΄','10259308301745',750,1056,1353),(88,'2024-10-11 09:09:23.222417',_binary '','2024-10-11 09:13:19.055485','0014032139770242','KR_COUPANGLS',300,'λ¨λ‹ν„°ν','https://s3.ap-northeast-2.amazonaws.com/dabid-bucket/763bb29b-5ccc-4b00-b2be-e88dee2c89fe.jpg','DELIVERED','ν”μ•„μ”','10259308301745',1000,452,952),(89,'2024-10-11 09:19:53.557440',_binary '\0','2024-10-11 09:28:28.949162','0018343835182793',NULL,1500,'λ‹Ήμ—°ν λΉ„λΉ„νƒ„μ΄μ—μ”~\r\nμ΄μ•μ΄λ‘ μ†μ€ κ°™μ΄ μ• λ“λ ¤μ”!!','https://s3.ap-northeast-2.amazonaws.com/dabid-bucket/8f9bd266-44f6-42b0-b4c6-3e4014420325.webp','TRANSACTION_DONE','μ  μ μλ” μ΄ νλ‹λ‹¤!!!!!!! ',NULL,50000,452,1103),(90,'2024-10-11 09:26:52.680314',_binary '\0','2024-10-11 09:28:29.933159','0012832557040514','KR_COUPANGLS',30,'γ…','https://s3.ap-northeast-2.amazonaws.com/dabid-bucket/8788dabe-6356-4efe-9be8-9dc28c97b4c8.jpg','TRANSACTION_DONE','ν•λ¦¬λ³΄','10259308301745',700,952,1354),(91,'2024-10-11 09:32:30.673349',_binary '','2024-10-11 09:32:30.673349','0017426558092420',NULL,4500,'10μ›” 13μΌ μΈμ μ„± μ‹ν— λ€λΉ„ν•μ„Έμ”!! μλ‘μ€ μ•„λ‹μ§€λ§ λ¨μκ³ μ‚¬ ν•λ‚λ„ μ• ν’€μ—μµλ‹λ‹¤ γ…γ…','https://s3.ap-northeast-2.amazonaws.com/dabid-bucket/8dd48741-7162-4ac3-a7de-0d412ead98db.jpg','BID_SUCCESS','LG μΈμ μ„± κµμ¬ νλ‹λ‹¤',NULL,15000,803,1056),(92,'2024-10-11 09:33:31.270005',_binary '','2024-10-11 09:33:31.270005','0019589024670430',NULL,1500,'ν—¤μ§€μ¤ μ§€κ°‘ ν”μ•„μ ','https://s3.ap-northeast-2.amazonaws.com/dabid-bucket/d7662774-cbd2-4b3c-b095-2f29f29ce885.jpg','BID_SUCCESS','ν—¤μ§€μ¤ μ§€κ°‘ ν”μ•„μ ',NULL,5000,952,803);
/*!40000 ALTER TABLE `deal` ENABLE KEYS */;
UNLOCK TABLES;

--
-- Table structure for table `inquiry`
--

DROP TABLE IF EXISTS `inquiry`;
/*!40101 SET @saved_cs_client     = @@character_set_client */;
/*!50503 SET character_set_client = utf8mb4 */;
CREATE TABLE `inquiry` (
  `id` int NOT NULL,
  `created_at` datetime(6) DEFAULT NULL,
  `is_active` bit(1) DEFAULT NULL,
  `last_modified_at` datetime(6) DEFAULT NULL,
  `category` enum('AUCTION','DEAL','ETC') COLLATE utf8mb4_unicode_ci DEFAULT NULL,
  `content` varchar(255) COLLATE utf8mb4_unicode_ci DEFAULT NULL,
  `title` varchar(255) COLLATE utf8mb4_unicode_ci DEFAULT NULL,
  `member_id` int DEFAULT NULL,
  PRIMARY KEY (`id`),
  KEY `FKf47xlnlpohnc6gd4k511g0wra` (`member_id`),
  CONSTRAINT `FKf47xlnlpohnc6gd4k511g0wra` FOREIGN KEY (`member_id`) REFERENCES `member` (`id`)
) ENGINE=InnoDB DEFAULT CHARSET=utf8mb4 COLLATE=utf8mb4_unicode_ci;
/*!40101 SET character_set_client = @saved_cs_client */;

--
-- Dumping data for table `inquiry`
--

LOCK TABLES `inquiry` WRITE;
/*!40000 ALTER TABLE `inquiry` DISABLE KEYS */;
INSERT INTO `inquiry` VALUES (204,'2024-10-09 15:13:09.340735',_binary '','2024-10-09 15:13:09.340735','DEAL','ν•΄κ²° ν•΄μ£Όμ„Έμ”','λ°°μ†΅μ™„λ£ μ²λ¦¬κ°€ λμ§€ μ•λ„¤μ”',1059),(252,'2024-10-09 18:39:00.343523',_binary '','2024-10-09 18:39:00.343523','DEAL','μƒν’ μ„¤λ…μ—λ” μ‚¬μ©κ°μ΄ μ λ‹¤κ³  ν•μ…¨λ”λ° λ„κ°€ λ΄λ„ μΌ λ…„μ€ μ‚¬μ©ν•μ‹  κ²ƒ κ°™μ•„μ” μ΄λ ‡κ² κΈ°μ¤κ°€ λ§μ€ μ¤„ λ°λμµλ‹λ‹¤ μ¶©μ „λ„ ν•΄μ•Ό ν•λ”λ° μ¶©μ „ μ„ λ„ λ―Έν¬ν•¨μ΄λ„¤μ”...\r\nκΈ‰ν•΄μ„ μ¤‘κ³ μΈ κ±Έ κ°μ•ν•κ³  κµ¬λ§¤ν• κ±΄λ°λ„ λ„λ¬΄ λ¶λ§μ΅±μ¤λ½μµλ‹λ‹¤ \r\nλ‹Ήμ¥ ν™λ¶ μ›ν•©λ‹λ‹¤','κ±°λ ν™λ¶ μ›ν•©λ‹λ‹¤ ',952),(302,'2024-10-09 21:54:30.586517',_binary '','2024-10-09 21:54:30.586517','AUCTION','ν™λ³΄κ°€ μ• λλ” κ±° μ•„λ‹κ°€μ”?? μƒλ‹¨μ— μ¬λ ¤μ£Όμ„Έμ”~~^^','μ  κ²½λ§¤μ— μ•„λ¬΄λ„ μ…μ°°μ„ μ• ν•λ„¤μ”',1056),(352,'2024-10-10 09:52:31.757611',_binary '','2024-10-10 09:52:31.757611','DEAL','λ³΄μ¦κΈ ν™κΈ‰ν•΄μ£Όμ„Έμ”γ…£..!','λ³΄μ¦κΈμ΄ μ λ€λ΅ ν™κΈ‰λμ§€ μ•μ•μ–΄μ”.',1053),(402,'2024-10-10 19:46:22.281685',_binary '','2024-10-10 19:46:22.281685','DEAL','λΉ λ¥Έ λ‹µλ³€ λ¶€νƒν•©λ‹λ‹¤!!!','μ΄ μƒν’ μ–Όλ§μΈκ°€μ”?',1352);
/*!40000 ALTER TABLE `inquiry` ENABLE KEYS */;
UNLOCK TABLES;

--
-- Table structure for table `inquiry_image`
--

DROP TABLE IF EXISTS `inquiry_image`;
/*!40101 SET @saved_cs_client     = @@character_set_client */;
/*!50503 SET character_set_client = utf8mb4 */;
CREATE TABLE `inquiry_image` (
  `id` int NOT NULL AUTO_INCREMENT,
  `image_url` varchar(255) COLLATE utf8mb4_unicode_ci DEFAULT NULL,
  `inquiry_id` int DEFAULT NULL,
  PRIMARY KEY (`id`),
  KEY `FK23ss3xptk07hdng8df3xtnrv` (`inquiry_id`),
  CONSTRAINT `FK23ss3xptk07hdng8df3xtnrv` FOREIGN KEY (`inquiry_id`) REFERENCES `inquiry` (`id`)
) ENGINE=InnoDB AUTO_INCREMENT=28 DEFAULT CHARSET=utf8mb4 COLLATE=utf8mb4_unicode_ci;
/*!40101 SET character_set_client = @saved_cs_client */;

--
-- Dumping data for table `inquiry_image`
--

LOCK TABLES `inquiry_image` WRITE;
/*!40000 ALTER TABLE `inquiry_image` DISABLE KEYS */;
INSERT INTO `inquiry_image` VALUES (22,'ff611ac0-e662-403b-a841-51bd34d080a9.png',204),(23,'766d5430-5a7b-4280-9e35-95c67f7de265.jpg',252),(24,'13d06bbf-2b7e-4c24-8b17-3ad5eb64e898.jpg',252),(25,'b87821df-cbd3-4a3c-8612-5e8e06f51575.jfif',302),(26,'49a56744-fda2-4727-b1a5-fe73055e58a0.jpg',352),(27,'f2a23f51-87fa-43d4-9631-9cbf721120e3.PNG',402);
/*!40000 ALTER TABLE `inquiry_image` ENABLE KEYS */;
UNLOCK TABLES;

--
-- Table structure for table `inquiry_seq`
--

DROP TABLE IF EXISTS `inquiry_seq`;
/*!40101 SET @saved_cs_client     = @@character_set_client */;
/*!50503 SET character_set_client = utf8mb4 */;
CREATE TABLE `inquiry_seq` (
  `next_val` bigint DEFAULT NULL
) ENGINE=InnoDB DEFAULT CHARSET=utf8mb4 COLLATE=utf8mb4_unicode_ci;
/*!40101 SET character_set_client = @saved_cs_client */;

--
-- Dumping data for table `inquiry_seq`
--

LOCK TABLES `inquiry_seq` WRITE;
/*!40000 ALTER TABLE `inquiry_seq` DISABLE KEYS */;
INSERT INTO `inquiry_seq` VALUES (501);
/*!40000 ALTER TABLE `inquiry_seq` ENABLE KEYS */;
UNLOCK TABLES;

--
-- Table structure for table `member`
--

DROP TABLE IF EXISTS `member`;
/*!40101 SET @saved_cs_client     = @@character_set_client */;
/*!50503 SET character_set_client = utf8mb4 */;
CREATE TABLE `member` (
  `id` int NOT NULL,
  `created_at` datetime(6) DEFAULT NULL,
  `is_active` bit(1) DEFAULT NULL,
  `last_modified_at` datetime(6) DEFAULT NULL,
  `email` varchar(255) COLLATE utf8mb4_unicode_ci DEFAULT NULL,
  `image_url` varchar(255) COLLATE utf8mb4_unicode_ci DEFAULT NULL,
  `nickname` varchar(255) COLLATE utf8mb4_unicode_ci DEFAULT NULL,
  `password` varchar(255) COLLATE utf8mb4_unicode_ci DEFAULT NULL,
  `phone_number` varchar(255) COLLATE utf8mb4_unicode_ci DEFAULT NULL,
  `point` int DEFAULT '0',
  `refresh_token` varchar(255) COLLATE utf8mb4_unicode_ci DEFAULT NULL,
  `role` enum('ADMIN','USER') COLLATE utf8mb4_unicode_ci DEFAULT NULL,
  `user_key` varchar(255) COLLATE utf8mb4_unicode_ci DEFAULT NULL,
  PRIMARY KEY (`id`)
) ENGINE=InnoDB DEFAULT CHARSET=utf8mb4 COLLATE=utf8mb4_unicode_ci;
/*!40101 SET character_set_client = @saved_cs_client */;

--
-- Dumping data for table `member`
--

LOCK TABLES `member` WRITE;
/*!40000 ALTER TABLE `member` DISABLE KEYS */;
INSERT INTO `member` VALUES (1,'2024-09-25 22:48:57.864930',_binary '','2024-09-25 22:48:57.864930',NULL,NULL,NULL,'$2a$10$59DnnBYjcxZTIQOooKxYSO5fOy/LZOqteFJKn6jbyRRbBiDwi/.16',NULL,0,NULL,'USER','8064f5e7-1d4d-4ea2-8a98-4cde616d853b'),(2,'2024-09-26 09:02:16.909704',_binary '','2024-10-04 15:42:38.914813',NULL,NULL,NULL,'$2a$10$Y4oDoaX.1geKzb2/H/YvI.c4pM1Yt81c0A3cEE2tR/aWfXtdeEMga',NULL,0,'eyJhbGciOiJIUzI1NiJ9.eyJpYXQiOjE3MjgwMjQxNTgsImV4cCI6MTczMDYxNjE1OH0.5MTdh23FYnx_Wo6MI4DKBwX3lAQMJ6YQe3xX2RnsLgM','USER','84dcf92b-27ef-4485-97de-c042a1ca361d'),(52,'2024-09-26 14:32:37.183449',_binary '','2024-09-26 14:32:37.183449',NULL,NULL,NULL,NULL,NULL,0,NULL,NULL,NULL),(102,'2024-09-26 17:39:59.715388',_binary '','2024-09-26 17:39:59.715388',NULL,NULL,NULL,'$2a$10$6lCkABLnMEs7LRdeyWPMMOXwre9UFbL97N3nFy6Mo0Y7Lsu0TxC3S',NULL,0,NULL,'USER','cad8ab1e-3169-4ba0-914e-3d1fce779d25'),(152,'2024-09-26 18:17:55.107089',_binary '','2024-09-26 18:17:55.107089',NULL,NULL,NULL,'$2a$10$wdy5cgjldC9MUU1vV8sDYOjokP3kESoGCPXCBbs6y6LNdXP7pwz.u',NULL,0,NULL,'USER','2e835bf7-fee2-4aaa-8576-7343b4620909'),(202,'2024-09-26 18:29:40.064063',_binary '','2024-09-26 18:29:40.064063',NULL,NULL,NULL,'$2a$10$BWajQ.hXj3V2hGVCBel4f.ikKnODuZxWxNBhJIygcFn0Nl1T9LquS',NULL,0,NULL,'USER','9802d149-d2dc-4272-978f-7fe1bb1f46bc'),(252,'2024-09-27 10:18:17.383670',_binary '','2024-10-07 16:27:59.989407','front_master@ssafy.com',NULL,NULL,'$2a$10$7njoJIYq065zYHliS1ImXuUkfZvUlNLLO2Mj1lnGdkofVWnwjQHdy',NULL,84700,'eyJhbGciOiJIUzI1NiJ9.eyJpYXQiOjE3MjgyODYwNzksImV4cCI6MTczMDg3ODA3OX0.0f8llOXFga2QKz0qrCN4Ak4g6lVcSLUy31Q-DDH2tW4','USER','94952c5f-6e58-4865-8c04-1e2f90dfd05a'),(302,'2024-09-30 10:17:29.441654',_binary '','2024-09-30 10:40:41.608053',NULL,NULL,NULL,'$2a$10$arsiRh1HIpwebl36xkUwOubpLasDK90bn3Uxm82Y2xHWYeqT0A/ni',NULL,1000000,'eyJhbGciOiJIUzI1NiJ9.eyJpYXQiOjE3Mjc2NTk3NjgsImV4cCI6MTczMDI1MTc2OH0.JQ3_stBMNczgIi2JrTifoJem_wuILCO4po8CbUhP3pQ','USER','850fbf2e-f1ea-4f72-a6c1-3b1cbf6444b5'),(352,'2024-09-30 10:44:15.012361',_binary '','2024-10-06 16:14:39.572400','a505adsasd5ssafy02@ssafy.com',NULL,'λ¬΄μ‹λ¬΄μ‹ν•λ°”μ§€','$2a$10$DT8l.oXWVXSHCeeDfeM.lOa4vWRMg6XzKG3MhkThs62mY1j9m8c5u','010-1234-3214',0,'eyJhbGciOiJIUzI1NiJ9.eyJpYXQiOjE3MjgxOTg4NzksImV4cCI6MTczMDc5MDg3OX0.mzF6T6IBX_-eB9vZ-N9CQ4iuv8umHZVw7R5vTi9UTOE','USER','a87aefd7-b367-4b31-a037-fcabe8317961'),(402,'2024-10-02 09:59:29.646614',_binary '','2024-10-09 15:02:33.766335','ssafy100@gmail.com',NULL,'dddd','$2a$10$Elz2NMwBOg3Zg01LWJHgyODXq0ICQb91dWbVn.f7qVaqipTRVKT.C','010-1234-5678',83500,'eyJhbGciOiJIUzI1NiJ9.eyJpYXQiOjE3Mjg0NTM3NTMsImV4cCI6MTczMTA0NTc1M30.kt3sN1Cu6MawmCb8Qin7D1kif0gElzMoh1YMyhngWAk','USER','4c96a9fc-f5c7-4c90-8b3f-0d7852415d75'),(452,'2024-10-02 10:58:45.021643',_binary '','2024-10-11 09:28:28.949323','ssafy101@gmail.com','0e19c0f2-f4ed-486f-92a7-fbc603cd98fb.jpg','κµ¬λ§¤μ','$2a$10$xSueS4rYzT9m1hpwXUJhP.X4MQaglP6zSVq/USSUS5EICF9CtZpZ2','010-1234-5679',61395,'eyJhbGciOiJIUzI1NiJ9.eyJpYXQiOjE3Mjg2MDUyOTgsImV4cCI6MTczMTE5NzI5OH0.x6avQ0DHt5MakrjeOIUANp3RqB4lI8cxmcZXk4VPoxM','USER','7e973aab-07d1-41f7-a6e6-b46e61cff59f'),(502,'2024-10-02 14:03:34.992455',_binary '','2024-10-07 11:00:24.474435','ghdqjatjs@gmail.com',NULL,'λ¬΄μ‹¬ν• μ΄μ½”μΉ©μΏ ν‚¤','$2a$10$iGx.sAhwx2Fl.26JYDZU8uQlHJc6JHYxkEDK9HzKjaYyzK1P1IpXO','1',0,'eyJhbGciOiJIUzI1NiJ9.eyJpYXQiOjE3MjgyNjY0MjQsImV4cCI6MTczMDg1ODQyNH0.H9KCGlV9EgTHfkKXwgnw7kPT6litGmDHWqEuFy22ZuE','USER','270fcc88-93b0-4dd7-b702-59b10d340a84'),(552,'2024-10-02 16:21:36.178168',_binary '','2024-10-04 16:40:32.011508',NULL,NULL,NULL,'$2a$10$pNEqxkv1kvLzZMhjefp8neqqP11.npKtfdLkbBhCz0vAcQvnZOPWu',NULL,5000,'eyJhbGciOiJIUzI1NiJ9.eyJpYXQiOjE3MjgwMjc1MTcsImV4cCI6MTczMDYxOTUxN30.3qD5iEJjZMPSLqvqhgQJe-B7nnbx9VollvY_2vosOcM','USER','658c438e-bbf3-438d-941c-d1d6f3425d6f'),(553,'2024-10-04 09:58:53.495795',_binary '','2024-10-04 11:14:31.196987',NULL,NULL,NULL,'$2a$10$Njua2SfpJOG.HMgVHX0kz.2npftExeSP68kmDU21VYtmFpqpDtq3m',NULL,94700,'eyJhbGciOiJIUzI1NiJ9.eyJpYXQiOjE3MjgwMDM1NTAsImV4cCI6MTczMDU5NTU1MH0.ZdLW3I2LLV6s3CMBI0HAOd8uEmXYNPQS3KTOwoYvMak','USER','0613126d-2b7c-4651-9d98-77719ce39fc5'),(602,'2024-10-04 18:01:16.982146',_binary '','2024-10-06 15:17:52.366425',NULL,'9d0a3f27-420e-465b-a639-3a02702fa7de.png',NULL,'$2a$10$NTtYjgMLN2DG/nrE2.jR..Ktzt1etuvizdzYPo8l76uTYOmRQeL2G',NULL,265000,'eyJhbGciOiJIUzI1NiJ9.eyJpYXQiOjE3MjgxOTQwNTQsImV4cCI6MTczMDc4NjA1NH0.9n2jSpt9VTuzTS4FalnX9PXXYY-ok_IOhFEXxY5Vw3g','ADMIN','29b46964-8396-4d97-b93b-a4c41e6a5549'),(652,'2024-10-06 14:43:59.195060',_binary '','2024-10-06 14:43:59.347335',NULL,'0e19c0f2-f4ed-486f-92a7-fbc603cd98fb.jpg',NULL,'$2a$10$xJCm8Wsb38xfFdLj7pt8u.Bvfc0blnPKbe7I8n6uqjQO28X/MAjai',NULL,0,'eyJhbGciOiJIUzI1NiJ9.eyJpYXQiOjE3MjgxOTM0MzksImV4cCI6MTczMDc4NTQzOX0.rweorjT9_MDbj8J3y2KXdFKpOgInL6FjM38H78BrKsE','USER','8c969adb-2bdd-4878-b129-93b2fcc27ab9'),(653,'2024-10-06 14:51:58.870351',_binary '','2024-10-06 14:55:50.502070',NULL,'771d931f-da73-4fc9-9d00-912358c12e3d.jpg',NULL,'$2a$10$zEThKR7N9uJPqhS59Txt1eQhki86t7/yDS/8F.2alnpsylaj8sh7m',NULL,15000,'eyJhbGciOiJIUzI1NiJ9.eyJpYXQiOjE3MjgxOTM5MTksImV4cCI6MTczMDc4NTkxOX0.wVtj6NdcbN9zGjGtZjF9graVy1YyNJeK8wpd8lCYvTY','USER','8bd47b1d-0317-40b9-860b-94dff374ae0f'),(654,'2024-10-06 15:02:03.482041',_binary '','2024-10-06 15:35:51.041361',NULL,'cea87a2a-a380-4115-9eb7-2ad2478fd433.png',NULL,'$2a$10$r7NCez8iPCupyUBf4RzZleHSEhJIbV.oen1eBKlMernspLniN5/qa',NULL,0,'eyJhbGciOiJIUzI1NiJ9.eyJpYXQiOjE3MjgxOTY1MzEsImV4cCI6MTczMDc4ODUzMX0.PDYZDgoUQkrwmOdNwZ30_hOM0tGVA1n3rSW2BiSvPH8','USER','dd8c6506-f06a-47e4-9c8a-8fbbcefa98ae'),(655,'2024-10-06 15:18:43.333839',_binary '','2024-10-06 15:18:43.479394',NULL,'92d7108f-a4a3-47d2-98f3-b89ebfa61781.jpg',NULL,'$2a$10$mR0MrnX0r7dVhErkfqKis..hIT6QgTH1e5eVSCseNUIok6aXiWoYO',NULL,0,'eyJhbGciOiJIUzI1NiJ9.eyJpYXQiOjE3MjgxOTU1MjMsImV4cCI6MTczMDc4NzUyM30.JlHvOQ3_X5SDQzl8xGg4BJrrpKLM4LXKCML9LneTtK8','USER','a763023c-3b03-4697-9251-ece0d0521bc2'),(702,'2024-10-06 16:09:23.731109',_binary '','2024-10-06 16:09:45.764692',NULL,'7e6ad16c-3a1f-4b61-9489-fdc94b8643ae.jpg',NULL,'$2a$10$RFUboa1WEFCzggXx./CrWePe5kBhIBltpdSMWkntwzffgoHgWsqnK',NULL,0,'eyJhbGciOiJIUzI1NiJ9.eyJpYXQiOjE3MjgxOTg1ODUsImV4cCI6MTczMDc5MDU4NX0.qAcz_DUJM6yQ22csvn7N1vm8de6n-IJNMW0wGEZZZI4','USER','f5d1ebdd-ffbf-4d86-8753-f6f779e1ca2b'),(703,'2024-10-06 16:22:59.717452',_binary '','2024-10-06 16:22:59.842481',NULL,'89aa9c32-4861-4728-8200-95da8bd14449.png',NULL,'$2a$10$z/Cj9V7bpPja0DFnQG95o.0XtBLwW.dHmkvld3o8ySN5/a9JuoNKW',NULL,0,'eyJhbGciOiJIUzI1NiJ9.eyJpYXQiOjE3MjgxOTkzNzksImV4cCI6MTczMDc5MTM3OX0.koVKG1nL7T1e-N6rbpp8FElhDMnONHuxMLpP5EWsmVY','USER','4c86b273-e361-4bb2-a85a-badf0dcd4358'),(704,'2024-10-06 16:35:08.058509',_binary '','2024-10-10 19:44:16.413718','tester@ssafy.com','388776c3-87b2-478a-a1ef-984e9d0308fd.png','μΉλ…μ μΈ λΉ μ‚­','$2a$10$NQoAXJvA9ZOVrOTvHz/LFuC8QtuQ.Pky33srff8lkncyEoPx7DnuO','010-0000-0000',906234,'eyJhbGciOiJIUzI1NiJ9.eyJpYXQiOjE3Mjg1NTcwNTYsImV4cCI6MTczMTE0OTA1Nn0.a55AMYqXvJjbo4Deea1dBIuMXRlnWOJqo6A0Rsw9b-E','USER','578e75d8-e56c-4c99-86a8-56157e5e343e'),(705,'2024-10-06 16:35:33.922318',_binary '','2024-10-06 16:35:34.069180','eemal@gmail.com','cf80cac9-efb1-4def-ab6b-7ad5a5b52d84.jpg','μ²λ‘¥ κ°™μ€ ν—λ‹λ²„ν„°μΉ©','$2a$10$I3DDcii/fqGBtt9kP69GvO4wbk3oaDJgHlkLpGY/ejIpmmagAs9LK','010-11',0,'eyJhbGciOiJIUzI1NiJ9.eyJpYXQiOjE3MjgyMDAxMzQsImV4cCI6MTczMDc5MjEzNH0.4M_3e8TCCjPmxNug6UB88j5E9eFQt-gKZr6z1Nrdi50','USER','e18c3efc-2c08-42d0-b8c6-d3c629aff00f'),(706,'2024-10-06 16:37:17.348410',_binary '','2024-10-10 10:32:12.454601','joja505@ssafy.com','016e363e-26ed-4e75-ad1e-808375e36b8e.png','λ¬΄μ •ν• λ΅―λ°μƒλ“','$2a$10$j2HAIjhxOBi416/BaHGrAe/zlT398EQK0ytMsaclLh0fiS84Quzxi','010-5592-15180',54367,'eyJhbGciOiJIUzI1NiJ9.eyJpYXQiOjE3Mjg0NjM3MjksImV4cCI6MTczMTA1NTcyOX0.CVFPchSWkkm7pu8CcPUbn0vmuk0qIUVl6F-aKtviswc','USER','38189acf-2f84-443d-a030-988fb6224f2e'),(707,'2024-10-06 16:52:16.778074',_binary '','2024-10-11 09:32:30.469425','m@m.com','8c6bb4cf-67a7-408d-a26b-5e3d1ea5e482.jpg','νμ°¬ λΉΌλΉΌλ΅','$2a$10$l9h4Sei/YbTrxhxXILS1Q.iqYerGQSGYDmPs33n.Uis14kgzDO2OS','010-123',5715,'eyJhbGciOiJIUzI1NiJ9.eyJpYXQiOjE3Mjg1NTYyMDgsImV4cCI6MTczMTE0ODIwOH0.OmXRfIfDjoLmtyaOSqSgrHC6zUD5EIcIcmZLoIrxxfk','USER','a941a492-8c5c-4348-912e-c4400eeb44fb'),(708,'2024-10-06 17:26:23.981039',_binary '','2024-10-11 09:45:35.743722','qwe@qq.com','3ac81733-41a9-4eb0-8711-a7e14bc76de3.jpg','μμ›ν• μ— μ•¤μ— μ¦','$2a$10$Na2YzkakBq.Et/pKYBrSD.YMzapPcZcyOap0wCbpjOSh/up5TpZ22','010-1234',106125,'eyJhbGciOiJIUzI1NiJ9.eyJpYXQiOjE3Mjg2MDUwNjksImV4cCI6MTczMTE5NzA2OX0.MkeTKiuqlfyliwbHef8eslUKXAM4_PmPsyvNbuPe5bc','USER','973e02a8-db18-4f16-838f-76aebe037bcc'),(709,'2024-10-06 17:29:11.408838',_binary '','2024-10-11 09:32:30.455227','qwqw@qq.com','bee53085-7dd2-4714-ad83-e3f6c1d2c07b.jpg','λ‚ μΉ΄λ΅μ΄ ν¬μΉ΄μΉ©','$2a$10$7w1uiTFyMiB8hDJ/NSCxeO6f.EQC7IRG3y6FHa9hg.x8fb2dQ.dgy','010-10',133734,'eyJhbGciOiJIUzI1NiJ9.eyJpYXQiOjE3Mjg1NTYxMjMsImV4cCI6MTczMTE0ODEyM30.Qh1Oek0m7ROIjnM8wMfwiYqB1idNoWZjSIUBwjGdfcs','USER','c23d3eb6-39d4-41f2-9738-0e5f290fd9a9'),(752,'2024-10-07 09:36:27.360925',_binary '','2024-10-07 09:36:27.519535','xorjsghkd123@gmail.com','f64c84f9-90c1-41eb-84fa-e216baf2677f.png','λ‹¨νΈν• νƒ±ν¬λ³΄μ΄','$2a$10$ykClR.X4QeliA5gRF6B4IOog24Df5v2PSyvH6z6SKnDmv1ycHkXTO','010-0802-0802',0,'eyJhbGciOiJIUzI1NiJ9.eyJpYXQiOjE3MjgyNjEzODcsImV4cCI6MTczMDg1MzM4N30.BXgs39B_9oTA92uJulVXQN6evvs0pFw1pCLrSXNVicE','USER','80e42813-5963-4ef4-bb51-edc05c14a7ac'),(802,'2024-10-07 11:04:36.393043',_binary '','2024-10-11 09:35:47.084331','qjatjs123123@gmail.com','45d373b0-f1b9-404f-9a57-4170fb81a2ec.jpg','κ·Ήμ•…ν• μ¤λ μ¤','$2a$10$8DpLjsK4qJnc3oJazz/5oO1MJHAhMpNVpkazoDy35wb5UBnwFMyLm','010-8298-0198',250458,'eyJhbGciOiJIUzI1NiJ9.eyJpYXQiOjE3Mjg2MDQzNzEsImV4cCI6MTczMTE5NjM3MX0.R1gHYLYNrEn4ChfuUY_z_bWJU-7aIO-VpxwapS6efwo','USER','0bc6ffb8-ace8-4640-b19d-edb616f7ce79'),(803,'2024-10-07 14:32:04.082923',_binary '','2024-10-11 09:33:31.134365','ssafy111@gmail.com','ca554e40-725c-46a6-9ba1-a18b8dce2bc8.png','κ²°μ—°ν• λ§μΉ΄λ΅±','$2a$10$OBjMSM7WdYEX28UwhwW0.uHQ0IWT2wkldavx/S2lA4FAYaKdcxUru','010-4299-8002111',152900,'eyJhbGciOiJIUzI1NiJ9.eyJpYXQiOjE3Mjg2MDY3MTIsImV4cCI6MTczMTE5ODcxMn0.ax_lN0PGehb9yaw8s3HQu0ri2VE_TcAK3GJi1P7Qcig','USER','0d8798e4-4d1c-4f59-abcd-ee27827ea2d6'),(852,'2024-10-07 17:31:06.546246',_binary '','2024-10-09 20:24:25.940550','xorjs1011@gmail.com','a4043502-43e2-43a2-a0ff-9da597af77d6.png','μ§€λ…ν• λΉμΈ ','$2a$10$pNDW8RExnruL3cnvqUoufuoTG2qNS6y3JIZbIEwOuS7985xBbTscC','010-6640',187050,'eyJhbGciOiJIUzI1NiJ9.eyJpYXQiOjE3Mjg0NzI1NTAsImV4cCI6MTczMTA2NDU1MH0.4R51dbkWId9qSHtTbvqaOTedfAPfum9IwKI3sze5LWM','USER','61495fe2-5756-4382-9f3f-138a05e4875b'),(902,'2024-10-08 14:44:15.371658',_binary '','2024-10-11 09:32:30.410568','ywj@gmail.com','eaf211b1-0d12-4601-bba6-5a72b6613933.png','λ‹Ήλ‹Ήν• μ¤λ¨','$2a$10$gxeH1xbJ7zrMVKrozwK6fue1J73Ck1K46uQoyikkHNeX.oFGMTuHO','010-2805-7406',82121,'eyJhbGciOiJIUzI1NiJ9.eyJpYXQiOjE3Mjg2MDUxNTMsImV4cCI6MTczMTE5NzE1M30.LOVeYVasggXCqBMVOXcyihKhp3i8K9I4vCTUL2N6neY','USER','6b365018-f9d4-42eb-8ce9-2c01af579e5e'),(952,'2024-10-08 14:47:51.545778',_binary '','2024-10-11 09:35:25.940316','umulumul@gmail.com','68ab2caf-2303-4bd3-bb74-e0df1042fffa.svg','μ°λ¬Όμ­λ¬Ό','$2a$10$HQujF74wy5XGFsTZQjd4BO4M/B2b1Y0BtTWCinay8OfpU.bUEJ86C','010-14',233576,'eyJhbGciOiJIUzI1NiJ9.eyJpYXQiOjE3Mjg2MDUyNjEsImV4cCI6MTczMTE5NzI2MX0.dsFr-N2vhFVIx9d0YOBGVpPVXdXjq4ZIY_QiN4f7GhY','USER','997ac129-e980-4014-b5e8-66b3c943f13e'),(1002,'2024-10-08 18:53:12.946396',_binary '','2024-10-08 18:53:13.103043','mail@mail.com','909d5d14-db96-4c2d-91b8-834aa52262df.jpg','ν™•κ³ ν• μ¤μ™μΉ©','$2a$10$0U2aJLb5PtkofbvzFcA27uHhCrVzOgXAaQwhK7O07/FPo/lJwC0om','010-15',0,'eyJhbGciOiJIUzI1NiJ9.eyJpYXQiOjE3MjgzODExOTMsImV4cCI6MTczMDk3MzE5M30.lQsN8bz0c57tJNBoHPJHt1RLD14lZUoOb9VEBUcyEZc','USER','696fdb07-df7d-4735-b715-7341433d3528'),(1003,'2024-10-08 18:57:30.634059',_binary '','2024-10-08 18:57:30.782296','m1@m.com','8f439383-13f6-479c-83d4-f2101749db73.jpg','κ°€νΉν• λ΅―λ°μƒλ“','$2a$10$zT..0PkaV14.olXS.FcdkuhfE6U0nLbgBxpaqWXB23cbqtNtVV27K','010-16',0,'eyJhbGciOiJIUzI1NiJ9.eyJpYXQiOjE3MjgzODE0NTAsImV4cCI6MTczMDk3MzQ1MH0.a0fsF3t2a4MxGEKxdOphvHtZ2-pAXhF6hV5VvHxTtYE','USER','f7ed546e-0046-4c27-98e5-01340e3345a3'),(1052,'2024-10-09 14:16:46.866234',_binary '','2024-10-09 14:16:47.002093','joja5052@ssafy.com','d332e219-cfcb-492e-8db6-1fd42bf77e18.png','μ μ°μ¤€3','$2a$10$uJyNNidYHEhLh0jTjFKY8u0mVpncsMyGk8DwFoQJhy9wrtB1BZo8q','010-5592-1518',0,'eyJhbGciOiJIUzI1NiJ9.eyJpYXQiOjE3Mjg0NTEwMDcsImV4cCI6MTczMTA0MzAwN30.kGFQKVTtKV8RId4br8uZk6mP-45X7-e1UPz0MDHo8U0','USER','42f2bef9-ca36-4795-8c2a-180327ffb884'),(1053,'2024-10-09 14:17:08.769528',_binary '','2024-10-11 09:19:53.332995','jeong0304@gmail.com','e4c9252a-ebca-45e9-9b84-ae3ab8b18324.png','κ°•μΈν• μ–‘νλ§','$2a$10$L6X8pMqzAFC/io/sPup6Q.iAPcBTeZlvk4iDpuuOGShc34rlVTh0.','010-4299-80021',43717,'eyJhbGciOiJIUzI1NiJ9.eyJpYXQiOjE3Mjg1NTU0MjksImV4cCI6MTczMTE0NzQyOX0.5N78cFEsrAu2uP8xDwIaW-nrxY9q82uLdmUoTUQWedM','USER','353f4e73-7eec-48fc-ae87-c75490f9f170'),(1054,'2024-10-09 14:17:14.464718',_binary '','2024-10-09 14:17:14.464718','joja5052@ssafy.com','9ab1a6c2-2606-4c26-bd7d-02f7c3d51e33.png','μ μ°μ¤€2','$2a$10$RpHKEoTefrnTII41tAjw1uLoUde5.002rPqc59q3fULio2x0XHt0q','010-5592-1518',0,NULL,'USER','42f2bef9-ca36-4795-8c2a-180327ffb884'),(1055,'2024-10-09 14:17:26.101414',_binary '','2024-10-09 14:17:26.237858','joja50522@ssafy.com','1fee96ea-25aa-4f6f-abda-ac740009742a.png','μ μ°μ¤€1','$2a$10$3tJfecYRYS4xq1Nj/rQ6r.i5Vy.JSTl/BTB8dVc3N/jJjdacA1SRC','010-5592-1518',0,'eyJhbGciOiJIUzI1NiJ9.eyJpYXQiOjE3Mjg0NTEwNDYsImV4cCI6MTczMTA0MzA0Nn0.jfVAGksKd7qwEREVvIlu-4gKSffD6MjhSaUpVTiLeKc','USER','7e2b1e0f-7688-4c60-b81b-33c770b09091'),(1056,'2024-10-09 14:17:35.154889',_binary '','2024-10-11 09:32:30.527126','xorjsghkd1011@gmail.com','7b0a662c-9de8-4c14-a59b-f9059fbff63b.png','λ¬΄μ μ μΉμ¦λ³Ό','$2a$10$tGjcBaE6A/tAY5VuTD6j3edPhfOV0wpKrbA0dMJI2nNJivaHtbsDu','010-6640-6343',101764,'eyJhbGciOiJIUzI1NiJ9.eyJpYXQiOjE3Mjg2MDM4NzMsImV4cCI6MTczMTE5NTg3M30.0SrsiwO8czOUQMDGuws0chYOuVc8pSMX1gCw6CCMN1U','USER','fdfbc070-0a65-405e-ac71-25a83b48fe92'),(1057,'2024-10-09 14:17:46.682192',_binary '','2024-10-09 21:23:59.500481','dabidabi@mail.com','f0d93467-7797-41d2-a5b4-74dcac91e586.png','λ‹¤λΉ„λ‹¤','$2a$10$BsB532gsn.Xo34yFMBKXk.u1p1wRNM7qtXtJmNU4PXT1No0cG6B02','010-17',2800,'eyJhbGciOiJIUzI1NiJ9.eyJpYXQiOjE3Mjg0NzY1ODQsImV4cCI6MTczMTA2ODU4NH0.sKrWZNWE-GoSNfPrxwCWbB5N4N5E_EjnqUtEdZkCVJ0','USER','d93a3360-7735-4e85-bebd-479a9045cdfe'),(1058,'2024-10-09 14:17:52.085765',_binary '','2024-10-11 09:26:52.520608','jojaa505@ssafy.com','9ae9b6f7-146a-4d56-bc1f-205e85af5c01.png','μ μ°μ¤€4','$2a$10$h3e7H.0rSYtgaFMbRGZiq.KWJDggjwqienmIw8ktkz0rxPHov7QOG','010-5592-1518',376637,'eyJhbGciOiJIUzI1NiJ9.eyJpYXQiOjE3Mjg2MDQzOTgsImV4cCI6MTczMTE5NjM5OH0.dWExokRR_gCFBAndp96VSaBpksqdH1T7aOKzWCwzoMY','USER','8f19d341-b898-44cf-8b59-94dce1d9b762'),(1059,'2024-10-09 14:18:26.851334',_binary '','2024-10-10 11:22:42.935271','beomseonhurry@ssafy.com','44f2f68f-e1f5-488c-80ab-11f590ceb004.png','λ΅¤25μ—°μΉμμ‚¬λ‚μ΄','$2a$10$CMph9DcUEHUwZ86A0Bnil.Clzf0uqYfsa9qT4GVWlMPPtvUIGRcDu','010-2805-7407',977804,'eyJhbGciOiJIUzI1NiJ9.eyJpYXQiOjE3Mjg1MjEyMjEsImV4cCI6MTczMTExMzIyMX0.HWYyeVLeRlPZQZMCB0_lBPwhOAJvF5fiP9F1cEP9sZ8','USER','a8234c2e-020f-4027-87f3-2718f5de6433'),(1060,'2024-10-09 15:13:38.591024',_binary '','2024-10-11 09:32:30.484221','mm@m.com','19d3425a-1f28-4469-aab0-e8dd24c4fd64.PNG','μΉμ—΄ν• λ¨λ‚μΉ΄','$2a$10$pHWoiiweIjdnvleiCe9xjuQi2HlnvBiiW3em1E3kS/lqc54vSD2oG','010-18',111300,'eyJhbGciOiJIUzI1NiJ9.eyJpYXQiOjE3Mjg1NTYyNjcsImV4cCI6MTczMTE0ODI2N30.vcXZMzw1igCnTx1FBKhSLe6ReoqTpPj8auQRr_hHb_o','ADMIN','308f3985-5f49-4217-9c1a-7c7a54670794'),(1102,'2024-10-09 20:13:53.381901',_binary '','2024-10-10 16:16:18.295105','dbdnwns@ssafy.com','418d7874-0f92-4d88-8ca4-9c7019a3d796.ico','ν­μ••μ μΈ λ²„ν„°μ™€ν”','$2a$10$hHbkmPoKtTT9XGhVdqRsxOFuJJYJ88D13kGWNSpgdPGC9azU7Ue2a','010-2805-7401',40000,'eyJhbGciOiJIUzI1NiJ9.eyJpYXQiOjE3Mjg1NDQ1NzgsImV4cCI6MTczMTEzNjU3OH0.NBFFGiOQ18LXdmIg_yZAv93sd2vZ6F8qht67yO4Po5Q','USER','1a8924ed-6b46-4cca-9305-57ffb68b1280'),(1103,'2024-10-09 20:14:47.437022',_binary '','2024-10-11 09:19:53.439635','umulumul169@gmail.com','b997028c-02f9-4243-943f-8a4432b1aee4.png','κΉμ€ νƒ±ν¬λ³΄μ΄','$2a$10$QGMh2MY4aJKG1gnMwxRuP.x9SOV6hcPMz.6tQCN0XjswDKlsd1jL6','010-19',84967,'eyJhbGciOiJIUzI1NiJ9.eyJpYXQiOjE3Mjg1NTU1MjgsImV4cCI6MTczMTE0NzUyOH0.HQ_MVklNze8EWeriMn58_FrF1S8dvFAqV297G0G5xqk','USER','997ac129-e980-4014-b5e8-66b3c943f13e'),(1152,'2024-10-09 22:06:37.875644',_binary '','2024-10-10 19:13:16.178657','dabid@dabid.com','fbc2b11b-5473-4a6e-939a-4e8a153ebdd0.ico','λ‹¤λΉ„λ“','$2a$10$Tv8sVHpVQG19ujEuJj/ZKOu1fs/gshlobW0a5Hid6s7qhg6f3mWQC','010-1234-9876',242800,'eyJhbGciOiJIUzI1NiJ9.eyJpYXQiOjE3Mjg1NTA4NzIsImV4cCI6MTczMTE0Mjg3Mn0.wBLIU6GpLsDQ8Qx-WIQbHxlWO5pnLIqH9eVlBqxBlis','USER','c62503ee-ccf4-495d-80e6-bbdb6a8056ed'),(1202,'2024-10-10 09:23:09.851152',_binary '','2024-10-10 10:13:27.153531','qjatjs123123@naver.com','c0c227e3-8d5b-49b2-b254-300f695ac796.png','λ¬΄μ μ μ¬μΉ©','$2a$10$mX1jOicd4eu4bg9iSBn1yOL038nKWmCgify/4BvUxBD/jc1zfgGNK','010-8298-0192',60000,'eyJhbGciOiJIUzI1NiJ9.eyJpYXQiOjE3Mjg1MjI4MDcsImV4cCI6MTczMTExNDgwN30.no8THcCJmYdXCB8Ld0e4wCYpq6lWhA30OJtsMfQhWyc','USER','71b2ece2-981e-452a-8412-7c6aecbaa2e1'),(1203,'2024-10-10 10:14:30.050886',_binary '','2024-10-10 19:13:16.214804','ghdqjatjs123123@naver.com','d0b7c50e-2d0f-4d69-baf5-a87940f00f8c.png','μ••λ„μ μΈ μΉμ¦λ³Ό','$2a$10$RhBHr2JBVosEQzeN71zF4OqfJgdgcqgMeu4jpb2c9MsxtHyXVMpXa','010-8298-0199',1000000,'eyJhbGciOiJIUzI1NiJ9.eyJpYXQiOjE3Mjg1MjM0MTYsImV4cCI6MTczMTExNTQxNn0.XopNL9DEpMNSvf-gcuVR9BTYnSrEPE26eiY8kco6qzE','USER','762d5c9f-2837-40d7-a39c-c06cb36e5da5'),(1252,'2024-10-10 10:37:10.996944',_binary '','2024-10-10 10:37:33.597786','ssafy555@gmail.com','24d7a02c-ab4d-445c-bdfe-fa00e8f62156.jpg','λ“μ„Ό μΉΈμµΈ','$2a$10$Y9ops2/flC/WHRB6axYD8.OET06vDHJyG3SzawwKZGIkfKWL4jO1S','010-4299-80021234',50000,'eyJhbGciOiJIUzI1NiJ9.eyJpYXQiOjE3Mjg1MjQyMzEsImV4cCI6MTczMTExNjIzMX0.Wc6WuCDDXz9KuPRwjOemXUwNBT0Rsdn8-LYdXj_T3FM','USER','9fe8612a-a2af-43c7-bcc8-84a1f4352b32'),(1302,'2024-10-10 16:57:52.416159',_binary '','2024-10-10 16:57:52.626302','gamja@gmail.com','862b8fce-19c6-47e2-854c-96d52d369469.jpg','λ¶μ‚¬μ‹ μ μ¤κ°μ','$2a$10$fnt4gewznKkXvkpmjhb46.Cz6zlMNIWJcZwz//Rv3FjtcPF73l8Ry','010-4299-8002',0,'eyJhbGciOiJIUzI1NiJ9.eyJpYXQiOjE3Mjg1NDcwNzIsImV4cCI6MTczMTEzOTA3Mn0.wm0ickZZ5YH16XcPF8z_QbFemK0wZ8W_MJn3YKIxd-Y','USER','51e96525-a27d-40d8-b285-b287d25a1054'),(1303,'2024-10-10 16:57:53.204286',_binary '','2024-10-10 16:57:53.204286','gamja@gmail.com','c314fcfe-ee9a-4311-a5d8-f62b131dd815.jpg','λ¶μ‚¬μ‹ μ μ¤κ°μ','$2a$10$2ioUA3IMWzv2nEfcT7.hE.cWlDeKMIhbj5xeIDGE6/mVW790lJG9K','010-4299-8002',0,NULL,'USER','51e96525-a27d-40d8-b285-b287d25a1054'),(1304,'2024-10-10 16:58:31.106937',_binary '','2024-10-11 09:32:30.500964','mm@mm.com','c7ed3f24-79d3-4a11-b375-9415ba3ee3b5.jpg','κ³Όκ°ν• κµ¬κµ¬μ½','$2a$10$ZNH3Za1yGPLpcWro.UA2n.7x3TN02CnMihCEuJ.OWVIVJQ3GINQhK','010-4564-9350',92500,'eyJhbGciOiJIUzI1NiJ9.eyJpYXQiOjE3Mjg1NTYzNjUsImV4cCI6MTczMTE0ODM2NX0.XRknhKFWbmKwPdUm_vUJoj20uQWyiO0GK1Qu6pWiWdw','USER','677727f0-3780-4874-82cd-f699900a3bbe'),(1305,'2024-10-10 17:12:52.290827',_binary '','2024-10-10 17:13:41.313815','sss@ss.com','47b69f94-30c0-43a6-a372-c59ea98a9cef.png','λ¬΄μ μ μ–‘νλ§','$2a$10$fI.MNs37mUkjOeQ.D7A2POHcg.rDqIkY05jbjdUoZGPb8CkAXmnAO','010-2805-7408123123',0,'eyJhbGciOiJIUzI1NiJ9.eyJpYXQiOjE3Mjg1NDc5OTksImV4cCI6MTczMTEzOTk5OX0.q94Ewr6ieLJO2wX5y9Pmhbda1cWJUnyFc1eRsRYbVfw','USER','f4296665-3f6b-4abe-bbb9-c6a06dcd3131'),(1306,'2024-10-10 17:16:47.286293',_binary '','2024-10-11 08:47:58.402859','x@dabid.com','42e15f7c-33f9-4d91-8eea-49a8b7b3e9f4.png','κ²©λ ¬ν• νΈμ…μ¤','$2a$10$Yu6nqk57e/eeVMipXDOaEucodBKKK9flbIJV42.Em4OjeBuq9b6Ca','010-2805-74081',48500,'eyJhbGciOiJIUzI1NiJ9.eyJpYXQiOjE3Mjg2MDM3MTksImV4cCI6MTczMTE5NTcxOX0.-KMjd33aqCYD4yLDuhfPvQh9QCqpLXQv11pFAHirc80','USER','e5623e53-10bc-40f4-a66f-1dcb4efd2aba'),(1352,'2024-10-10 19:40:04.981657',_binary '','2024-10-11 09:19:53.400624','gus9300@naver.com','6bf7f1ab-e821-495f-bdb8-db57a31cbed4.PNG','κ°•μΈν• μ΄μ½”μ†΅μ΄','$2a$10$iPvnOwIekVP/sH7tH7/ReOn9HlhZktRtj4KHiYP5ItC6FunqEj2qO','010-5936-3877',522800,'eyJhbGciOiJIUzI1NiJ9.eyJpYXQiOjE3Mjg1NzM3OTcsImV4cCI6MTczMTE2NTc5N30.eoyzqBhNqvREeQNDFnanopKjLTAyv_gAQzTRLsyI9Ek','USER','36b7562d-0045-48c5-b3f2-5d741b9549ed'),(1353,'2024-10-11 08:57:42.785349',_binary '','2024-10-11 09:19:53.415621','dab@dabid.com','ae9b8580-56a5-4948-8348-c3f8ba07ea93.png','μ²ν•λ¬΄μ μ νΈμ…μ¤','$2a$10$rWRoUKvkX/ZiA50EgUwWE.bg64OZz3mSqjy4HBWQU.2IYbUbY5d7K','010-2805-74081',50000,'eyJhbGciOiJIUzI1NiJ9.eyJpYXQiOjE3Mjg2MDQ2NjIsImV4cCI6MTczMTE5NjY2Mn0.c4hdZrE_PcFJjGmTNYStb8LhfbzvKNULx4jx-dT7AvU','USER','d1c40bc5-e98f-4df8-a3d6-dca59e94427b'),(1354,'2024-10-11 09:04:06.997570',_binary '','2024-10-11 09:26:52.548324','xxxxxwj@dabid.com','2473ff00-87ef-4d97-9d52-1a48eb0b257c.png','κ°€νΉν• μƒμ°κΉ΅','$2a$10$fwnfoKRvjn3NAKP/YFzwE.NR6cg8fs.FQ.bEBQr7CNj/UtP9PXd8G','010-2805-740812',44000,'eyJhbGciOiJIUzI1NiJ9.eyJpYXQiOjE3Mjg2MDYwNjYsImV4cCI6MTczMTE5ODA2Nn0.KlElJ5K6DJxmh_NJS_eJTw8MNifq24N9y5EOqCotEwY','USER','e5623e53-10bc-40f4-a66f-1dcb4efd2aba'),(1355,'2024-10-11 09:30:58.923243',_binary '','2024-10-11 09:30:59.132380','xxwj@dabid.com','c7ff3338-efc0-4a30-a1b0-cdc5599625a4.jpg','λ‹¨νΈν• λ§κ°€λ ›νΈ','$2a$10$cwEe5bdTXTrSfwr8TqrlHeqWJY0JVSR2w1pG5Swj8pSDJBJdcHqhC','010-2805-7408123454',0,'eyJhbGciOiJIUzI1NiJ9.eyJpYXQiOjE3Mjg2MDY2NTksImV4cCI6MTczMTE5ODY1OX0.82Up1Z13xQIo0b2h9XQlAjH0MdLvq_bRUjXrtvFlBj8','USER','e5623e53-10bc-40f4-a66f-1dcb4efd2aba'),(1356,'2024-10-11 09:35:24.492003',_binary '','2024-10-11 09:35:24.655207','wj@dabid.com','1c805ab6-e154-4f5b-996b-5819c9d7a23e.png','ν—μ•…ν• ν›„λ μΉνμ΄','$2a$10$m3Y/rX31Ih0hQbNpATIjEOek765BX9twKxK.CKqfbZS74Ng9j48Nu','010-2805-7408',0,'eyJhbGciOiJIUzI1NiJ9.eyJpYXQiOjE3Mjg2MDY5MjQsImV4cCI6MTczMTE5ODkyNH0.DVAAGVSgUjFXqcB_Gf9I7mOFxwrxJSZoIc6TaW_YhRU','USER','e5623e53-10bc-40f4-a66f-1dcb4efd2aba');
/*!40000 ALTER TABLE `member` ENABLE KEYS */;
UNLOCK TABLES;

--
-- Table structure for table `member_account`
--

DROP TABLE IF EXISTS `member_account`;
/*!40101 SET @saved_cs_client     = @@character_set_client */;
/*!50503 SET character_set_client = utf8mb4 */;
CREATE TABLE `member_account` (
  `id` int NOT NULL AUTO_INCREMENT,
  `created_at` datetime(6) DEFAULT NULL,
  `is_active` bit(1) DEFAULT NULL,
  `last_modified_at` datetime(6) DEFAULT NULL,
  `account_number` varchar(255) COLLATE utf8mb4_unicode_ci DEFAULT NULL,
  `member_id` int DEFAULT NULL,
  PRIMARY KEY (`id`),
  UNIQUE KEY `UKn1pw9ef8u207ci6bh9r17p6o0` (`member_id`),
  CONSTRAINT `FKqim1koev0rjbtoutyrpqj7wbp` FOREIGN KEY (`member_id`) REFERENCES `member` (`id`)
) ENGINE=InnoDB AUTO_INCREMENT=354 DEFAULT CHARSET=utf8mb4 COLLATE=utf8mb4_unicode_ci;
/*!40101 SET character_set_client = @saved_cs_client */;

--
-- Dumping data for table `member_account`
--

LOCK TABLES `member_account` WRITE;
/*!40000 ALTER TABLE `member_account` DISABLE KEYS */;
INSERT INTO `member_account` VALUES (8,'2024-09-30 10:44:14.845224',_binary '','2024-09-30 10:44:15.013374','0019879709180190',352),(303,'2024-10-02 09:59:29.494464',_binary '','2024-10-02 09:59:29.649072','0019233408635022',402),(304,'2024-10-02 10:58:44.887238',_binary '','2024-10-02 10:58:45.023922','0014635800580303',452),(305,'2024-10-02 14:03:34.861567',_binary '\0','2024-10-02 14:03:34.993271','0015514705625457',502),(315,'2024-10-06 16:35:07.959104',_binary '','2024-10-06 16:35:28.787003','0018313971607048',704),(316,'2024-10-06 16:35:33.829610',_binary '\0','2024-10-06 16:35:33.922629','0017629614321920',705),(317,'2024-10-06 16:37:17.249896',_binary '','2024-10-06 16:39:56.265038','0015006292023291',706),(318,'2024-10-06 16:52:16.682731',_binary '','2024-10-06 16:52:27.291989','0012912315677642',707),(319,'2024-10-06 17:26:23.879375',_binary '','2024-10-09 20:45:32.977604','0016021480772722',708),(320,'2024-10-06 17:29:11.307386',_binary '','2024-10-06 17:47:21.703685','0012394199272103',709),(321,'2024-10-07 09:36:27.229992',_binary '\0','2024-10-07 09:36:27.361711','0016928571083906',752),(322,'2024-10-07 11:04:36.227155',_binary '','2024-10-07 17:42:48.253238','0018873801053790',802),(323,'2024-10-07 14:32:03.981020',_binary '','2024-10-07 14:34:04.137084','0018285679579788',803),(324,'2024-10-07 17:31:06.356465',_binary '','2024-10-08 17:57:59.899499','0011844083850611',852),(325,'2024-10-08 14:44:15.162275',_binary '','2024-10-08 14:45:10.443014','0015253954671362',902),(326,'2024-10-08 14:47:51.401210',_binary '','2024-10-08 15:47:36.889844','0015286277187673',952),(327,'2024-10-08 18:53:12.830016',_binary '\0','2024-10-08 18:53:12.946789','0013880241891652',1002),(328,'2024-10-08 18:57:30.540636',_binary '','2024-10-08 18:59:50.796468','0017743720482889',1003),(329,'2024-10-09 14:16:46.671150',_binary '\0','2024-10-09 14:16:46.867117','0014149708646911',1052),(330,'2024-10-09 14:17:08.670402',_binary '','2024-10-09 14:30:10.802728','0012989400565006',1053),(331,'2024-10-09 14:17:14.374107',_binary '\0','2024-10-09 14:17:14.465511','0014507837731295',1054),(332,'2024-10-09 14:17:25.995416',_binary '\0','2024-10-09 14:17:26.101806','0018742858514473',1055),(333,'2024-10-09 14:17:35.049869',_binary '','2024-10-09 15:51:30.235134','0010122147904611',1056),(334,'2024-10-09 14:17:46.577956',_binary '','2024-10-09 14:25:21.459960','0015584063321247',1057),(335,'2024-10-09 14:17:51.994213',_binary '','2024-10-09 14:23:23.036370','0019073763481717',1058),(336,'2024-10-09 14:18:26.751178',_binary '','2024-10-09 14:22:59.054004','0012246107440911',1059),(337,'2024-10-09 15:13:38.495522',_binary '','2024-10-09 17:32:43.837253','0019934488747934',1060),(338,'2024-10-09 20:13:53.270878',_binary '','2024-10-09 20:14:18.357509','0015573600833466',1102),(339,'2024-10-09 20:14:47.340471',_binary '','2024-10-09 21:21:51.839824','0018913620638072',1103),(340,'2024-10-09 22:06:37.765708',_binary '','2024-10-09 22:24:37.807861','0014381233620913',1152),(341,'2024-10-10 09:23:09.483021',_binary '','2024-10-10 09:23:30.821435','0017656811801050',1202),(342,'2024-10-10 10:14:29.936051',_binary '','2024-10-10 10:38:11.303236','0010719040999916',1203),(343,'2024-10-10 10:37:10.869743',_binary '','2024-10-10 10:37:30.429343','0017154503712028',1252),(344,'2024-10-10 16:57:52.235720',_binary '\0','2024-10-10 16:57:52.426504','0014871135111873',1302),(345,'2024-10-10 16:57:53.084009',_binary '\0','2024-10-10 16:57:53.204894','0013752083764450',1303),(346,'2024-10-10 16:58:30.996463',_binary '','2024-10-10 19:32:59.280234','0015720603140033',1304),(347,'2024-10-10 17:12:52.178826',_binary '','2024-10-10 17:13:31.483764','0015060151251008',1305),(348,'2024-10-10 17:16:47.180464',_binary '','2024-10-11 08:44:59.667499','0011473110737355',1306),(349,'2024-10-10 19:40:04.842182',_binary '','2024-10-10 19:40:45.026718','0012822093386901',1352),(350,'2024-10-11 08:57:42.674731',_binary '','2024-10-11 08:58:42.271518','0017662220322666',1353),(351,'2024-10-11 09:04:06.885271',_binary '','2024-10-11 09:25:10.159237','0010182923780627',1354),(352,'2024-10-11 09:30:58.818545',_binary '\0','2024-10-11 09:30:58.923501','0018439024686605',1355),(353,'2024-10-11 09:35:24.387446',_binary '\0','2024-10-11 09:35:24.492291','0018989782016635',1356);
/*!40000 ALTER TABLE `member_account` ENABLE KEYS */;
UNLOCK TABLES;

--
-- Table structure for table `member_seq`
--

DROP TABLE IF EXISTS `member_seq`;
/*!40101 SET @saved_cs_client     = @@character_set_client */;
/*!50503 SET character_set_client = utf8mb4 */;
CREATE TABLE `member_seq` (
  `next_val` bigint DEFAULT NULL
) ENGINE=InnoDB DEFAULT CHARSET=utf8mb4 COLLATE=utf8mb4_unicode_ci;
/*!40101 SET character_set_client = @saved_cs_client */;

--
-- Dumping data for table `member_seq`
--

LOCK TABLES `member_seq` WRITE;
/*!40000 ALTER TABLE `member_seq` DISABLE KEYS */;
INSERT INTO `member_seq` VALUES (1451);
/*!40000 ALTER TABLE `member_seq` ENABLE KEYS */;
UNLOCK TABLES;

--
-- Table structure for table `random_nickname`
--

DROP TABLE IF EXISTS `random_nickname`;
/*!40101 SET @saved_cs_client     = @@character_set_client */;
/*!50503 SET character_set_client = utf8mb4 */;
CREATE TABLE `random_nickname` (
  `id` int NOT NULL AUTO_INCREMENT,
  `nickname` varchar(20) COLLATE utf8mb4_unicode_ci DEFAULT NULL,
  `used` tinyint DEFAULT NULL,
  PRIMARY KEY (`id`)
) ENGINE=InnoDB AUTO_INCREMENT=8192 DEFAULT CHARSET=utf8mb4 COLLATE=utf8mb4_unicode_ci;
/*!40101 SET character_set_client = @saved_cs_client */;

--
-- Dumping data for table `random_nickname`
--

LOCK TABLES `random_nickname` WRITE;
/*!40000 ALTER TABLE `random_nickname` DISABLE KEYS */;
INSERT INTO `random_nickname` VALUES (1,'μ‹ λ…μ λ‚μµΈ',0),(2,'λ¬΄μ •ν• ν¬μΉ΄μΉ©',0),(3,'μ€λ°€ν• μƒμ°κΉ΅',0),(4,'λ§‰κ°•ν• μ£ μ¤λ°”',0),(5,'λ§‰κ°•ν• λΉμΈ ',0),(6,'λ§¤μ„μ΄ ν•λ¦¬λ³΄',0),(7,'λ¶λ³€μ μ—μ΄μ¤',0),(8,'μ λ€μ μΈ λΉ λ‹¤μ½”μ½”λ‚«',0),(9,'λ¶κ°€μΉ¨μ μ™€μ‚­λ°”',0),(10,'ν­μ••μ μΈ μκ°μΉ',0),(11,'ν—λ‚ν• μ–‘νλ§',0),(12,'μ—­λ™μ μΈ μ¤λ‹μ»¤μ¦',0),(13,'κ³ λ…ν• μ¤λ¨',0),(14,'κ΄‘ν­ν• μ¤λ‹μ»¤μ¦',0),(15,'μ΄μΈμ μΈ μΉ™μ΄‰',0),(16,'λ¶κ°€μΉ¨μ μ—”μ΄',0),(17,'λ“μ„Ό ν‚·μΊ£',0),(18,'λ²”μ ‘ν•  μ μ—†λ” μ΄μ½”μΉ©μΏ ν‚¤',0),(19,'λ€λ‹¨ν• λ‚μµΈ',0),(20,'μ‚¬λ‚μ΄ μ™€μ‚­λ°”',0),(21,'λ§Ήλ ¬ν• λ²„ν„°μ™€ν”',0),(22,'μ™„κ°•ν• μ¤μ™μΉ©',0),(23,'λ¬΄μ •ν• μ΄μ½”μ†΅μ΄',0),(24,'λ²”μ ‘ν•  μ μ—†λ” μ½μ΄',0),(25,'λ¶κ°€μΉ¨μ ν¬λμ»¤',0),(26,'νμ°¬ μ¤μ‚¬μ―”',0),(27,'λ¬΄ν•ν• ν™λ°λ³Ό',0),(28,'λ¬΄μ‡ κ°™μ€ μ—”μ΄',0),(29,'λ²”μ ‘ν•  μ μ—†λ” κ³ μ†λ―Έ',0),(30,'κ°•λ ¥ν• μΏ ν¬λ‹¤μ¤',0),(31,'λ§Ήλ ¬ν• μΉ™μ΄‰',0),(32,'κ°•λ ¬ν• λΉΌλΉΌλ΅',0),(33,'λ¬΄μ„μ΄ μ£ μ¤λ°”',0),(34,'λμ§κΈ΄ λ§κ°€λ ›νΈ',0),(35,'μΉΌλ‚  κ°™μ€ λ΅―λ°μƒλ“',0),(36,'λ¶μ‚¬μ‹ μ μ‚¬λΈλ ',0),(37,'λ§¤μ„μ΄ λΉ μ‚­',0),(38,'μ² μ €ν• νƒ±ν¬λ³΄μ΄',0),(39,'λΉν‹μ—†λ” μ¤λ μ¤',0),(40,'ν­μ••μ μΈ λ°”λ‚λ‚ν‚¥',0),(41,'ν­μ••μ μΈ λΉ λ‹¤μ½”μ½”λ‚«',0),(42,'μ‚¬μ•…ν• μ¤λ‹μ»¤μ¦',0),(43,'λ¬΄μ •ν• λΉ μ‚­',0),(44,'μ‹ λ…μ μ•Όμ±„νƒ€μ„',0),(45,'κ²©λ ¬ν• λ‚μµΈ',0),(46,'κ°•λ ¬ν• μΉμ¦λ³Ό',0),(47,'κΈ΄λ°•ν• μ¤λ‹μ»¤μ¦',0),(48,'λ§‰κ°•ν• μ΄μ½”ν•μ„',0),(49,'λ¬΄μ •ν• κµ¬μ΄κ°μ',0),(50,'λκ°™μ€ μ— μ•¤μ— μ¦',0),(51,'μ•…λ…ν• νλ λ΅λ΅μ‰',0),(52,'λ§‰κ°•ν• μ—μ΄μ¤',0),(53,'λ¬΄μ‹¬ν• λ²„ν„°μ™€ν”',0),(54,'λμ—†λ” μ¤κ°μ',0),(55,'λ€λ‹΄ν• κ°€λ‚νμ΄',0),(56,'μ€λ°€ν• νΈμ…μ¤',0),(57,'λ§Ήλ ¬ν• κ°€λ',0),(58,'μ €λμ μΈ μμΌλ¦¬ν†¨',0),(59,'κΈ΄λ°•ν• λΉ λ‹¤μ½”μ½”λ‚«',0),(60,'λ‹¨νΈν• λ§μΉ΄λ΅±',0),(61,'λ‹Ήλ‹Ήν• μμΌλ¦¬ν†¨',0),(62,'μ—­λ™μ μΈ ν¬λ¦¬μ¤ν”Όλ΅¤',0),(63,'κ²°μ—°ν• μ£ μ¤λ°”',0),(64,'μΉΌλ‚  κ°™μ€ μ£ μ¤λ°”',0),(65,'μ••λ„μ μΈ λ½€λ',0),(66,'λ¶μ‚¬μ‹ μ μΉμ¦λ³Ό',0),(67,'λ¬΄κ±°μ΄ μΉ΄μ¤νƒ€λ“',0),(68,'κµ³κ±΄ν• νΈμ…μ¤',0),(69,'κ°•μΈν• μ— μ•¤μ— μ¦',0),(70,'μ΄κ°•λ ¥ν• μ›¨ν•μ¤',0),(71,'μ°λ μ°¬ κµ¬κµ¬μ½',0),(72,'μ²μ ν• λΉΌλΉΌλ΅',0),(73,'κ²¬κ³ ν• ν¬λ°ν‚¤',0),(74,'λκ°™μ€ μ–‘νλ§',0),(75,'μ‹ λ…μ μ΄μ½”μ†΅μ΄',0),(76,'λ¬΄μλΉ„ν• μ¤λ μ¤',0),(77,'μΉμ—΄ν• λ΅―λ°μƒλ“',0),(78,'λ‹¨νΈν• μμΌλ¦¬ν†¨',0),(79,'ν™©ν™€ν• λ΅―λ°μƒλ“',0),(80,'μ €λμ μΈ μ¤λ‹μ»¤μ¦',0),(81,'μ‚¬μ•…ν• μ™€μ‚­λ°”',0),(82,'ν—μ•…ν• κ³ λλ°¥',0),(83,'κ²©λ ¬ν• μΉμ¦λ³Ό',0),(84,'λ¬΄μ‡ κ°™μ€ κµ¬μ΄κ°μ',0),(85,'μ΄μΈμ μΈ λ§μΉ΄λ΅±',0),(86,'λ€λ‹¨ν• μ€λ΅λ³„',0),(87,'μ•…λ…ν• μΉ™μ΄‰',0),(88,'μ΄μΈμ μΈ μΈμ λ―Έμ¤λ‚µ',0),(89,'λ¶κ°€μΉ¨μ λ§μΉ΄λ΅±',0),(90,'μ² μ €ν• ν”„λ§κΈ€μ¤',0),(91,'ν—μ¤€ν• κΏ€κ½λ°°κΈ°',0),(92,'λ¶λ³€μ κµ¬κµ¬μ½',0),(93,'μ΄μΈμ μΈ μ΄μ½”μΉ©μΏ ν‚¤',0),(94,'μ§€λ…ν• μ£ μ¤λ°”',0),(95,'μ›…μ¥ν• μΉ΄μ¤νƒ€λ“',0),(96,'λ¬΄μ‹λ¬΄μ‹ν• μ¤μ™μΉ©',0),(97,'κ΄‘ν­ν• μ΄μ½”ν•μ„',0),(98,'μ§€λ…ν• μ£ λ¦¬ν',0),(99,'μ‹ λ…μ λ„λ„¤λ λ„¤',0),(100,'λ€λ‹¨ν• νλ λ΅λ΅μ‰',0),(101,'μΉμ—΄ν• μ ν¬',0),(102,'μ••λ„μ μΈ ν›„λ μΉνμ΄',0),(103,'λ¬΄μ„μ΄ μΉν† μ¤',0),(104,'νκ΄΄μ μΈ ν¬λμ»¤',0),(105,'μ›…μ¥ν• μ™€ν΄',0),(106,'λ¶νƒ€λ” κΌ¬κΉ”μ½',0),(107,'νκ΄΄μ μΈ λ¦¬μΈ ',0),(108,'λ¶κ°€μΉ¨μ μ£ μ¤λ°”',0),(109,'κµ‰μ¥ν• λΉ…νμ΄',0),(110,'μ§€λ…ν• λ¦¬μΈ ',0),(111,'λ§Ήλ ¬ν• μ›¨ν•μ¤',0),(112,'κ΄‘ν­ν• ν¬λ¦¬μ¤ν”Όλ΅¤',0),(113,'λ‹¨λ‹¨ν• μΈμ λ―Έμ¤λ‚µ',0),(114,'λ§¤μ„μ΄ λ²„ν„°μ™€ν”',0),(115,'λ‚ μΉ΄λ΅μ΄ λΉΌλΉΌλ΅',0),(116,'κ°€νΉν• κ°€λ',0),(117,'μΉμ—΄ν• μ£ λ¦¬ν',0),(118,'μ΄κ°•λ ¥ν• μ€λ΅λ³„',0),(119,'λ²”μ ‘ν•  μ μ—†λ” μκ°μΉ',0),(120,'κ°€μ°¨μ—†λ” κµ¬μ΄κ°μ',0),(121,'ν­λ°μ μΈ μ›¨ν•μ¤',0),(122,'κµ³κ±΄ν• λΉμΈ ',0),(123,'κ²©λ ¬ν• ν—λ‹λ²„ν„°μΉ©',0),(124,'κ°•λ ¬ν• μ£ μ¤λ°”',0),(125,'μ™„κ°•ν• λ°”λ‚λ‚ν‚¥',0),(126,'λ²”μ ‘ν•  μ μ—†λ” μ¤λ‹μ»¤μ¦',0),(127,'μ§„μ§€ν• μκ°μΉ',0),(128,'κΉμ€ κ°μκΉ΅',0),(129,'μ²ν•λ¬΄μ μ μΏ ν¬λ‹¤μ¤',0),(130,'ν—μ•…ν• μ€λ΅λ³„',0),(131,'κµ³κ±΄ν• μ΄μ½”νμ΄',0),(132,'λ¶κµ΄μ μΉμ¦λ³Ό',0),(133,'λ‹¨λ‹¨ν• μ΄μ½”νμ΄',0),(134,'ν­λ°μ μΈ ν¬λμ»¤',0),(135,'μ§€λ…ν• μΈμ λ―Έμ¤λ‚µ',0),(136,'μ••λ„μ μΈ νΈμ…μ¤',0),(137,'κµ³κ±΄ν• λΉ μ‚­',0),(138,'μ„λ€ν• λ‚μµΈ',0),(139,'ν—μ¤€ν• μΉμ¦λ³Ό',0),(140,'λ§Ήλ ¬ν• μ—”μ΄',0),(141,'λ€λ‹΄ν• κ°€λ',0),(142,'νμ°¬ ν›„λ μΉνμ΄',0),(143,'ν­λ°μ μΈ μ£ λ¦¬ν',0),(144,'κ²°μ—°ν• μ£ λ¦¬ν',0),(145,'λ¶κ°€μΉ¨μ μ΄μ½”μΉ©μΏ ν‚¤',0),(146,'κΈ‰κ²©ν• μ¤λ‹μ»¤μ¦',0),(147,'μ‚¬μ•…ν• μΉν† μ¤',0),(148,'μ²ν•λ¬΄μ μ μκ°μΉ',0),(149,'μ”νΉν• λ‚μµΈ',0),(150,'ν­μ••μ μΈ λ΅―λ°μƒλ“',0),(151,'λ‹Ήλ‹Ήν• λ²„ν„°μΏ ν‚¤',0),(152,'μ©λ§Ήν• μ¤μ‚¬μ―”',0),(153,'κΉμ€ κΏ€κ½λ°°κΈ°',0),(154,'κ°•μ§ν• λΉ…νμ΄',0),(155,'μμ›ν• ν•λ¦¬λ³΄',0),(156,'λ¬΄μν• λ§κ°€λ ›νΈ',0),(157,'λ€λ‹΄ν• μ£ μ¤λ°”',0),(158,'μμ›ν• ν¬λ¦¬μ¤ν”Όλ΅¤',0),(159,'λ¬΄ν•ν• λΉΌλΉΌλ΅',0),(160,'λ²”μ ‘ν•  μ μ—†λ” μ€λ΅λ³„',0),(161,'μ••λ„μ μΈ κ°€λ',0),(162,'λ¶κ°€μΉ¨μ νƒ±ν¬λ³΄μ΄',0),(163,'μ΄μΈμ μΈ ν™λ°λ³Ό',0),(164,'λ§‰κ°•ν• μ—”μ΄',0),(165,'μ§‘μ”ν• κΌ¬κΉ”μ½',0),(166,'λ‹¨νΈν• λΉΌλΉΌλ΅',0),(167,'κµ‰μ¥ν• μ¬μΉ©',0),(168,'λ¬΄μ‡ κ°™μ€ κΏ€κ½λ°°κΈ°',0),(169,'λ‹¨νΈν• μ¬μΉ©',0),(170,'μ λ€μ μΈ μ—μ΄μ¤',0),(171,'μ§‘μ”ν• ν¬ν…ν† μΉ©',0),(172,'λ¶κ°€μΉ¨μ μΉμ¦λ³Ό',0),(173,'κ²¬κ³ ν• λ΅―λ°μƒλ“',0),(174,'μ•”ν‘μ μ— μ•¤μ— μ¦',0),(175,'ν­μ••μ μΈ μ΄μ½”ν•μ„',0),(176,'ν­λ°μ μΈ λΉΌλΉΌλ΅',0),(177,'λ²”μ ‘ν•  μ μ—†λ” μ¤λ¨',0),(178,'λ¬΄μ‹λ¬΄μ‹ν• μ›¨ν•μ¤',0),(179,'μΉμ—΄ν• μμΌλ¦¬ν†¨',0),(180,'μ”νΉν• λ΅―λ°μƒλ“',0),(181,'λ¬΄μ‹¬ν• λΉμΈ ',0),(182,'λ¬΄μ„μ΄ μ— μ•¤μ— μ¦',0),(183,'μ•”ν‘μ μ΄μ½”νμ΄',0),(184,'μ΄μΈμ μΈ μ¤λ μ¤',0),(185,'λ¶μ‚¬μ‹ μ μ½μ΄',0),(186,'μ•…λ…ν• μ‚¬λΈλ ',0),(187,'ν™©ν™€ν• ν¬λ°ν‚¤',0),(188,'κΈ‰κ²©ν• ν¬ν…ν† μΉ©',0),(189,'λ²”μ ‘ν•  μ μ—†λ” ν™λ°λ³Ό',0),(190,'μ²μ ν• λ¨λ‚μΉ΄',0),(191,'μ¤‘ν›„ν• κ°€λ‚νμ΄',0),(192,'μμ›ν• μ΄μ½”νμ΄',0),(193,'μ΄μ›”μ μΈ μ ν¬',0),(194,'λ¬΄μ •ν• λΉ…νμ΄',0),(195,'λ¬΄μ‹λ¬΄μ‹ν• νƒ±ν¬λ³΄μ΄',0),(196,'λκ°™μ€ μ¤μ™μΉ©',0),(197,'μ² μ €ν• λ°”λ‚λ‚ν‚¥',0),(198,'κ°•μ§ν• λ²„ν„°μ™€ν”',0),(199,'κΉμ€ μΉ΄μ¤νƒ€λ“',0),(200,'λ€λ‹΄ν• ν¬ν…ν† μΉ©',0),(201,'μ—­λ™μ μΈ κΏ€κ½λ°°κΈ°',0),(202,'λ¶μ‚¬μ‹ μ νλ λ΅λ΅μ‰',0),(203,'κ²°μ—°ν• μ¤λ‹μ»¤μ¦',0),(204,'μ λ€μ μΈ ν¬λμ»¤',0),(205,'μ€λ°€ν• ν¬ν…ν† μΉ©',0),(206,'μ§€λ…ν• ν”„λ§κΈ€μ¤',0),(207,'λ‹Ήλ‹Ήν• μΉν† μ¤',0),(208,'ν­λ°μ μΈ μ€λ΅λ³„',0),(209,'λ¬΄μλΉ„ν• μ–‘νλ§',0),(210,'κ³ λ…ν• μ— μ•¤μ— μ¦',0),(211,'λ¶μ‚¬μ‹ μ μ£ λ¦¬ν',0),(212,'λ¬΄μ μ ν›„λ μΉνμ΄',0),(213,'λ²”μ ‘ν•  μ μ—†λ” μ™€ν΄',0),(214,'κ·Ήμ•…ν• μ°Έν¬λμ»¤',0),(215,'μ°¨κ°€μ΄ μΏ ν¬λ‹¤μ¤',0),(216,'μ²λ‘¥ κ°™μ€ μ™€μ‚­λ°”',0),(217,'λ¬΄μ μ λ¦¬μΈ ',0),(218,'μ²μ ν• ν¬μΉ΄μΉ©',0),(219,'λ¶κµ΄μ ν¬λ°ν‚¤',0),(220,'μΉλ…μ μΈ μΉ΄μ¤νƒ€λ“',0),(221,'ν—μ•…ν• λ§κ°€λ ›νΈ',0),(222,'μ²ν•λ¬΄μ μ ν”„λ§κΈ€μ¤',0),(223,'μ••λ„μ μΈ μ¤μ‚¬μ―”',0),(224,'μ§€λ…ν• μ ν¬',0),(225,'μ§„μ§€ν• μ½μ΄',0),(226,'μ°¨κ°€μ΄ μ¬μΉ©',0),(227,'μ°¨κ°€μ΄ μ— μ•¤μ— μ¦',0),(228,'κ²°μ—°ν• λΉ λ‹¤μ½”μ½”λ‚«',0),(229,'λ“μ„Ό κ³ λλ°¥',0),(230,'κ΄‘ν­ν• ν¬λ°ν‚¤',0),(231,'λ¶ν¨μ ν¬λ°ν‚¤',0),(232,'κ°•λ ¥ν• νλ λ΅λ΅μ‰',0),(233,'λμ—†λ” μ½μ΄',0),(234,'κ°•λ ¥ν• κµ¬μ΄κ°μ',0),(235,'κ°•μ§ν• ν¬ν…ν† μΉ©',0),(236,'κ·Ήμ•…ν• νΈμ…μ¤',0),(237,'ν­λ°μ μΈ μ‚¬λΈλ ',0),(238,'κ·Ήμ•…ν• κΌ¬κΉ”μ½',0),(239,'μ‹ λ…μ ν‚·μΊ£',0),(240,'κ°•μΈν• μ—μ΄μ¤',0),(241,'κ³ λ…ν• μ ν¬',0),(242,'λ¬΄κ±°μ΄ μΉ™μ΄‰',0),(243,'κ²¬κ³ ν• μ½μ΄',0),(244,'μ©λ§Ήν• ν¬μΉ΄μΉ©',0),(245,'κ·Ήμ•…ν• μ— μ•¤μ— μ¦',0),(246,'μ΄μΈμ μΈ ν•λ¦¬λ³΄',0),(247,'μ„λ€ν• λ„λ„¤λ λ„¤',0),(248,'λ€λ‹¨ν• ν›„λ μΉνμ΄',0),(249,'μ•”ν‘μ λΉΌλΉΌλ΅',0),(250,'λ€λ‹΄ν• λ‚μµΈ',0),(251,'κΈ‰κ²©ν• μ΄μ½”ν•μ„',0),(252,'λ§‰κ°•ν• μ— μ•¤μ— μ¦',0),(253,'μ›…μ¥ν• κΏ€κ½λ°°κΈ°',0),(254,'μ§„μ§€ν• κµ¬μ΄κ°μ',0),(255,'μ§„μ§€ν• μ¤μ‚¬μ―”',0),(256,'λ¬΄ν•ν• ν¬λ°ν‚¤',0),(257,'λ¬΄μ‹¬ν• λ¨λ‚μΉ΄',0),(258,'κ²¬κ³ ν• μ¤λ μ¤',0),(259,'μ΄κ°•λ ¥ν• ν¬λ¦¬μ¤ν”Όλ΅¤',0),(260,'μ°λ μ°¬ ν¬λ°ν‚¤',0),(261,'λμ§κΈ΄ μ—”μ΄',0),(262,'μ§„μ§€ν• κ³ μ†λ―Έ',0),(263,'κ°•λ ¥ν• μ΄μ½”μ†΅μ΄',0),(264,'λ¬΄μ„μ΄ κ³ μ†λ―Έ',0),(265,'λ¶ν¨μ μ¤λ μ¤',0),(266,'λ§¤μ„μ΄ μ£ λ¦¬ν',0),(267,'λ¬΄μν• κΏ€κ½λ°°κΈ°',0),(268,'ν—λ‚ν• μΏ ν¬λ‹¤μ¤',0),(269,'λ¬΄μ„μ΄ ν™λ°λ³Ό',0),(270,'μ•”ν‘μ νΈμ…μ¤',0),(271,'νκ΄΄μ μΈ λ‚μµΈ',0),(272,'λ¶ν¨μ μ¬μΉ©',0),(273,'μ²μ ν• μ—”μ΄',0),(274,'λ¶λ³€μ λΉμΈ ',0),(275,'λ¬΄μ μ λ²„ν„°μΏ ν‚¤',0),(276,'λ¬΄μ‹λ¬΄μ‹ν• μ£ λ¦¬ν',0),(277,'μ²μ ν• νƒ±ν¬λ³΄μ΄',0),(278,'λ¶μ‚¬μ‹ μ ν•λ¦¬λ³΄',0),(279,'κ°•λ ¥ν• μΉ΄μ¤νƒ€λ“',0),(280,'μ•”ν‘μ μ›¨ν•μ¤',0),(281,'μ”νΉν• ν¬ν…ν† μΉ©',0),(282,'κ°•μΈν• λΉ…νμ΄',0),(283,'λΉν‹μ—†λ” μ¤μ‚¬μ―”',0),(284,'κµ‰μ¥ν• λ°€ν¬μΉ΄λΌλ©',0),(285,'κ³Όκ°ν• ν•λ¦¬λ³΄',0),(286,'μ°λ μ°¬ ν¬λμ»¤',0),(287,'λΉ„μ¥ν• μ΄μ½”ν•μ„',0),(288,'μ €λμ μΈ κµ¬μ΄κ°μ',0),(289,'νμ°¬ λ§κ°€λ ›νΈ',0),(290,'κ·Ήμ•…ν• κ°€λ',0),(291,'μ••λ„μ μΈ λΉμΈ ',0),(292,'λ§¤μ„μ΄ κ°€λ‚νμ΄',0),(293,'μ €λμ μΈ ν‚·μΊ£',0),(294,'μ••λ„μ μΈ μ΄μ½”ν•μ„',0),(295,'μ™„κ°•ν• ν•λ¦¬λ³΄',0),(296,'κ°•μ§ν• λ‚μµΈ',0),(297,'λ¶ν¨μ κ°€λ',0),(298,'ν—λ‚ν• μ™€ν΄',0),(299,'μ²μ ν• λ°”λ‚λ‚ν‚¥',0),(300,'κ·Ήμ•…ν• μμΌλ¦¬ν†¨',0),(301,'λ¬΄μ„μ΄ κ°μκΉ΅',0),(302,'μ €λμ μΈ μ—”μ΄',0),(303,'λ§‰κ°•ν• ν¬λ¦¬μ¤ν”Όλ΅¤',0),(304,'λ¶λ³€μ μ™€μ‚­λ°”',0),(305,'μ›…μ¥ν• μ›¨ν•μ¤',0),(306,'κµ‰μ¥ν• μΉν† μ¤',0),(307,'κ³Όκ°ν• μ™€μ‚­λ°”',0),(308,'κΉμ€ λ¨λ‚μΉ΄',0),(309,'ν™©ν™€ν• μ–‘νλ§',0),(310,'λΉ„μ¥ν• ν”„λ§κΈ€μ¤',0),(311,'κ΄‘ν­ν• λΉ λ‹¤μ½”μ½”λ‚«',0),(312,'μμ›ν• λ΅―λ°μƒλ“',0),(313,'λ‹Ήλ‹Ήν• ν¬μΉ΄μΉ©',0),(314,'μ¤‘ν›„ν• μ£ λ¦¬ν',0),(315,'κ°•μΈν• μ£ λ¦¬ν',0),(316,'λ²”μ ‘ν•  μ μ—†λ” μ•Όμ±„νƒ€μ„',0),(317,'ν™©ν™€ν• κ³ μ†λ―Έ',0),(318,'νμ°¬ μ¤λ¨',0),(319,'μ΄μΈμ μΈ μΉΈμµΈ',0),(320,'μ²ν•λ¬΄μ μ λ°€ν¬μΉ΄λΌλ©',0),(321,'κ·Ήμ•…ν• μ¤μ‚¬μ―”',0),(322,'μ”νΉν• λΉ λ‹¤μ½”μ½”λ‚«',0),(323,'λ¬΄μ‡ κ°™μ€ κ³ μ†λ―Έ',0),(324,'μ €λμ μΈ μ΄μ½”ν•μ„',0),(325,'λ¬΄μν• μ—μ΄μ¤',0),(326,'μ²μ ν• μ›¨ν•μ¤',0),(327,'λΉν‹μ—†λ” ν¬μΉ΄μΉ©',0),(328,'μ²ν•λ¬΄μ μ κµ¬κµ¬μ½',0),(329,'μ°¨κ°€μ΄ μμΌλ¦¬ν†¨',0),(330,'κ²°μ—°ν• κΌ¬κΉ”μ½',0),(331,'λ²”μ ‘ν•  μ μ—†λ” νƒ±ν¬λ³΄μ΄',0),(332,'λ¶κ°€μΉ¨μ μ—μ΄μ¤',0),(333,'λ‚ μΉ΄λ΅μ΄ μ£ μ¤λ°”',0),(334,'μ•…λ…ν• μ΄μ½”μ†΅μ΄',0),(335,'μ•…λ…ν• μμΌλ¦¬ν†¨',0),(336,'λΉν‹μ—†λ” μΉ™μ΄‰',0),(337,'μΉλ…μ μΈ ν•λ¦¬λ³΄',0),(338,'λ¶κµ΄μ λ²„ν„°μ™€ν”',0),(339,'μΉλ…μ μΈ κ³ μ†λ―Έ',0),(340,'λ€λ‹΄ν• ν™λ°λ³Ό',0),(341,'λ²”μ ‘ν•  μ μ—†λ” κ°μκΉ΅',0),(342,'λΉν‹μ—†λ” μ‚¬λΈλ ',0),(343,'ν™©ν™€ν• λ²„ν„°μΏ ν‚¤',0),(344,'μ—­λ™μ μΈ ν¬ν…ν† μΉ©',0),(345,'μ‚¬μ•…ν• μ΄μ½”μ†΅μ΄',0),(346,'μ§„μ§€ν• λΉ λ‹¤μ½”μ½”λ‚«',0),(347,'μ¤‘ν›„ν• ν¬μΉ΄μΉ©',0),(348,'νκ΄΄μ μΈ λ²„ν„°μ™€ν”',0),(349,'ν—λ‚ν• μ£ μ¤λ°”',0),(350,'ν¬μ² ν• μ£ μ¤λ°”',0),(351,'μ€λ°€ν• νƒ±ν¬λ³΄μ΄',0),(352,'ν™©ν™€ν• νƒ±ν¬λ³΄μ΄',0),(353,'λ¬΄μ μ μ΄μ½”μ†΅μ΄',0),(354,'κ°€μ°¨μ—†λ” λ²„ν„°μ™€ν”',0),(355,'μ΄μ›”μ μΈ λ¨λ‚μΉ΄',0),(356,'λ§Ήλ ¬ν• ν‚·μΊ£',0),(357,'μ§‘μ”ν• ν—λ‹λ²„ν„°μΉ©',0),(358,'μ΄μ›”μ μΈ μ— μ•¤μ— μ¦',0),(359,'ν­μ••μ μΈ ν”„λ§κΈ€μ¤',0),(360,'μ΄κ°•λ ¥ν• λ§μΉ΄λ΅±',0),(361,'λ‚ μΉ΄λ΅μ΄ κ°€λ',0),(362,'λ¶νƒ€λ” ν™λ°λ³Ό',0),(363,'κΈ΄λ°•ν• μ£ λ¦¬ν',0),(364,'νμ°¬ κ³ λλ°¥',0),(365,'μ΄μ›”μ μΈ κµ¬μ΄κ°μ',0),(366,'ν­λ°μ μΈ λ„λ„¤λ λ„¤',0),(367,'μ••λ„μ μΈ μ£ μ¤λ°”',0),(368,'κΈ‰κ²©ν• μ¤λ μ¤',0),(369,'νκ΄΄μ μΈ μκ°μΉ',0),(370,'λ¬΄μ„μ΄ λΉ…νμ΄',0),(371,'μ—­λ™μ μΈ μ—μ΄μ¤',0),(372,'μ²λ‘¥ κ°™μ€ μƒμ°κΉ΅',0),(373,'κ΄‘ν­ν• μ¤μ‚¬μ―”',0),(374,'κ°€νΉν• λΉ μ‚­',0),(375,'λ‹Ήλ‹Ήν• ν‚·μΊ£',0),(376,'μ§€λ…ν• μ—”μ΄',0),(377,'λΉ„μ¥ν• λΉ λ‹¤μ½”μ½”λ‚«',0),(378,'κ°€μ°¨μ—†λ” ν›„λ μΉνμ΄',0),(379,'μ΄κ°•λ ¥ν• λ¨λ‚μΉ΄',0),(380,'μ•…λ…ν• μ¤μ™μΉ©',0),(381,'κΈ‰κ²©ν• μ΄μ½”μ†΅μ΄',0),(382,'λ‹¨νΈν• ν¬λμ»¤',0),(383,'κ²¬κ³ ν• λΉ λ‹¤μ½”μ½”λ‚«',0),(384,'λ§‰κ°•ν• λ°”λ‚λ‚ν‚¥',0),(385,'ν—μ•…ν• μ΄μ½”νμ΄',0),(386,'λκ°™μ€ μΏ ν¬λ‹¤μ¤',0),(387,'ν—λ‚ν• κµ¬κµ¬μ½',0),(388,'λ¬΄μ •ν• λ°”λ‚λ‚ν‚¥',0),(389,'ν¬μ² ν• μ—μ΄μ¤',0),(390,'λμ§κΈ΄ μ΄μ½”μ†΅μ΄',0),(391,'μ²ν•λ¬΄μ μ λ½€λ',0),(392,'λ§Ήλ ¬ν• μκ°μΉ',0),(393,'κ²¬κ³ ν• ν¬ν…ν† μΉ©',0),(394,'λ¶λ³€μ μ΄μ½”μΉ©μΏ ν‚¤',0),(395,'κ°•μΈν• κ³ μ†λ―Έ',0),(396,'μ§‘μ”ν• μ™€ν΄',0),(397,'μ²ν•λ¬΄μ μ νΈμ…μ¤',1),(398,'μ λ€μ μΈ μΈμ λ―Έμ¤λ‚µ',0),(399,'μ² μ €ν• ν‚·μΊ£',0),(400,'νκ΄΄μ μΈ λ΅―λ°μƒλ“',0),(401,'μ €λμ μΈ λ‚μµΈ',0),(402,'ν­λ°μ μΈ ν”„λ§κΈ€μ¤',0),(403,'μ—­λ™μ μΈ κµ¬μ΄κ°μ',0),(404,'λ¶λ³€μ μ€λ΅λ³„',0),(405,'κ²©λ ¬ν• μƒμ°κΉ΅',0),(406,'μΉλ…μ μΈ ν™λ°λ³Ό',0),(407,'ν—μ¤€ν• λΉμΈ ',0),(408,'μ¤‘ν›„ν• μ ν¬',0),(409,'κ°•μ§ν• μ•μƒμ°μΉ©',0),(410,'λ¶κµ΄μ μ°Έν¬λμ»¤',0),(411,'λ¶κ°€μΉ¨μ λΉ λ‹¤μ½”μ½”λ‚«',0),(412,'μ§‘μ”ν• νλ λ΅λ΅μ‰',0),(413,'μ λ€μ μΈ κ°€λ‚νμ΄',0),(414,'λ‹¨λ‹¨ν• μ¤μ‚¬μ―”',0),(415,'κ°•λ ¬ν• λ°€ν¬μΉ΄λΌλ©',0),(416,'κµ‰μ¥ν• μ΄μ½”μ†΅μ΄',0),(417,'λ§‰κ°•ν• μ™€ν΄',0),(418,'κ΄‘ν­ν• μ΄μ½”μ†΅μ΄',0),(419,'νκ΄΄μ μΈ κ°€λ‚νμ΄',0),(420,'μ©λ§Ήν• κ³ λλ°¥',0),(421,'λ¬΄μ„μ΄ μ΄μ½”νμ΄',0),(422,'λ¬΄μ‡ κ°™μ€ μ¤λ μ¤',0),(423,'κ°•λ ¥ν• μ—”μ΄',0),(424,'μ² μ €ν• μΉ™μ΄‰',0),(425,'λ€λ‹¨ν• μ΄μ½”ν•μ„',0),(426,'κ°€μ°¨μ—†λ” κµ¬κµ¬μ½',0),(427,'κ°•λ ¥ν• κµ¬κµ¬μ½',0),(428,'λ¶ν¨μ μƒμ°κΉ΅',0),(429,'μ§„μ§€ν• μ¬μΉ©',0),(430,'λΉν‹μ—†λ” μ›¨ν•μ¤',0),(431,'μ λ€μ μΈ λΉΌλΉΌλ΅',0),(432,'ν­λ°μ μΈ μ ν¬',0),(433,'μ‚¬λ‚μ΄ μ–‘νλ§',0),(434,'ν¬μ² ν• μ΄μ½”ν•μ„',0),(435,'λ¬΄μλΉ„ν• μ΄μ½”μ†΅μ΄',0),(436,'κ³Όκ°ν• μ¤μ™μΉ©',0),(437,'ν—μ•…ν• κ°€λ',0),(438,'λ¬΄μ‡ κ°™μ€ μ¤μ‚¬μ―”',0),(439,'λ‹¨νΈν• λ²„ν„°μΏ ν‚¤',0),(440,'μμ›ν• μ™€μ‚­λ°”',0),(441,'μ΄μ›”μ μΈ μ•μƒμ°μΉ©',0),(442,'λ‹¨λ‹¨ν• λΉ μ‚­',0),(443,'κ²¬κ³ ν• λ¨λ‚μΉ΄',0),(444,'κ°•μ§ν• λ¨λ‚μΉ΄',0),(445,'λ¬΄μ‹λ¬΄μ‹ν• μκ°μΉ',0),(446,'λ¬΄μ μ μ½μ΄',0),(447,'κΉμ€ μ™€ν΄',0),(448,'λ¶ν¨μ κΌ¬κΉ”μ½',0),(449,'κ³ λ…ν• μ½μ΄',0),(450,'μ„λ€ν• κµ¬κµ¬μ½',0),(451,'λ§‰κ°•ν• μ€λ΅λ³„',0),(452,'λμ—†λ” κ°€λ‚νμ΄',0),(453,'λ¬΄μλΉ„ν• κ°€λ‚νμ΄',0),(454,'ν­μ••μ μΈ κ°€λ',0),(455,'κµ‰μ¥ν• κ°€λ‚νμ΄',0),(456,'μ΄μΈμ μΈ λ‚μµΈ',0),(457,'λ¬΄ν•ν• λ½€λ',0),(458,'κ΄‘ν­ν• ν”„λ§κΈ€μ¤',0),(459,'μ°λ μ°¬ ν•λ¦¬λ³΄',0),(460,'κ°€νΉν• μΏ ν¬λ‹¤μ¤',0),(461,'κ²°μ—°ν• ν¬λ¦¬μ¤ν”Όλ΅¤',0),(462,'νμ°¬ ν—λ‹λ²„ν„°μΉ©',0),(463,'κ·Ήμ•…ν• μ¤λ‹μ»¤μ¦',0),(464,'μ €λμ μΈ νΈμ…μ¤',0),(465,'λ¶λ³€μ μΉμ¦λ³Ό',0),(466,'ν­λ°μ μΈ μ¤λ‹μ»¤μ¦',0),(467,'λ¬΄μ‹¬ν• λΉ λ‹¤μ½”μ½”λ‚«',0),(468,'λ“μ„Ό μΉ΄μ¤νƒ€λ“',0),(469,'λ“μ„Ό λ°€ν¬μΉ΄λΌλ©',0),(470,'μ©λ§Ήν• κ³ μ†λ―Έ',0),(471,'λ‚ μΉ΄λ΅μ΄ μ¤μ™μΉ©',0),(472,'λ¬΄μλΉ„ν• λ¦¬μΈ ',0),(473,'μ§€λ…ν• κ°μκΉ΅',0),(474,'μ΄μ›”μ μΈ ν¬λ°ν‚¤',0),(475,'μ„λ€ν• μ¤λ‹μ»¤μ¦',0),(476,'νμ°¬ μ™€μ‚­λ°”',0),(477,'ν™•κ³ ν• μ¤κ°μ',0),(478,'λ§Ήλ ¬ν• λ¦¬μΈ ',0),(479,'λ¬΄μ‹λ¬΄μ‹ν• μΏ ν¬λ‹¤μ¤',0),(480,'μ™„κ°•ν• ν‚·μΊ£',0),(481,'κ³ λ…ν• μ°Έν¬λμ»¤',0),(482,'μΉΌλ‚  κ°™μ€ μΉΈμµΈ',0),(483,'κΉμ€ νƒ±ν¬λ³΄μ΄',0),(484,'κ²©λ ¬ν• κ³ μ†λ―Έ',0),(485,'κ°•λ ¥ν• μΉμ¦λ³Ό',0),(486,'μ¤‘ν›„ν• κµ¬μ΄κ°μ',0),(487,'ν­μ••μ μΈ μ¬μΉ©',0),(488,'κ°•λ ¥ν• μΈμ λ―Έμ¤λ‚µ',0),(489,'κ°€νΉν• ν›„λ μΉνμ΄',0),(490,'μ›…μ¥ν• μΉν† μ¤',0),(491,'μμ›ν• μ—”μ΄',0),(492,'μ¤‘ν›„ν• μ½μ΄',0),(493,'κ°€νΉν• μ£ μ¤λ°”',0),(494,'λ¶ν¨μ μ—”μ΄',0),(495,'κµ‰μ¥ν• ν¬λ°ν‚¤',0),(496,'μ²ν•λ¬΄μ μ μ£ μ¤λ°”',0),(497,'λ¶νƒ€λ” νƒ±ν¬λ³΄μ΄',0),(498,'λ¬΄μ •ν• κ°€λ‚νμ΄',0),(499,'μ••λ„μ μΈ λ„λ„¤λ λ„¤',0),(500,'λ²”μ ‘ν•  μ μ—†λ” λΉμΈ ',0),(501,'μ‹ λ…μ μ›¨ν•μ¤',0),(502,'κ³Όκ°ν• λ°€ν¬μΉ΄λΌλ©',0),(503,'μ λ€μ μΈ κµ¬μ΄κ°μ',0),(504,'κ°•λ ¬ν• λ΅―λ°μƒλ“',0),(505,'λ¬΄μ μ μΉμ¦λ³Ό',0),(506,'ν­μ••μ μΈ λ§κ°€λ ›νΈ',0),(507,'κ²°μ—°ν• μ ν¬',0),(508,'μ—­λ™μ μΈ ν›„λ μΉνμ΄',0),(509,'λ¶ν¨μ μ¤κ°μ',0),(510,'κ²°μ—°ν• ν¬ν…ν† μΉ©',0),(511,'μ΄μΈμ μΈ μƒμ°κΉ΅',0),(512,'λ¶κ°€μΉ¨μ λ²„ν„°μΏ ν‚¤',0),(513,'μ—­λ™μ μΈ ν¬λμ»¤',0),(514,'λΉ„μ¥ν• μ—μ΄μ¤',0),(515,'ν­μ••μ μΈ μ£ μ¤λ°”',0),(516,'λ¶λ³€μ μμΌλ¦¬ν†¨',0),(517,'μ™„κ°•ν• μ‚¬λΈλ ',0),(518,'μ—­λ™μ μΈ κ°€λ',0),(519,'μ‹ λ…μ κ³ μ†λ―Έ',0),(520,'μ¤‘ν›„ν• λ„λ„¤λ λ„¤',0),(521,'μ΄μΈμ μΈ κΏ€κ½λ°°κΈ°',0),(522,'ν—μ¤€ν• λΉ…νμ΄',0),(523,'νμ°¬ μ¤μ™μΉ©',0),(524,'λ¬΄μ‡ κ°™μ€ μ¬μΉ©',0),(525,'κ°•λ ¬ν• ν™λ°λ³Ό',0),(526,'κΈ΄λ°•ν• μΉ΄μ¤νƒ€λ“',0),(527,'ν—μ¤€ν• μ΄μ½”μΉ©μΏ ν‚¤',0),(528,'μ°¨κ°€μ΄ μΉ΄μ¤νƒ€λ“',0),(529,'κ³ λ…ν• λΉ…νμ΄',0),(530,'μ‹ λ…μ μ°Έν¬λμ»¤',0),(531,'μ€λ°€ν• κµ¬μ΄κ°μ',0),(532,'μ²μ ν• ν›„λ μΉνμ΄',0),(533,'λ¬΄μλΉ„ν• μ•μƒμ°μΉ©',0),(534,'ν­μ••μ μΈ λ°€ν¬μΉ΄λΌλ©',0),(535,'ν™•κ³ ν• κµ¬μ΄κ°μ',0),(536,'κµ³κ±΄ν• ν—λ‹λ²„ν„°μΉ©',0),(537,'ν­μ••μ μΈ μ΄μ½”μΉ©μΏ ν‚¤',0),(538,'μ—­λ™μ μΈ λΉΌλΉΌλ΅',0),(539,'μΉμ—΄ν• μ•μƒμ°μΉ©',0),(540,'ν¬μ² ν• κ°€λ‚νμ΄',0),(541,'μμ›ν• νΈμ…μ¤',0),(542,'κ°•λ ¬ν• λ‚μµΈ',0),(543,'μ‚¬μ•…ν• μ•μƒμ°μΉ©',0),(544,'λμ—†λ” μ€λ΅λ³„',0),(545,'λ¬΄μ„μ΄ μ¬μΉ©',0),(546,'κΈ΄λ°•ν• ν™λ°λ³Ό',0),(547,'λ¶ν¨μ μ€λ΅λ³„',0),(548,'λ¶ν¨μ μ™€ν΄',0),(549,'λ‚ μΉ΄λ΅μ΄ νƒ±ν¬λ³΄μ΄',0),(550,'λ¶κµ΄μ μ΄μ½”νμ΄',0),(551,'μ‚¬λ‚μ΄ μ΄μ½”μ†΅μ΄',0),(552,'ν—λ‚ν• λ§κ°€λ ›νΈ',0),(553,'ν™•κ³ ν• μ¤μ™μΉ©',0),(554,'κΈ‰κ²©ν• μ—μ΄μ¤',0),(555,'κ²¬κ³ ν• μ¤μ™μΉ©',0),(556,'λ€λ‹¨ν• νƒ±ν¬λ³΄μ΄',0),(557,'λ‹Ήλ‹Ήν• λΉ…νμ΄',0),(558,'ν—μ•…ν• λ½€λ',0),(559,'μ λ€μ μΈ μ΄μ½”μ†΅μ΄',0),(560,'μ²ν•λ¬΄μ μ μ—μ΄μ¤',0),(561,'λ€λ‹΄ν• μΉ΄μ¤νƒ€λ“',0),(562,'μ λ€μ μΈ μ ν¬',0),(563,'μ§€λ…ν• λ²„ν„°μ™€ν”',0),(564,'μΉλ…μ μΈ μ¤μ‚¬μ―”',0),(565,'μ²ν•λ¬΄μ μ λ¦¬μΈ ',0),(566,'λ§Ήλ ¬ν• νλ λ΅λ΅μ‰',0),(567,'μΉμ—΄ν• μκ°μΉ',0),(568,'μ λ€μ μΈ νƒ±ν¬λ³΄μ΄',0),(569,'ν­λ°μ μΈ μκ°μΉ',0),(570,'λ§¤μ„μ΄ λΉμΈ ',0),(571,'λ¬΄κ±°μ΄ μΏ ν¬λ‹¤μ¤',0),(572,'λ§¤μ„μ΄ κ³ μ†λ―Έ',0),(573,'λ¶μ‚¬μ‹ μ μ£ μ¤λ°”',0),(574,'μ‹ λ…μ λ°€ν¬μΉ΄λΌλ©',0),(575,'ν™•κ³ ν• μΈμ λ―Έμ¤λ‚µ',0),(576,'λ¬΄κ±°μ΄ κ³ μ†λ―Έ',0),(577,'ν¬μ² ν• μ¤μ™μΉ©',0),(578,'μ €λμ μΈ μΉ™μ΄‰',0),(579,'κ·Ήμ•…ν• μ£ μ¤λ°”',0),(580,'μ²ν•λ¬΄μ μ λ¨λ‚μΉ΄',0),(581,'μ”νΉν• μ— μ•¤μ— μ¦',0),(582,'μ΄κ°•λ ¥ν• μ°Έν¬λμ»¤',0),(583,'μΉΌλ‚  κ°™μ€ λΉμΈ ',0),(584,'λ²”μ ‘ν•  μ μ—†λ” ν›„λ μΉνμ΄',0),(585,'κ°€νΉν• λ§μΉ΄λ΅±',0),(586,'λ§Ήλ ¬ν• λΉ…νμ΄',0),(587,'μ΄μ›”μ μΈ ν•λ¦¬λ³΄',0),(588,'κ°€μ°¨μ—†λ” λ¨λ‚μΉ΄',0),(589,'λ¬΄μν• ν™λ°λ³Ό',0),(590,'λ¶λ³€μ κΌ¬κΉ”μ½',0),(591,'λ¬΄μ •ν• μΏ ν¬λ‹¤μ¤',0),(592,'λ‚ μΉ΄λ΅μ΄ λ²„ν„°μ™€ν”',0),(593,'νκ΄΄μ μΈ μ¤μ™μΉ©',0),(594,'μ°¨κ°€μ΄ ν‚·μΊ£',0),(595,'μ²μ ν• κ³ μ†λ―Έ',0),(596,'λ¶κ°€μΉ¨μ μΉΈμµΈ',0),(597,'κ³Όκ°ν• μΉ™μ΄‰',0),(598,'μ€λ°€ν• ν”„λ§κΈ€μ¤',0),(599,'μ›…μ¥ν• κ°μκΉ΅',0),(600,'κ°•μ§ν• λ½€λ',0),(601,'κ³ λ…ν• μ›¨ν•μ¤',0),(602,'μ›…μ¥ν• μΉμ¦λ³Ό',0),(603,'μ² μ €ν• μ•Όμ±„νƒ€μ„',0),(604,'μ§‘μ”ν• λ°”λ‚λ‚ν‚¥',0),(605,'κ΄‘ν­ν• μ£ μ¤λ°”',0),(606,'μ••λ„μ μΈ ν™λ°λ³Ό',0),(607,'μ€λ°€ν• μΈμ λ―Έμ¤λ‚µ',0),(608,'κΈ΄λ°•ν• μ•μƒμ°μΉ©',0),(609,'μ λ€μ μΈ μƒμ°κΉ΅',0),(610,'κ·Ήμ•…ν• ν”„λ§κΈ€μ¤',0),(611,'λ§‰κ°•ν• μΉμ¦λ³Ό',0),(612,'κ°•μ§ν• ν›„λ μΉνμ΄',0),(613,'μ΄μ›”μ μΈ μ—μ΄μ¤',0),(614,'λ¶μ‚¬μ‹ μ λΉ λ‹¤μ½”μ½”λ‚«',0),(615,'κ°€μ°¨μ—†λ” μΈμ λ―Έμ¤λ‚µ',0),(616,'λ¬΄μ μ μ΄μ½”νμ΄',0),(617,'κ³Όκ°ν• νλ λ΅λ΅μ‰',0),(618,'μ„λ€ν• κ³ λλ°¥',0),(619,'λ€λ‹΄ν• κµ¬μ΄κ°μ',0),(620,'ν—μ¤€ν• νΈμ…μ¤',0),(621,'λ§Ήλ ¬ν• νƒ±ν¬λ³΄μ΄',0),(622,'λ§¤μ„μ΄ μ™€μ‚­λ°”',0),(623,'λ¬΄μ‹¬ν• ν¬λ°ν‚¤',0),(624,'κ³Όκ°ν• λΉμΈ ',0),(625,'λ¬΄μν• μΉ΄μ¤νƒ€λ“',0),(626,'μ΄μΈμ μΈ μκ°μΉ',0),(627,'μ›…μ¥ν• μ¤λ‹μ»¤μ¦',0),(628,'μ°λ μ°¬ μΏ ν¬λ‹¤μ¤',0),(629,'λ€λ‹¨ν• μ¤κ°μ',0),(630,'λ‹Ήλ‹Ήν• λΉΌλΉΌλ΅',0),(631,'λ¬΄μ‹¬ν• κ³ λλ°¥',0),(632,'κ·Ήμ•…ν• ν›„λ μΉνμ΄',0),(633,'λ§Ήλ ¬ν• κ³ μ†λ―Έ',0),(634,'λ¬΄μ„μ΄ κΏ€κ½λ°°κΈ°',0),(635,'λ²”μ ‘ν•  μ μ—†λ” μ΄μ½”νμ΄',0),(636,'μ°¨κ°€μ΄ μ¤λ‹μ»¤μ¦',0),(637,'μ™„κ°•ν• μ¤λ μ¤',0),(638,'κ°€μ°¨μ—†λ” μ¬μΉ©',0),(639,'λ¬΄ν•ν• κ°μκΉ΅',0),(640,'μ €λμ μΈ ν•λ¦¬λ³΄',0),(641,'μ™„κ°•ν• λ°€ν¬μΉ΄λΌλ©',0),(642,'μ²ν•λ¬΄μ μ μ¤μ‚¬μ―”',0),(643,'μ•…λ…ν• ν¬λμ»¤',0),(644,'μΉλ…μ μΈ λ¨λ‚μΉ΄',0),(645,'κµ‰μ¥ν• μ— μ•¤μ— μ¦',0),(646,'μ² μ €ν• λΉ…νμ΄',0),(647,'κµ‰μ¥ν• μ½μ΄',0),(648,'μ²ν•λ¬΄μ μ κ°μκΉ΅',0),(649,'λ¬΄μ„μ΄ λ¨λ‚μΉ΄',0),(650,'λ¬΄ν•ν• μ–‘νλ§',0),(651,'μ°λ μ°¬ μΉ΄μ¤νƒ€λ“',0),(652,'μ„λ€ν• λ°”λ‚λ‚ν‚¥',0),(653,'κ΄‘ν­ν• μΉμ¦λ³Ό',0),(654,'μ΄κ°•λ ¥ν• λ§κ°€λ ›νΈ',0),(655,'μΉλ…μ μΈ λΉ λ‹¤μ½”μ½”λ‚«',0),(656,'κ²°μ—°ν• λ°€ν¬μΉ΄λΌλ©',0),(657,'λ€λ‹¨ν• κ°€λ',0),(658,'λ§‰κ°•ν• λ§κ°€λ ›νΈ',0),(659,'μ—­λ™μ μΈ μ¤λ¨',0),(660,'κµ‰μ¥ν• κµ¬κµ¬μ½',0),(661,'μ‚¬λ‚μ΄ μμΌλ¦¬ν†¨',0),(662,'κ°•μΈν• κ°μκΉ΅',0),(663,'μΉλ…μ μΈ λ¦¬μΈ ',0),(664,'μ¤‘ν›„ν• μ•Όμ±„νƒ€μ„',0),(665,'νμ°¬ ν”„λ§κΈ€μ¤',0),(666,'ν—λ‚ν• μ¬μΉ©',0),(667,'λ¬΄κ±°μ΄ λ‚μµΈ',0),(668,'μ„λ€ν• μ£ μ¤λ°”',0),(669,'μ—­λ™μ μΈ λΉμΈ ',0),(670,'λ‚ μΉ΄λ΅μ΄ λ΅―λ°μƒλ“',0),(671,'κ°€μ°¨μ—†λ” κ³ λλ°¥',0),(672,'μ•”ν‘μ κΏ€κ½λ°°κΈ°',0),(673,'κ°€μ°¨μ—†λ” μ£ λ¦¬ν',0),(674,'λ¶λ³€μ ν›„λ μΉνμ΄',0),(675,'μ—­λ™μ μΈ μ›¨ν•μ¤',0),(676,'μ§‘μ”ν• λ΅―λ°μƒλ“',0),(677,'κµ‰μ¥ν• μΉ΄μ¤νƒ€λ“',0),(678,'λ¶κµ΄μ μ™€ν΄',0),(679,'λ¬΄μ μ μ—μ΄μ¤',0),(680,'νμ°¬ κ°€λ‚νμ΄',0),(681,'μ°¨κ°€μ΄ λΉ μ‚­',0),(682,'λ¬΄μ‹λ¬΄μ‹ν• κ°€λ‚νμ΄',0),(683,'ν™•κ³ ν• λ‚μµΈ',0),(684,'ν—μ¤€ν• ν›„λ μΉνμ΄',0),(685,'λ¬΄μλΉ„ν• κ°€λ',0),(686,'λ€λ‹¨ν• κ³ μ†λ―Έ',0),(687,'κ°€νΉν• λ°€ν¬μΉ΄λΌλ©',0),(688,'μ©λ§Ήν• κ°μκΉ΅',0),(689,'λκ°™μ€ λΉ μ‚­',0),(690,'κ³Όκ°ν• λ΅―λ°μƒλ“',0),(691,'λ‹Ήλ‹Ήν• λ½€λ',0),(692,'μ‚¬μ•…ν• ν¬λ°ν‚¤',0),(693,'λ¶λ³€μ μ—”μ΄',0),(694,'λΉ„μ¥ν• λΉ…νμ΄',0),(695,'μ§‘μ”ν• ν¬λ°ν‚¤',0),(696,'ν­λ°μ μΈ κ³ λλ°¥',0),(697,'ν­μ••μ μΈ μ΄μ½”μ†΅μ΄',0),(698,'λ¶νƒ€λ” κµ¬κµ¬μ½',0),(699,'κ°•μΈν• λΉ μ‚­',0),(700,'ν™©ν™€ν• μ°Έν¬λμ»¤',0),(701,'κ°•μ§ν• μ•Όμ±„νƒ€μ„',0),(702,'κ°•λ ¬ν• λ¨λ‚μΉ΄',0),(703,'λ¬΄μ‡ κ°™μ€ μ—μ΄μ¤',0),(704,'λ‹Ήλ‹Ήν• μ•μƒμ°μΉ©',0),(705,'ν¬μ² ν• λ¨λ‚μΉ΄',0),(706,'ν™©ν™€ν• ν¬ν…ν† μΉ©',0),(707,'ν—μ¤€ν• ν‚·μΊ£',0),(708,'λ¬΄ν•ν• μ‚¬λΈλ ',0),(709,'λ§¤μ„μ΄ νΈμ…μ¤',0),(710,'κΈ΄λ°•ν• μ—”μ΄',0),(711,'λΉ„μ¥ν• μ‚¬λΈλ ',0),(712,'λ§¤μ„μ΄ μ•Όμ±„νƒ€μ„',0),(713,'κΈ‰κ²©ν• λ΅―λ°μƒλ“',0),(714,'λΉν‹μ—†λ” μ—”μ΄',0),(715,'μ΄κ°•λ ¥ν• ν—λ‹λ²„ν„°μΉ©',0),(716,'λ‹¨νΈν• νΈμ…μ¤',0),(717,'μ λ€μ μΈ μΉν† μ¤',0),(718,'λ‹Ήλ‹Ήν• κµ¬κµ¬μ½',0),(719,'λΉ„μ¥ν• λΉΌλΉΌλ΅',0),(720,'λ€λ‹΄ν• νƒ±ν¬λ³΄μ΄',0),(721,'λ¬΄μ‹¬ν• λΉ μ‚­',0),(722,'λ‹¨λ‹¨ν• λΉ…νμ΄',0),(723,'μ—­λ™μ μΈ λ‚μµΈ',0),(724,'μ©λ§Ήν• μ—μ΄μ¤',0),(725,'λ¬΄μ‹λ¬΄μ‹ν• μ¬μΉ©',0),(726,'μ§‘μ”ν• μƒμ°κΉ΅',0),(727,'κ°•μ§ν• μ— μ•¤μ— μ¦',0),(728,'λ¶λ³€μ λ°”λ‚λ‚ν‚¥',0),(729,'λ‚ μΉ΄λ΅μ΄ μΉμ¦λ³Ό',0),(730,'μ² μ €ν• ν¬λμ»¤',0),(731,'λ“μ„Ό μΈμ λ―Έμ¤λ‚µ',0),(732,'κ³Όκ°ν• λ‚μµΈ',0),(733,'ν—λ‚ν• μ—μ΄μ¤',0),(734,'κ³Όκ°ν• μ°Έν¬λμ»¤',0),(735,'μ•”ν‘μ ν‚·μΊ£',0),(736,'νκ΄΄μ μΈ μ½μ΄',0),(737,'λ€λ‹¨ν• μΉμ¦λ³Ό',0),(738,'μΉλ…μ μΈ μΉν† μ¤',0),(739,'κ΄‘ν­ν• μ¤μ™μΉ©',0),(740,'λ€λ‹΄ν• μΉν† μ¤',0),(741,'μμ›ν• μΈμ λ―Έμ¤λ‚µ',0),(742,'λ¬΄μλΉ„ν• μΉν† μ¤',0),(743,'κ°•μ§ν• μ—μ΄μ¤',0),(744,'ν—λ‚ν• ν¬λ°ν‚¤',0),(745,'λμ§κΈ΄ λΉ…νμ΄',0),(746,'μ„λ€ν• ν™λ°λ³Ό',0),(747,'λ‹¨νΈν• μκ°μΉ',0),(748,'μ²λ‘¥ κ°™μ€ μΉν† μ¤',0),(749,'κ³ λ…ν• μμΌλ¦¬ν†¨',0),(750,'νμ°¬ ν¬ν…ν† μΉ©',0),(751,'λ§¤μ„μ΄ μ‚¬λΈλ ',0),(752,'κµ³κ±΄ν• ν”„λ§κΈ€μ¤',0),(753,'λ§Ήλ ¬ν• κ³ λλ°¥',0),(754,'μ΄μΈμ μΈ λΉ λ‹¤μ½”μ½”λ‚«',0),(755,'λ¬΄μ‹λ¬΄μ‹ν• νΈμ…μ¤',0),(756,'κΈ‰κ²©ν• μ— μ•¤μ— μ¦',0),(757,'λ¬΄μ‹λ¬΄μ‹ν• μ΄μ½”ν•μ„',0),(758,'λ‹Ήλ‹Ήν• μ½μ΄',0),(759,'μ—­λ™μ μΈ μ¤κ°μ',0),(760,'λ¶ν¨μ κ³ μ†λ―Έ',0),(761,'κΈ΄λ°•ν• μ™€μ‚­λ°”',0),(762,'μ”νΉν• μμΌλ¦¬ν†¨',0),(763,'ν™©ν™€ν• λ¨λ‚μΉ΄',0),(764,'κ΄‘ν­ν• ν¬λμ»¤',0),(765,'κ°•μΈν• κµ¬μ΄κ°μ',0),(766,'μ΄κ°•λ ¥ν• μ‚¬λΈλ ',0),(767,'λ€λ‹΄ν• μƒμ°κΉ΅',0),(768,'μ©λ§Ήν• μƒμ°κΉ΅',0),(769,'κ³ λ…ν• μ¤μ‚¬μ―”',0),(770,'κ°€νΉν• μ— μ•¤μ— μ¦',0),(771,'λ²”μ ‘ν•  μ μ—†λ” μ£ μ¤λ°”',0),(772,'μ‚¬μ•…ν• μΉΈμµΈ',0),(773,'ν­λ°μ μΈ μΉν† μ¤',0),(774,'κ°•λ ¬ν• ν•λ¦¬λ³΄',0),(775,'μΉλ…μ μΈ λ½€λ',0),(776,'μ•”ν‘μ κ³ λλ°¥',0),(777,'κ²©λ ¬ν• μ΄μ½”ν•μ„',0),(778,'κΈ‰κ²©ν• ν‚·μΊ£',0),(779,'μ§€λ…ν• μμΌλ¦¬ν†¨',0),(780,'κ°•λ ¬ν• μ΄μ½”μ†΅μ΄',0),(781,'λ€λ‹¨ν• μ¬μΉ©',0),(782,'λΉν‹μ—†λ” κΏ€κ½λ°°κΈ°',0),(783,'κ΄‘ν­ν• λ½€λ',0),(784,'μ§‘μ”ν• μ¬μΉ©',0),(785,'λ¶νƒ€λ” ν¬λ¦¬μ¤ν”Όλ΅¤',0),(786,'μ°¨κ°€μ΄ λ²„ν„°μ™€ν”',0),(787,'μ§‘μ”ν• λ¨λ‚μΉ΄',0),(788,'κ²¬κ³ ν• μ›¨ν•μ¤',0),(789,'λ‹¨νΈν• ν•λ¦¬λ³΄',0),(790,'μ°¨κ°€μ΄ μ™€ν΄',0),(791,'λ¬΄μ μ μ¤κ°μ',0),(792,'λ“μ„Ό κ°€λ‚νμ΄',0),(793,'νμ°¬ μ™€ν΄',0),(794,'μΉμ—΄ν• μ€λ΅λ³„',0),(795,'λ²”μ ‘ν•  μ μ—†λ” κµ¬μ΄κ°μ',0),(796,'μμ›ν• μ½μ΄',0),(797,'μ§„μ§€ν• μ΄μ½”μΉ©μΏ ν‚¤',0),(798,'μ••λ„μ μΈ μ¤λ¨',0),(799,'μ§€λ…ν• ν™λ°λ³Ό',0),(800,'μ²ν•λ¬΄μ μ μΉμ¦λ³Ό',0),(801,'λ¬΄μ‡ κ°™μ€ μ¤λ¨',0),(802,'κΈ‰κ²©ν• ν¬λ¦¬μ¤ν”Όλ΅¤',0),(803,'μ„λ€ν• ν¬λ¦¬μ¤ν”Όλ΅¤',0),(804,'λ€λ‹¨ν• μΉ™μ΄‰',0),(805,'κΉμ€ μ—μ΄μ¤',0),(806,'κΈ‰κ²©ν• μκ°μΉ',0),(807,'λ²”μ ‘ν•  μ μ—†λ” λ°”λ‚λ‚ν‚¥',0),(808,'μ§‘μ”ν• μΉν† μ¤',0),(809,'κ³Όκ°ν• ν‚·μΊ£',0),(810,'ν¬μ² ν• μκ°μΉ',0),(811,'ν­μ••μ μΈ μ¤λ¨',0),(812,'κΈ΄λ°•ν• ν‚·μΊ£',0),(813,'κµ³κ±΄ν• μ¤λ μ¤',0),(814,'μμ›ν• μ¤κ°μ',0),(815,'λ¬΄μ •ν• μƒμ°κΉ΅',0),(816,'λ¬΄μ μ μ¤λ¨',0),(817,'μ§‘μ”ν• κΏ€κ½λ°°κΈ°',0),(818,'λ§‰κ°•ν• νΈμ…μ¤',0),(819,'λ¶ν¨μ λ‚μµΈ',0),(820,'κΈ‰κ²©ν• κµ¬κµ¬μ½',0),(821,'μ•…λ…ν• λ°”λ‚λ‚ν‚¥',0),(822,'λ‚ μΉ΄λ΅μ΄ λ‚μµΈ',0),(823,'λ€λ‹΄ν• κµ¬κµ¬μ½',0),(824,'μ„λ€ν• κ°€λ',0),(825,'λΉ„μ¥ν• μΉν† μ¤',0),(826,'κ³Όκ°ν• λ¨λ‚μΉ΄',0),(827,'λμ—†λ” ν•λ¦¬λ³΄',0),(828,'λ‹Ήλ‹Ήν• μ¤μ™μΉ©',0),(829,'λ¬΄μ‹λ¬΄μ‹ν• λ°”λ‚λ‚ν‚¥',0),(830,'λ¶μ‚¬μ‹ μ μ—μ΄μ¤',0),(831,'λ§‰κ°•ν• κ³ λλ°¥',0),(832,'λ‹¨νΈν• μ΄μ½”ν•μ„',0),(833,'ν¬μ² ν• μ£ λ¦¬ν',0),(834,'κ³Όκ°ν• μ¤λ μ¤',0),(835,'νκ΄΄μ μΈ μΉν† μ¤',0),(836,'μ‚¬μ•…ν• μ—μ΄μ¤',0),(837,'μ™„κ°•ν• ν¬μΉ΄μΉ©',0),(838,'λ¶κ°€μΉ¨μ μ›¨ν•μ¤',0),(839,'κΈ‰κ²©ν• λΉΌλΉΌλ΅',0),(840,'μ§„μ§€ν• μ΄μ½”νμ΄',0),(841,'λ‹¨λ‹¨ν• μΉ΄μ¤νƒ€λ“',0),(842,'κ°•μΈν• νλ λ΅λ΅μ‰',0),(843,'μ§„μ§€ν• μΉμ¦λ³Ό',0),(844,'μ„λ€ν• μ¤λ¨',0),(845,'λ¬΄μ‹¬ν• νΈμ…μ¤',0),(846,'κ°€νΉν• ν‚·μΊ£',0),(847,'μ΄κ°•λ ¥ν• μ½μ΄',0),(848,'κ°€νΉν• μ¤μ‚¬μ―”',0),(849,'μ²μ ν• ν—λ‹λ²„ν„°μΉ©',0),(850,'μ €λμ μΈ μΏ ν¬λ‹¤μ¤',0),(851,'μΉλ…μ μΈ λ΅―λ°μƒλ“',0),(852,'μ΄μ›”μ μΈ μ™€μ‚­λ°”',0),(853,'κµ‰μ¥ν• ν™λ°λ³Ό',0),(854,'μΉμ—΄ν• μ΄μ½”μ†΅μ΄',0),(855,'λ¶νƒ€λ” μκ°μΉ',0),(856,'μ² μ €ν• λ‚μµΈ',0),(857,'κ΄‘ν­ν• μΈμ λ―Έμ¤λ‚µ',0),(858,'μ² μ €ν• κ°€λ',0),(859,'μ—­λ™μ μΈ μ¤λ μ¤',0),(860,'κ²¬κ³ ν• ν•λ¦¬λ³΄',0),(861,'λ¬΄ν•ν• μ— μ•¤μ— μ¦',0),(862,'λκ°™μ€ μ½μ΄',0),(863,'μ§„μ§€ν• λ¦¬μΈ ',0),(864,'λ§Ήλ ¬ν• μ¤λ μ¤',0),(865,'λ€λ‹¨ν• λΉμΈ ',0),(866,'λΉν‹μ—†λ” νƒ±ν¬λ³΄μ΄',0),(867,'κΉμ€ κ³ λλ°¥',0),(868,'λ¬΄μ‹λ¬΄μ‹ν• μ¤λ¨',0),(869,'κ³ λ…ν• κµ¬κµ¬μ½',0),(870,'λμ§κΈ΄ ν¬λ°ν‚¤',0),(871,'λ¬΄κ±°μ΄ νλ λ΅λ΅μ‰',0),(872,'ν—μ•…ν• μ¬μΉ©',0),(873,'κΉμ€ λΉ λ‹¤μ½”μ½”λ‚«',0),(874,'κ³Όκ°ν• κΌ¬κΉ”μ½',0),(875,'μΉΌλ‚  κ°™μ€ κ°€λ',0),(876,'λ¶λ³€μ μ£ λ¦¬ν',0),(877,'μ„λ€ν• νλ λ΅λ΅μ‰',0),(878,'κ³Όκ°ν• ν—λ‹λ²„ν„°μΉ©',0),(879,'μ΄μΈμ μΈ μ΄μ½”νμ΄',0),(880,'μ‹ λ…μ λ§κ°€λ ›νΈ',0),(881,'μ λ€μ μΈ λ΅―λ°μƒλ“',0),(882,'μ΄μ›”μ μΈ μ¤λ μ¤',0),(883,'μ•”ν‘μ λΉ μ‚­',0),(884,'μ €λμ μΈ λ„λ„¤λ λ„¤',0),(885,'λ¬΄μν• μ¤μ™μΉ©',0),(886,'ν—λ‚ν• λ¦¬μΈ ',0),(887,'λ‹Ήλ‹Ήν• λΉμΈ ',0),(888,'λ¬΄κ±°μ΄ μκ°μΉ',0),(889,'μΉμ—΄ν• λΉ…νμ΄',0),(890,'μ‚¬μ•…ν• μ¤μ™μΉ©',0),(891,'λ€λ‹΄ν• μ£ λ¦¬ν',0),(892,'μ”νΉν• ν”„λ§κΈ€μ¤',0),(893,'λ§¤μ„μ΄ λ¨λ‚μΉ΄',0),(894,'μ•”ν‘μ μκ°μΉ',0),(895,'μ§„μ§€ν• μ€λ΅λ³„',0),(896,'μμ›ν• λΉ…νμ΄',0),(897,'μ§€λ…ν• μ¤λ¨',0),(898,'μ”νΉν• μ™€ν΄',0),(899,'λ¬΄μ‹¬ν• ν™λ°λ³Ό',0),(900,'λ¬΄μ •ν• νλ λ΅λ΅μ‰',0),(901,'κ΄‘ν­ν• κ°€λ',0),(902,'μ¤‘ν›„ν• λ²„ν„°μΏ ν‚¤',0),(903,'λμ§κΈ΄ μΉ΄μ¤νƒ€λ“',0),(904,'ν­μ••μ μΈ μƒμ°κΉ΅',0),(905,'ν­λ°μ μΈ μ™€ν΄',0),(906,'λμ—†λ” μ¤λ μ¤',0),(907,'κµ³κ±΄ν• μΉν† μ¤',0),(908,'κ°€μ°¨μ—†λ” μΉ΄μ¤νƒ€λ“',0),(909,'μΉΌλ‚  κ°™μ€ νƒ±ν¬λ³΄μ΄',0),(910,'κ°•μ§ν• νƒ±ν¬λ³΄μ΄',0),(911,'λ¬΄μλΉ„ν• μΉ΄μ¤νƒ€λ“',0),(912,'μ²λ‘¥ κ°™μ€ μ•μƒμ°μΉ©',0),(913,'μ™„κ°•ν• κµ¬κµ¬μ½',0),(914,'μ€λ°€ν• μΏ ν¬λ‹¤μ¤',0),(915,'κ΄‘ν­ν• μ ν¬',0),(916,'μ‹ λ…μ μ¤μ‚¬μ―”',0),(917,'λμ—†λ” μ£ μ¤λ°”',0),(918,'λ¬΄ν•ν• μ£ λ¦¬ν',0),(919,'μ €λμ μΈ ν¬λμ»¤',0),(920,'λΉν‹μ—†λ” κΌ¬κΉ”μ½',0),(921,'λ¬΄μ‹λ¬΄μ‹ν• λ°€ν¬μΉ΄λΌλ©',0),(922,'νκ΄΄μ μΈ λΉ…νμ΄',0),(923,'λ¬΄ν•ν• μ—”μ΄',0),(924,'μ² μ €ν• μ΄μ½”ν•μ„',0),(925,'λ“μ„Ό μ¤λ μ¤',0),(926,'μ„λ€ν• μ¤κ°μ',0),(927,'μ™„κ°•ν• ν¬ν…ν† μΉ©',0),(928,'κ²¬κ³ ν• μΈμ λ―Έμ¤λ‚µ',0),(929,'λ¬΄μ‹¬ν• μ¤μ‚¬μ―”',0),(930,'μΉΌλ‚  κ°™μ€ μ΄μ½”ν•μ„',0),(931,'μ΄μΈμ μΈ ν‚·μΊ£',0),(932,'μ›…μ¥ν• λ°€ν¬μΉ΄λΌλ©',0),(933,'μ„λ€ν• μΉν† μ¤',0),(934,'μ”νΉν• μ–‘νλ§',0),(935,'κ²°μ—°ν• ν¬λμ»¤',0),(936,'λ‹¨λ‹¨ν• κ°€λ‚νμ΄',0),(937,'λ§¤μ„μ΄ λΉΌλΉΌλ΅',0),(938,'κ°€νΉν• λ²„ν„°μΏ ν‚¤',0),(939,'νμ°¬ λ‚μµΈ',0),(940,'λ¶ν¨μ ν—λ‹λ²„ν„°μΉ©',0),(941,'μμ›ν• μ¤μ™μΉ©',0),(942,'κΈ‰κ²©ν• λΉ…νμ΄',0),(943,'λ¶λ³€μ μ¤κ°μ',0),(944,'λ¬΄μν• νλ λ΅λ΅μ‰',0),(945,'μ λ€μ μΈ κ°€λ',0),(946,'λ§¤μ„μ΄ λ‚μµΈ',0),(947,'κ²¬κ³ ν• ν¬λ¦¬μ¤ν”Όλ΅¤',0),(948,'λΉν‹μ—†λ” νΈμ…μ¤',0),(949,'μ•”ν‘μ μΏ ν¬λ‹¤μ¤',0),(950,'μ €λμ μΈ μ΄μ½”νμ΄',0),(951,'μ‚¬μ•…ν• κΏ€κ½λ°°κΈ°',0),(952,'λ€λ‹΄ν• λ§μΉ΄λ΅±',0),(953,'κ°•λ ¬ν• μΉ™μ΄‰',0),(954,'κ·Ήμ•…ν• μ΄μ½”μΉ©μΏ ν‚¤',0),(955,'μμ›ν• μ•μƒμ°μΉ©',0),(956,'μ§„μ§€ν• λ°€ν¬μΉ΄λΌλ©',0),(957,'λ¬΄μ‡ κ°™μ€ μ΄μ½”νμ΄',0),(958,'μ €λμ μΈ ν¬μΉ΄μΉ©',0),(959,'λκ°™μ€ μ΄μ½”ν•μ„',0),(960,'κ·Ήμ•…ν• μ›¨ν•μ¤',0),(961,'μ‚¬μ•…ν• κµ¬μ΄κ°μ',0),(962,'ν¬μ² ν• κΏ€κ½λ°°κΈ°',0),(963,'μ€λ°€ν• μ™€ν΄',0),(964,'μ²ν•λ¬΄μ μ μ ν¬',0),(965,'μ„λ€ν• μ—”μ΄',0),(966,'λ¬΄μ„μ΄ μ¤λ¨',0),(967,'κ°•μ§ν• μƒμ°κΉ΅',0),(968,'λκ°™μ€ λΉ λ‹¤μ½”μ½”λ‚«',0),(969,'λ§Ήλ ¬ν• μ°Έν¬λμ»¤',0),(970,'μ²μ ν• λ§κ°€λ ›νΈ',0),(971,'λ‚ μΉ΄λ΅μ΄ κµ¬κµ¬μ½',0),(972,'μ²λ‘¥ κ°™μ€ νΈμ…μ¤',0),(973,'λ¬΄μ‹λ¬΄μ‹ν• ν¬μΉ΄μΉ©',0),(974,'μ λ€μ μΈ μ΄μ½”μΉ©μΏ ν‚¤',0),(975,'λ¶κµ΄μ κµ¬μ΄κ°μ',0),(976,'λκ°™μ€ μ¤λ‹μ»¤μ¦',0),(977,'λ²”μ ‘ν•  μ μ—†λ” μ— μ•¤μ— μ¦',0),(978,'μ§‘μ”ν• λ§μΉ΄λ΅±',0),(979,'λ¬΄κ±°μ΄ μΉν† μ¤',0),(980,'μ΄κ°•λ ¥ν• λΉ…νμ΄',0),(981,'μ€λ°€ν• λ°”λ‚λ‚ν‚¥',0),(982,'λ‹¨νΈν• μ΄μ½”νμ΄',0),(983,'μ΄μ›”μ μΈ μΉΈμµΈ',0),(984,'μ΄κ°•λ ¥ν• ν”„λ§κΈ€μ¤',0),(985,'κΉμ€ λ°€ν¬μΉ΄λΌλ©',0),(986,'μ‚¬μ•…ν• λ§μΉ΄λ΅±',0),(987,'λ¶μ‚¬μ‹ μ μ—”μ΄',0),(988,'μ°λ μ°¬ λ°”λ‚λ‚ν‚¥',0),(989,'λΉν‹μ—†λ” μ΄μ½”ν•μ„',0),(990,'μ—­λ™μ μΈ λΉ…νμ΄',0),(991,'μ”νΉν• λΉΌλΉΌλ΅',0),(992,'κ°€μ°¨μ—†λ” λ΅―λ°μƒλ“',0),(993,'μ‚¬λ‚μ΄ μ¤κ°μ',0),(994,'ν™©ν™€ν• ν¬λμ»¤',0),(995,'κ³ λ…ν• μ΄μ½”μ†΅μ΄',0),(996,'λ€λ‹¨ν• ν™λ°λ³Ό',0),(997,'ν™©ν™€ν• μΉΈμµΈ',0),(998,'ν™©ν™€ν• κ°€λ',0),(999,'μ‹ λ…μ ν›„λ μΉνμ΄',0),(1000,'λ§‰κ°•ν• λΉ λ‹¤μ½”μ½”λ‚«',0),(1001,'λ¬΄μλΉ„ν• μ£ λ¦¬ν',0),(1002,'κ·Ήμ•…ν• μΉ™μ΄‰',0),(1003,'λ‚ μΉ΄λ΅μ΄ νΈμ…μ¤',0),(1004,'λ¬΄μλΉ„ν• μκ°μΉ',0),(1005,'κ΄‘ν­ν• μ¤λ μ¤',0),(1006,'κΈ‰κ²©ν• λΉ μ‚­',0),(1007,'μ΄μ›”μ μΈ μ°Έν¬λμ»¤',0),(1008,'νκ΄΄μ μΈ ν¬λ°ν‚¤',0),(1009,'μ²λ‘¥ κ°™μ€ μΏ ν¬λ‹¤μ¤',0),(1010,'μ λ€μ μΈ μμΌλ¦¬ν†¨',0),(1011,'λ¬΄ν•ν• ν¬ν…ν† μΉ©',0),(1012,'μ‹ λ…μ λ°”λ‚λ‚ν‚¥',0),(1013,'κ°€νΉν• ν™λ°λ³Ό',0),(1014,'μ‚¬λ‚μ΄ μ¤λ¨',0),(1015,'κ°€νΉν• ν¬μΉ΄μΉ©',0),(1016,'ν—μ•…ν• μ—”μ΄',0),(1017,'μ›…μ¥ν• ν¬ν…ν† μΉ©',0),(1018,'μ²ν•λ¬΄μ μ μ›¨ν•μ¤',0),(1019,'μ΄μ›”μ μΈ μΉμ¦λ³Ό',0),(1020,'λ¬΄ν•ν• μƒμ°κΉ΅',0),(1021,'μ €λμ μΈ κµ¬κµ¬μ½',0),(1022,'μ²μ ν• μ΄μ½”ν•μ„',0),(1023,'λ¶ν¨μ μ΄μ½”μ†΅μ΄',0),(1024,'μ”νΉν• μκ°μΉ',0),(1025,'κ²¬κ³ ν• λ°”λ‚λ‚ν‚¥',0),(1026,'μ©λ§Ήν• μμΌλ¦¬ν†¨',0),(1027,'λμ§κΈ΄ λ°€ν¬μΉ΄λΌλ©',0),(1028,'κ°•μΈν• ν›„λ μΉνμ΄',0),(1029,'μ‚¬μ•…ν• λ²„ν„°μΏ ν‚¤',0),(1030,'κΉμ€ νλ λ΅λ΅μ‰',0),(1031,'ν—λ‚ν• μ¤κ°μ',0),(1032,'μ λ€μ μΈ λ¨λ‚μΉ΄',0),(1033,'μ°λ μ°¬ μ™€ν΄',0),(1034,'κµ‰μ¥ν• νΈμ…μ¤',0),(1035,'λ¬΄μ‹¬ν• μΉμ¦λ³Ό',0),(1036,'λ¬΄μ‹λ¬΄μ‹ν• λ²„ν„°μ™€ν”',0),(1037,'κΉμ€ ν¬μΉ΄μΉ©',0),(1038,'μ λ€μ μΈ μ¤κ°μ',0),(1039,'λΉ„μ¥ν• κ³ μ†λ―Έ',0),(1040,'κΈ‰κ²©ν• κΌ¬κΉ”μ½',0),(1041,'μΉμ—΄ν• μ–‘νλ§',0),(1042,'μΉΌλ‚  κ°™μ€ λΉ μ‚­',0),(1043,'λ¶κµ΄μ λ½€λ',0),(1044,'κΈ‰κ²©ν• ν”„λ§κΈ€μ¤',0),(1045,'μ΄μ›”μ μΈ λΉΌλΉΌλ΅',0),(1046,'κµ‰μ¥ν• μ¤λ¨',0),(1047,'ν—μ•…ν• μΉ™μ΄‰',0),(1048,'μ΄κ°•λ ¥ν• μ— μ•¤μ— μ¦',0),(1049,'λ€λ‹¨ν• λ¨λ‚μΉ΄',0),(1050,'λ¬΄ν•ν• μ™€μ‚­λ°”',0),(1051,'μ§€λ…ν• μ— μ•¤μ— μ¦',0),(1052,'μ²λ‘¥ κ°™μ€ μ΄μ½”νμ΄',0),(1053,'μ••λ„μ μΈ λ΅―λ°μƒλ“',0),(1054,'λ‚ μΉ΄λ΅μ΄ μ™€μ‚­λ°”',0),(1055,'ν¬μ² ν• μ™€ν΄',0),(1056,'μΉΌλ‚  κ°™μ€ λ„λ„¤λ λ„¤',0),(1057,'μ§„μ§€ν• μ¤λ¨',0),(1058,'μ€λ°€ν• μ— μ•¤μ— μ¦',0),(1059,'κΉμ€ μΉμ¦λ³Ό',0),(1060,'λ¶κµ΄μ νΈμ…μ¤',0),(1061,'μ² μ €ν• κ³ μ†λ―Έ',0),(1062,'λ¬΄μ μ μ¤λ μ¤',0),(1063,'μ€λ°€ν• ν¬λμ»¤',0),(1064,'μ°¨κ°€μ΄ μ¤κ°μ',0),(1065,'ν¬μ² ν• ν—λ‹λ²„ν„°μΉ©',0),(1066,'μ§€λ…ν• μΉ™μ΄‰',0),(1067,'μ„λ€ν• μ¤λ μ¤',0),(1068,'λ‹¨νΈν• κµ¬μ΄κ°μ',0),(1069,'λ‹Ήλ‹Ήν• λΉ μ‚­',0),(1070,'κ°€μ°¨μ—†λ” λΉ…νμ΄',0),(1071,'μ΄κ°•λ ¥ν• μ—”μ΄',0),(1072,'μΉΌλ‚  κ°™μ€ ν¬μΉ΄μΉ©',0),(1073,'μ••λ„μ μΈ μΉ΄μ¤νƒ€λ“',0),(1074,'μ••λ„μ μΈ μΉμ¦λ³Ό',1),(1075,'μΉλ…μ μΈ ν¬λμ»¤',0),(1076,'ν™©ν™€ν• λ¦¬μΈ ',0),(1077,'λ§¤μ„μ΄ λ„λ„¤λ λ„¤',0),(1078,'λ¬΄μ •ν• λ²„ν„°μ™€ν”',0),(1079,'μΉλ…μ μΈ μ— μ•¤μ— μ¦',0),(1080,'νμ°¬ μ—μ΄μ¤',0),(1081,'λ‹¨νΈν• κ°€λ',0),(1082,'λ²”μ ‘ν•  μ μ—†λ” μ‚¬λΈλ ',0),(1083,'λκ°™μ€ μ΄μ½”μΉ©μΏ ν‚¤',0),(1084,'λ§¤μ„μ΄ μ΄μ½”ν•μ„',0),(1085,'μ΄μΈμ μΈ λ§κ°€λ ›νΈ',0),(1086,'μ² μ €ν• μ—μ΄μ¤',0),(1087,'κΈ΄λ°•ν• μμΌλ¦¬ν†¨',0),(1088,'μ©λ§Ήν• λΉ λ‹¤μ½”μ½”λ‚«',0),(1089,'λ¬΄ν•ν• λ²„ν„°μΏ ν‚¤',0),(1090,'λκ°™μ€ λ§μΉ΄λ΅±',0),(1091,'λ¬΄μ‹λ¬΄μ‹ν• λ¦¬μΈ ',0),(1092,'λ¶ν¨μ μ•Όμ±„νƒ€μ„',0),(1093,'νμ°¬ μƒμ°κΉ΅',0),(1094,'μ΄μΈμ μΈ νƒ±ν¬λ³΄μ΄',0),(1095,'μ•…λ…ν• ν¬ν…ν† μΉ©',0),(1096,'λ‹¨νΈν• μ€λ΅λ³„',0),(1097,'μ„λ€ν• κ°€λ‚νμ΄',0),(1098,'μ€λ°€ν• μ—μ΄μ¤',0),(1099,'μ €λμ μΈ λ²„ν„°μΏ ν‚¤',0),(1100,'κ²¬κ³ ν• μ™€ν΄',0),(1101,'μΉμ—΄ν• μ¤μ™μΉ©',0),(1102,'λ¶μ‚¬μ‹ μ μ–‘νλ§',0),(1103,'λ¬΄ν•ν• κµ¬κµ¬μ½',0),(1104,'μ§‘μ”ν• λ„λ„¤λ λ„¤',0),(1105,'μ§„μ§€ν• ν™λ°λ³Ό',0),(1106,'μ² μ €ν• μ΄μ½”μ†΅μ΄',0),(1107,'μ¤‘ν›„ν• μμΌλ¦¬ν†¨',0),(1108,'μ‚¬λ‚μ΄ λΉ μ‚­',0),(1109,'νμ°¬ λ²„ν„°μΏ ν‚¤',0),(1110,'ν—μ¤€ν• ν¬λ°ν‚¤',0),(1111,'κµ³κ±΄ν• κ°€λ‚νμ΄',0),(1112,'λμ—†λ” νƒ±ν¬λ³΄μ΄',0),(1113,'λ¶μ‚¬μ‹ μ λΉΌλΉΌλ΅',0),(1114,'κ²°μ—°ν• λ°”λ‚λ‚ν‚¥',0),(1115,'λ§Ήλ ¬ν• μ¤κ°μ',0),(1116,'λ§Ήλ ¬ν• ν¬ν…ν† μΉ©',0),(1117,'λ¬΄μ μ μ£ μ¤λ°”',0),(1118,'ν—μ•…ν• ν‚·μΊ£',0),(1119,'κ°€μ°¨μ—†λ” μΉμ¦λ³Ό',0),(1120,'μ©λ§Ήν• ν¬λ°ν‚¤',0),(1121,'μ•…λ…ν• μ΄μ½”ν•μ„',0),(1122,'μ‚¬λ‚μ΄ λΉμΈ ',0),(1123,'μ•”ν‘μ μ½μ΄',0),(1124,'λ§‰κ°•ν• μ°Έν¬λμ»¤',0),(1125,'λ¬΄κ±°μ΄ μ£ λ¦¬ν',0),(1126,'μ§€λ…ν• λ§κ°€λ ›νΈ',0),(1127,'μ €λμ μΈ μ°Έν¬λμ»¤',0),(1128,'μ™„κ°•ν• μ¤λ¨',0),(1129,'μ‚¬λ‚μ΄ κ°€λ‚νμ΄',0),(1130,'νμ°¬ μ›¨ν•μ¤',0),(1131,'κ°•λ ¥ν• ν¬μΉ΄μΉ©',0),(1132,'μ§€λ…ν• μΉν† μ¤',0),(1133,'λμ§κΈ΄ μ΄μ½”μΉ©μΏ ν‚¤',0),(1134,'λ‹Ήλ‹Ήν• ν›„λ μΉνμ΄',0),(1135,'λ¬΄μλΉ„ν• κµ¬μ΄κ°μ',0),(1136,'μ‚¬λ‚μ΄ μ™€ν΄',0),(1137,'κ·Ήμ•…ν• μΉΈμµΈ',0),(1138,'μ›…μ¥ν• λ„λ„¤λ λ„¤',0),(1139,'μ™„κ°•ν• λ„λ„¤λ λ„¤',0),(1140,'νμ°¬ λ²„ν„°μ™€ν”',0),(1141,'νκ΄΄μ μΈ μ€λ΅λ³„',0),(1142,'μ²λ‘¥ κ°™μ€ μ΄μ½”ν•μ„',0),(1143,'λ‹¨λ‹¨ν• μ€λ΅λ³„',0),(1144,'μ©λ§Ήν• ν¬λμ»¤',0),(1145,'κ³ λ…ν• λ¨λ‚μΉ΄',0),(1146,'λ§Ήλ ¬ν• ν”„λ§κΈ€μ¤',0),(1147,'μ‹ λ…μ μ—μ΄μ¤',0),(1148,'μ•…λ…ν• λ‚μµΈ',0),(1149,'κ°•λ ¥ν• ν”„λ§κΈ€μ¤',0),(1150,'λ€λ‹΄ν• μ›¨ν•μ¤',0),(1151,'λ¶νƒ€λ” μ£ λ¦¬ν',0),(1152,'λ“μ„Ό μ¤μ™μΉ©',0),(1153,'κ²©λ ¬ν• ν‚·μΊ£',0),(1154,'κ³ λ…ν• μΉ΄μ¤νƒ€λ“',0),(1155,'μ©λ§Ήν• λ²„ν„°μ™€ν”',0),(1156,'ν­λ°μ μΈ μ¬μΉ©',0),(1157,'μ™„κ°•ν• μ¬μΉ©',0),(1158,'κ°•λ ¥ν• ν¬λμ»¤',0),(1159,'ν™©ν™€ν• μ¤λ‹μ»¤μ¦',0),(1160,'λ¬΄μν• μ™€ν΄',0),(1161,'λ¶κµ΄μ μΉ΄μ¤νƒ€λ“',0),(1162,'λ§‰κ°•ν• νƒ±ν¬λ³΄μ΄',0),(1163,'κΈ‰κ²©ν• λ§κ°€λ ›νΈ',0),(1164,'κµ‰μ¥ν• μ£ μ¤λ°”',0),(1165,'λ‚ μΉ΄λ΅μ΄ μ¤λ¨',0),(1166,'λ¬΄κ±°μ΄ μ•Όμ±„νƒ€μ„',0),(1167,'μ›…μ¥ν• κµ¬μ΄κ°μ',0),(1168,'μ΄κ°•λ ¥ν• μ–‘νλ§',0),(1169,'μ•…λ…ν• ν—λ‹λ²„ν„°μΉ©',0),(1170,'ν¬μ² ν• μ›¨ν•μ¤',0),(1171,'κ°€μ°¨μ—†λ” μ°Έν¬λμ»¤',0),(1172,'λ€λ‹¨ν• μ—μ΄μ¤',0),(1173,'κ³ λ…ν• λ§κ°€λ ›νΈ',0),(1174,'λΉν‹μ—†λ” μΉν† μ¤',0),(1175,'μ¤‘ν›„ν• λ§μΉ΄λ΅±',0),(1176,'λ¬΄μ μ λ¨λ‚μΉ΄',0),(1177,'ν­μ••μ μΈ μ•Όμ±„νƒ€μ„',0),(1178,'λ‚ μΉ΄λ΅μ΄ μ•Όμ±„νƒ€μ„',0),(1179,'μ²μ ν• κµ¬κµ¬μ½',0),(1180,'λ¬΄μ μ κ³ λλ°¥',0),(1181,'μ©λ§Ήν• λ§μΉ΄λ΅±',0),(1182,'λ¶κµ΄μ κ°€λ‚νμ΄',0),(1183,'ν—λ‚ν• μΉμ¦λ³Ό',0),(1184,'ν—μ¤€ν• μΉ™μ΄‰',0),(1185,'κ°€νΉν• ν¬ν…ν† μΉ©',0),(1186,'λΉν‹μ—†λ” μ–‘νλ§',0),(1187,'λ¬΄μ‹λ¬΄μ‹ν• λ§μΉ΄λ΅±',0),(1188,'λκ°™μ€ κµ¬κµ¬μ½',0),(1189,'μ΄μ›”μ μΈ ν—λ‹λ²„ν„°μΉ©',0),(1190,'μμ›ν• λΉ λ‹¤μ½”μ½”λ‚«',0),(1191,'ν—λ‚ν• μ—”μ΄',0),(1192,'λ¶κµ΄μ κΌ¬κΉ”μ½',0),(1193,'κ²©λ ¬ν• λ§κ°€λ ›νΈ',0),(1194,'νμ°¬ μ‚¬λΈλ ',0),(1195,'λ§¤μ„μ΄ μ— μ•¤μ— μ¦',0),(1196,'λ¬΄μ μ λΉ μ‚­',0),(1197,'ν™©ν™€ν• ν•λ¦¬λ³΄',0),(1198,'λ¶κµ΄μ κµ¬κµ¬μ½',0),(1199,'λ“μ„Ό λ¦¬μΈ ',0),(1200,'κ²°μ—°ν• λΉμΈ ',0),(1201,'λκ°™μ€ κ³ μ†λ―Έ',0),(1202,'λμ—†λ” μ¤μ™μΉ©',0),(1203,'λΉ„μ¥ν• ν•λ¦¬λ³΄',0),(1204,'μ”νΉν• μ΄μ½”μΉ©μΏ ν‚¤',0),(1205,'κ°•λ ¥ν• μ‚¬λΈλ ',0),(1206,'λ¬΄μλΉ„ν• μ΄μ½”μΉ©μΏ ν‚¤',0),(1207,'λμ§κΈ΄ λΉ μ‚­',0),(1208,'κµ³κ±΄ν• λ²„ν„°μΏ ν‚¤',0),(1209,'κ΄‘ν­ν• μΉ΄μ¤νƒ€λ“',0),(1210,'λ€λ‹΄ν• μΉΈμµΈ',0),(1211,'νμ°¬ κ°€λ',0),(1212,'κΈ‰κ²©ν• μΉ™μ΄‰',0),(1213,'λ¶ν¨μ λΉ…νμ΄',0),(1214,'μ©λ§Ήν• μ— μ•¤μ— μ¦',0),(1215,'λμ—†λ” μΉμ¦λ³Ό',0),(1216,'κ°•λ ¬ν• μΉΈμµΈ',0),(1217,'λ§Ήλ ¬ν• μ‚¬λΈλ ',0),(1218,'λ¬΄μ‹¬ν• κµ¬μ΄κ°μ',0),(1219,'μΉμ—΄ν• μ΄μ½”ν•μ„',0),(1220,'κµ‰μ¥ν• ν‚·μΊ£',0),(1221,'ν—μ•…ν• νƒ±ν¬λ³΄μ΄',0),(1222,'λ¶κ°€μΉ¨μ μ£ λ¦¬ν',0),(1223,'λ¶κ°€μΉ¨μ κµ¬κµ¬μ½',0),(1224,'κ°•μΈν• μΉμ¦λ³Ό',0),(1225,'μ”νΉν• κΌ¬κΉ”μ½',0),(1226,'κ·Ήμ•…ν• κ°€λ‚νμ΄',0),(1227,'λ¶ν¨μ μ¤λ‹μ»¤μ¦',0),(1228,'μ΄μΈμ μΈ κΌ¬κΉ”μ½',0),(1229,'κµ‰μ¥ν• κΏ€κ½λ°°κΈ°',0),(1230,'λ‹¨λ‹¨ν• μ¤μ™μΉ©',0),(1231,'μ €λμ μΈ ν¬λ°ν‚¤',0),(1232,'λ¬΄μ„μ΄ λ°€ν¬μΉ΄λΌλ©',0),(1233,'μ΄μ›”μ μΈ μ΄μ½”μ†΅μ΄',0),(1234,'μ² μ €ν• ν¬λ°ν‚¤',0),(1235,'μΉΌλ‚  κ°™μ€ μΏ ν¬λ‹¤μ¤',0),(1236,'λ‹Ήλ‹Ήν• κ³ λλ°¥',0),(1237,'νμ°¬ ν¬λμ»¤',0),(1238,'κΈ‰κ²©ν• λ²„ν„°μ™€ν”',0),(1239,'λ¬΄κ±°μ΄ λ²„ν„°μΏ ν‚¤',0),(1240,'μ‚¬λ‚μ΄ μκ°μΉ',0),(1241,'μ°λ μ°¬ μƒμ°κΉ΅',0),(1242,'μ§‘μ”ν• μ€λ΅λ³„',0),(1243,'μ €λμ μΈ μ£ λ¦¬ν',0),(1244,'μ”νΉν• ν—λ‹λ²„ν„°μΉ©',0),(1245,'ν­μ••μ μΈ μ–‘νλ§',0),(1246,'λ¬΄μν• λ°”λ‚λ‚ν‚¥',0),(1247,'λ¶κ°€μΉ¨μ ν¬λ°ν‚¤',0),(1248,'μ°λ μ°¬ μ¤λ¨',0),(1249,'λ¬΄ν•ν• νƒ±ν¬λ³΄μ΄',0),(1250,'ν­λ°μ μΈ ν™λ°λ³Ό',0),(1251,'μ›…μ¥ν• μ£ μ¤λ°”',0),(1252,'κ°•μ§ν• μ΄μ½”ν•μ„',0),(1253,'μ°λ μ°¬ μ¤κ°μ',0),(1254,'μ΄κ°•λ ¥ν• νΈμ…μ¤',0),(1255,'ν—μ¤€ν• κ°€λ‚νμ΄',0),(1256,'λ¬΄μ„μ΄ μ΄μ½”μ†΅μ΄',0),(1257,'ν™©ν™€ν• μΈμ λ―Έμ¤λ‚µ',0),(1258,'μ—­λ™μ μΈ κ°€λ‚νμ΄',0),(1259,'μΉλ…μ μΈ νΈμ…μ¤',0),(1260,'μ§„μ§€ν• λΉ μ‚­',0),(1261,'λ¶κ°€μΉ¨μ ν•λ¦¬λ³΄',0),(1262,'λ‹¨λ‹¨ν• μ‚¬λΈλ ',0),(1263,'κ°•λ ¬ν• μ™€μ‚­λ°”',0),(1264,'λ¶ν¨μ κµ¬κµ¬μ½',0),(1265,'μ›…μ¥ν• λ²„ν„°μ™€ν”',0),(1266,'ν™•κ³ ν• μΉ΄μ¤νƒ€λ“',0),(1267,'μ••λ„μ μΈ μ¤λ‹μ»¤μ¦',0),(1268,'λμ—†λ” μΉΈμµΈ',0),(1269,'κ°€νΉν• μ™€ν΄',0),(1270,'κ²°μ—°ν• μ΄μ½”νμ΄',0),(1271,'κ°€νΉν• μΉ™μ΄‰',0),(1272,'κ°•λ ¥ν• νƒ±ν¬λ³΄μ΄',0),(1273,'λ¶λ³€μ λ§μΉ΄λ΅±',0),(1274,'λ¶κµ΄μ μ¤λ‹μ»¤μ¦',0),(1275,'κµ‰μ¥ν• ν¬λμ»¤',0),(1276,'ν­λ°μ μΈ λΉ λ‹¤μ½”μ½”λ‚«',0),(1277,'μ²ν•λ¬΄μ μ λ§κ°€λ ›νΈ',0),(1278,'ν—μ•…ν• λ¨λ‚μΉ΄',0),(1279,'μ”νΉν• ν¬λμ»¤',0),(1280,'μ§„μ§€ν• μ–‘νλ§',0),(1281,'μ΄κ°•λ ¥ν• μ ν¬',0),(1282,'λ€λ‹¨ν• ν¬λμ»¤',0),(1283,'κΉμ€ μΉΈμµΈ',0),(1284,'λ€λ‹¨ν• λ§μΉ΄λ΅±',0),(1285,'μ”νΉν• μΏ ν¬λ‹¤μ¤',0),(1286,'λ§Ήλ ¬ν• μ—μ΄μ¤',0),(1287,'λ¬΄μ‹λ¬΄μ‹ν• μ–‘νλ§',0),(1288,'λ¶νƒ€λ” μΉΈμµΈ',0),(1289,'νμ°¬ μ΄μ½”νμ΄',0),(1290,'λ‹¨νΈν• μ¤λ¨',0),(1291,'μ΄μΈμ μΈ ν¬λ¦¬μ¤ν”Όλ΅¤',0),(1292,'λΉ„μ¥ν• μ—”μ΄',0),(1293,'λ¶κµ΄μ ν™λ°λ³Ό',0),(1294,'κ°€νΉν• λ½€λ',0),(1295,'λ¶μ‚¬μ‹ μ λ¨λ‚μΉ΄',0),(1296,'λ‚ μΉ΄λ΅μ΄ μ¤κ°μ',0),(1297,'μ΄μ›”μ μΈ μ£ μ¤λ°”',0),(1298,'ν—λ‚ν• μ€λ΅λ³„',0),(1299,'λ‚ μΉ΄λ΅μ΄ μ™€ν΄',0),(1300,'κ³Όκ°ν• μ¤λ‹μ»¤μ¦',0),(1301,'μ‹ λ…μ νƒ±ν¬λ³΄μ΄',0),(1302,'λ¬΄μ‹λ¬΄μ‹ν• ν›„λ μΉνμ΄',0),(1303,'μ² μ €ν• μ ν¬',0),(1304,'κ²¬κ³ ν• μΏ ν¬λ‹¤μ¤',0),(1305,'κ²©λ ¬ν• μ•μƒμ°μΉ©',0),(1306,'λμ§κΈ΄ λ¨λ‚μΉ΄',0),(1307,'λ‚ μΉ΄λ΅μ΄ μ£ λ¦¬ν',0),(1308,'κΈ΄λ°•ν• μ¤μ™μΉ©',0),(1309,'λ‹¨λ‹¨ν• λ²„ν„°μΏ ν‚¤',0),(1310,'μ”νΉν• νΈμ…μ¤',0),(1311,'κµ‰μ¥ν• λΉμΈ ',0),(1312,'μ² μ €ν• κµ¬κµ¬μ½',0),(1313,'λ¶νƒ€λ” λ°”λ‚λ‚ν‚¥',0),(1314,'κµ³κ±΄ν• μ™€μ‚­λ°”',0),(1315,'μ‚¬μ•…ν• λ½€λ',0),(1316,'μ΄μΈμ μΈ μ–‘νλ§',0),(1317,'μ΄μΈμ μΈ ν¬λμ»¤',0),(1318,'λΉν‹μ—†λ” μ΄μ½”μΉ©μΏ ν‚¤',0),(1319,'μ²μ ν• μ΄μ½”μ†΅μ΄',0),(1320,'λ¬΄μ‹λ¬΄μ‹ν• μ™€ν΄',0),(1321,'ν—μ¤€ν• μΏ ν¬λ‹¤μ¤',0),(1322,'μ λ€μ μΈ λ²„ν„°μΏ ν‚¤',0),(1323,'μ°λ μ°¬ μΉμ¦λ³Ό',0),(1324,'μ€λ°€ν• μ½μ΄',0),(1325,'ν—λ‚ν• κµ¬μ΄κ°μ',0),(1326,'λκ°™μ€ ν‚·μΊ£',0),(1327,'ν­μ••μ μΈ ν¬λ°ν‚¤',0),(1328,'λ‹¨λ‹¨ν• λ¦¬μΈ ',0),(1329,'λ‹¨λ‹¨ν• μΉμ¦λ³Ό',0),(1330,'λ“μ„Ό λ΅―λ°μƒλ“',0),(1331,'λ“μ„Ό μ—μ΄μ¤',0),(1332,'λ“μ„Ό μƒμ°κΉ΅',0),(1333,'λ§Ήλ ¬ν• λ½€λ',0),(1334,'λ¬΄μ‡ κ°™μ€ λ΅―λ°μƒλ“',0),(1335,'λ¬΄μν• μ°Έν¬λμ»¤',0),(1336,'λ¶ν¨μ ν¬λ¦¬μ¤ν”Όλ΅¤',0),(1337,'μ λ€μ μΈ ν¬λ°ν‚¤',0),(1338,'μ•”ν‘μ μ€λ΅λ³„',0),(1339,'κ²©λ ¬ν• λ²„ν„°μ™€ν”',0),(1340,'λ¬΄μ‹¬ν• ν—λ‹λ²„ν„°μΉ©',0),(1341,'λκ°™μ€ μ¤μ‚¬μ―”',0),(1342,'κ²©λ ¬ν• μ¤λ¨',0),(1343,'λκ°™μ€ μ¤λ¨',0),(1344,'λ‹Ήλ‹Ήν• μΏ ν¬λ‹¤μ¤',0),(1345,'λ¬΄κ±°μ΄ ν›„λ μΉνμ΄',0),(1346,'ν¬μ² ν• κ°€λ',0),(1347,'ν™©ν™€ν• λΉΌλΉΌλ΅',0),(1348,'μ”νΉν• μ—”μ΄',0),(1349,'μ°λ μ°¬ κ³ μ†λ―Έ',0),(1350,'μ›…μ¥ν• λ²„ν„°μΏ ν‚¤',0),(1351,'κ΄‘ν­ν• μ–‘νλ§',0),(1352,'μ™„κ°•ν• νλ λ΅λ΅μ‰',0),(1353,'λ¬΄μν• μ½μ΄',0),(1354,'ν™©ν™€ν• μ¤λ μ¤',0),(1355,'λ¶νƒ€λ” μ΄μ½”ν•μ„',0),(1356,'λ¬΄μ μ μΉ΄μ¤νƒ€λ“',0),(1357,'κ²°μ—°ν• λΉΌλΉΌλ΅',0),(1358,'νμ°¬ μ΄μ½”ν•μ„',0),(1359,'μ§‘μ”ν• μ΄μ½”ν•μ„',0),(1360,'κ°•μ§ν• μ£ λ¦¬ν',0),(1361,'λ€λ‹¨ν• λΉ…νμ΄',0),(1362,'λ²”μ ‘ν•  μ μ—†λ” μΉΈμµΈ',0),(1363,'μ²μ ν• ν•λ¦¬λ³΄',0),(1364,'λ¬΄μ •ν• μ–‘νλ§',0),(1365,'μ•”ν‘μ ν¬λ¦¬μ¤ν”Όλ΅¤',0),(1366,'κ²¬κ³ ν• λ²„ν„°μΏ ν‚¤',0),(1367,'μ•”ν‘μ ν•λ¦¬λ³΄',0),(1368,'μ΄μΈμ μΈ μ•Όμ±„νƒ€μ„',0),(1369,'ν—μ•…ν• ν›„λ μΉνμ΄',1),(1370,'μ°λ μ°¬ μ΄μ½”μΉ©μΏ ν‚¤',0),(1371,'μ”νΉν• μΉν† μ¤',0),(1372,'μ§€λ…ν• ν¬μΉ΄μΉ©',0),(1373,'κ²©λ ¬ν• μ¤λ μ¤',0),(1374,'κ³ λ…ν• μ¬μΉ©',0),(1375,'κµ‰μ¥ν• λ¨λ‚μΉ΄',0),(1376,'μ²μ ν• μ΄μ½”νμ΄',0),(1377,'μ²μ ν• μ•Όμ±„νƒ€μ„',0),(1378,'λ¬΄μλΉ„ν• νλ λ΅λ΅μ‰',0),(1379,'μ²λ‘¥ κ°™μ€ κ³ λλ°¥',0),(1380,'λ¶κµ΄μ μ£ μ¤λ°”',0),(1381,'μ΄μ›”μ μΈ κ³ μ†λ―Έ',0),(1382,'μ¤‘ν›„ν• λ΅―λ°μƒλ“',0),(1383,'λ¶μ‚¬μ‹ μ ν—λ‹λ²„ν„°μΉ©',0),(1384,'μ² μ €ν• κ³ λλ°¥',0),(1385,'λ‹¨λ‹¨ν• μ¤λ¨',0),(1386,'λ“μ„Ό ν¬ν…ν† μΉ©',0),(1387,'κΉμ€ κ³ μ†λ―Έ',0),(1388,'κΉμ€ μ—”μ΄',0),(1389,'μ”νΉν• νƒ±ν¬λ³΄μ΄',0),(1390,'μ—­λ™μ μΈ ν—λ‹λ²„ν„°μΉ©',0),(1391,'κ²°μ—°ν• μ΄μ½”μΉ©μΏ ν‚¤',0),(1392,'λ‹¨λ‹¨ν• μ•μƒμ°μΉ©',0),(1393,'ν—λ‚ν• λ²„ν„°μ™€ν”',0),(1394,'μ² μ €ν• νλ λ΅λ΅μ‰',0),(1395,'μ§„μ§€ν• ν¬λ¦¬μ¤ν”Όλ΅¤',0),(1396,'λ¶μ‚¬μ‹ μ ν¬λμ»¤',0),(1397,'λ€λ‹΄ν• μ΄μ½”μ†΅μ΄',0),(1398,'λ‹¨νΈν• νλ λ΅λ΅μ‰',0),(1399,'κΉμ€ μ›¨ν•μ¤',0),(1400,'ν—μ•…ν• μ•μƒμ°μΉ©',0),(1401,'μ €λμ μΈ μ–‘νλ§',0),(1402,'λ‚ μΉ΄λ΅μ΄ μ¤μ‚¬μ―”',0),(1403,'ν—μ¤€ν• λ²„ν„°μΏ ν‚¤',0),(1404,'μ©λ§Ήν• μΉΈμµΈ',0),(1405,'μ΄μ›”μ μΈ κ°€λ',0),(1406,'λ¬΄μ •ν• μ ν¬',0),(1407,'λ¶νƒ€λ” μ¤λ μ¤',0),(1408,'ν—μ•…ν• ν™λ°λ³Ό',0),(1409,'κ°•μΈν• μ™€ν΄',0),(1410,'μ”νΉν• μ¤λ¨',0),(1411,'λ‹¨λ‹¨ν• μ™€μ‚­λ°”',0),(1412,'λ¬΄μ •ν• μ‚¬λΈλ ',0),(1413,'λ‹¨νΈν• μ›¨ν•μ¤',0),(1414,'μ²μ ν• μ™€ν΄',0),(1415,'ν—μ¤€ν• μ•Όμ±„νƒ€μ„',0),(1416,'λ§¤μ„μ΄ κΏ€κ½λ°°κΈ°',0),(1417,'λ“μ„Ό κ°μκΉ΅',0),(1418,'μ² μ €ν• μΉ΄μ¤νƒ€λ“',0),(1419,'μ΄μΈμ μΈ μ΄μ½”ν•μ„',0),(1420,'μ‹ λ…μ μ΄μ½”νμ΄',0),(1421,'λ¶ν¨μ λΉμΈ ',0),(1422,'μ²λ‘¥ κ°™μ€ μ–‘νλ§',0),(1423,'μ•…λ…ν• κΌ¬κΉ”μ½',0),(1424,'ν¬μ² ν• ν•λ¦¬λ³΄',0),(1425,'μμ›ν• λ§κ°€λ ›νΈ',0),(1426,'μ λ€μ μΈ μ΄μ½”νμ΄',0),(1427,'μ›…μ¥ν• μ•Όμ±„νƒ€μ„',0),(1428,'μ°λ μ°¬ νλ λ΅λ΅μ‰',0),(1429,'κ°•λ ¬ν• μ¤κ°μ',0),(1430,'μ λ€μ μΈ κ°μκΉ΅',0),(1431,'μ••λ„μ μΈ μΈμ λ―Έμ¤λ‚µ',0),(1432,'λ¶κ°€μΉ¨μ ν¬ν…ν† μΉ©',0),(1433,'κΉμ€ λΉΌλΉΌλ΅',0),(1434,'μ°λ μ°¬ μΉ™μ΄‰',0),(1435,'κµ‰μ¥ν• μ΄μ½”μΉ©μΏ ν‚¤',0),(1436,'λ¬΄μ‡ κ°™μ€ μ•Όμ±„νƒ€μ„',0),(1437,'μ΄μ›”μ μΈ ν¬λ¦¬μ¤ν”Όλ΅¤',0),(1438,'λ¬΄ν•ν• λ§μΉ΄λ΅±',0),(1439,'κµ‰μ¥ν• μΉμ¦λ³Ό',0),(1440,'μ§€λ…ν• λΉ μ‚­',0),(1441,'κ°€μ°¨μ—†λ” μ‚¬λΈλ ',0),(1442,'μ΄μ›”μ μΈ λ²„ν„°μ™€ν”',0),(1443,'λ¬΄μλΉ„ν• λΉμΈ ',0),(1444,'κ°•λ ¬ν• μ¤μ™μΉ©',0),(1445,'μΉμ—΄ν• μ™€ν΄',0),(1446,'μ²λ‘¥ κ°™μ€ μΉ΄μ¤νƒ€λ“',0),(1447,'ν­λ°μ μΈ μ¤κ°μ',0),(1448,'λ¶μ‚¬μ‹ μ μ™€μ‚­λ°”',0),(1449,'μ•”ν‘μ κ°€λ',0),(1450,'λ²”μ ‘ν•  μ μ—†λ” κ³ λλ°¥',0),(1451,'μ°λ μ°¬ κΏ€κ½λ°°κΈ°',0),(1452,'λ¶κµ΄μ λΉΌλΉΌλ΅',0),(1453,'μ €λμ μΈ μ½μ΄',0),(1454,'κ°•μ§ν• μ¤λ¨',0),(1455,'μ›…μ¥ν• μμΌλ¦¬ν†¨',0),(1456,'κ°•λ ¥ν• ν›„λ μΉνμ΄',0),(1457,'νμ°¬ μ΄μ½”μ†΅μ΄',0),(1458,'κ²¬κ³ ν• λ§μΉ΄λ΅±',0),(1459,'κ³Όκ°ν• λΉΌλΉΌλ΅',0),(1460,'λ‹¨λ‹¨ν• μ£ μ¤λ°”',0),(1461,'μ§„μ§€ν• μ΄μ½”μ†΅μ΄',0),(1462,'κ°•λ ¥ν• μΉν† μ¤',0),(1463,'λ¬΄κ±°μ΄ λ¨λ‚μΉ΄',0),(1464,'μΉμ—΄ν• ν¬ν…ν† μΉ©',0),(1465,'κµ‰μ¥ν• μ™€μ‚­λ°”',0),(1466,'μ•…λ…ν• κµ¬μ΄κ°μ',0),(1467,'κΈ‰κ²©ν• μ£ μ¤λ°”',0),(1468,'μ‹ λ…μ μ¤λ‹μ»¤μ¦',0),(1469,'νκ΄΄μ μΈ μ΄μ½”ν•μ„',0),(1470,'μ›…μ¥ν• μ•μƒμ°μΉ©',0),(1471,'κ°•λ ¥ν• μƒμ°κΉ΅',0),(1472,'μ„λ€ν• ν¬μΉ΄μΉ©',0),(1473,'λ“μ„Ό ν”„λ§κΈ€μ¤',0),(1474,'λ‹¨νΈν• μ¤λ‹μ»¤μ¦',0),(1475,'μ²μ ν• κΏ€κ½λ°°κΈ°',0),(1476,'κ°•λ ¥ν• μ™€ν΄',0),(1477,'κµ³κ±΄ν• λΉ λ‹¤μ½”μ½”λ‚«',0),(1478,'μ••λ„μ μΈ λ¨λ‚μΉ΄',0),(1479,'μ‚¬μ•…ν• λ§κ°€λ ›νΈ',0),(1480,'λ§Ήλ ¬ν• ν—λ‹λ²„ν„°μΉ©',0),(1481,'κµ‰μ¥ν• μμΌλ¦¬ν†¨',0),(1482,'λ€λ‹¨ν• κµ¬μ΄κ°μ',0),(1483,'λ¬΄μ‹¬ν• μΉ΄μ¤νƒ€λ“',0),(1484,'κΈ΄λ°•ν• λ²„ν„°μ™€ν”',0),(1485,'μΉΌλ‚  κ°™μ€ λ¨λ‚μΉ΄',0),(1486,'κ°•λ ¥ν• κ³ μ†λ―Έ',0),(1487,'μ΄μ›”μ μΈ ν¬ν…ν† μΉ©',0),(1488,'κ΄‘ν­ν• λ°€ν¬μΉ΄λΌλ©',0),(1489,'λΉν‹μ—†λ” ν‚·μΊ£',0),(1490,'λ¬΄ν•ν• μ¤λ‹μ»¤μ¦',0),(1491,'μΉλ…μ μΈ λΉΌλΉΌλ΅',0),(1492,'μ΄μ›”μ μΈ λΉμΈ ',0),(1493,'λΉ„μ¥ν• μ΄μ½”μ†΅μ΄',0),(1494,'κ³Όκ°ν• μ—”μ΄',0),(1495,'νμ°¬ λΉ…νμ΄',0),(1496,'μ²λ‘¥ κ°™μ€ ν¬μΉ΄μΉ©',0),(1497,'λ¬΄μ‡ κ°™μ€ λ²„ν„°μΏ ν‚¤',0),(1498,'ν™©ν™€ν• μ— μ•¤μ— μ¦',0),(1499,'λ¬΄μ‹λ¬΄μ‹ν• λ²„ν„°μΏ ν‚¤',0),(1500,'λμ—†λ” ν‚·μΊ£',0),(1501,'κ²¬κ³ ν• μƒμ°κΉ΅',0),(1502,'λ¬΄μ‹¬ν• νλ λ΅λ΅μ‰',0),(1503,'λ¶μ‚¬μ‹ μ μ™€ν΄',0),(1504,'μ‹ λ…μ μΉμ¦λ³Ό',0),(1505,'νκ΄΄μ μΈ μ—μ΄μ¤',0),(1506,'λ¬΄μ μ μ— μ•¤μ— μ¦',0),(1507,'ν™•κ³ ν• λ„λ„¤λ λ„¤',0),(1508,'λ¶μ‚¬μ‹ μ λΉ…νμ΄',0),(1509,'λ¶νƒ€λ” λ°€ν¬μΉ΄λΌλ©',0),(1510,'κ°•μ§ν• μΉμ¦λ³Ό',0),(1511,'μ€λ°€ν• ν¬λ°ν‚¤',0),(1512,'νμ°¬ μΉ™μ΄‰',0),(1513,'λ¬΄μν• λ„λ„¤λ λ„¤',0),(1514,'λ‹Ήλ‹Ήν• ν•λ¦¬λ³΄',0),(1515,'λ§‰κ°•ν• μ¤μ‚¬μ―”',0),(1516,'μ‚¬λ‚μ΄ μ΄μ½”ν•μ„',0),(1517,'λ‹¨νΈν• ν‚·μΊ£',0),(1518,'μ›…μ¥ν• κ°€λ',0),(1519,'μ”νΉν• λ„λ„¤λ λ„¤',0),(1520,'λ‚ μΉ΄λ΅μ΄ νλ λ΅λ΅μ‰',0),(1521,'λ¬΄μλΉ„ν• κµ¬κµ¬μ½',0),(1522,'κµ‰μ¥ν• κΌ¬κΉ”μ½',0),(1523,'λΉ„μ¥ν• λ§μΉ΄λ΅±',0),(1524,'μ•…λ…ν• μ£ λ¦¬ν',0),(1525,'λ¶λ³€μ μΉΈμµΈ',0),(1526,'μΉμ—΄ν• μ— μ•¤μ— μ¦',0),(1527,'μ΄κ°•λ ¥ν• ν‚·μΊ£',0),(1528,'κ°€νΉν• νλ λ΅λ΅μ‰',0),(1529,'μ•…λ…ν• μ½μ΄',0),(1530,'μ°λ μ°¬ λ§μΉ΄λ΅±',0),(1531,'λ§¤μ„μ΄ λ΅―λ°μƒλ“',0),(1532,'μ§‘μ”ν• μμΌλ¦¬ν†¨',0),(1533,'κ°•λ ¬ν• νΈμ…μ¤',0),(1534,'λ¬΄μν• μΏ ν¬λ‹¤μ¤',0),(1535,'κ²©λ ¬ν• μ€λ΅λ³„',0),(1536,'μ‹ λ…μ λ²„ν„°μ™€ν”',0),(1537,'μ €λμ μΈ μ¤λ¨',0),(1538,'λ¬΄μν• μκ°μΉ',0),(1539,'νκ΄΄μ μΈ κΌ¬κΉ”μ½',0),(1540,'λκ°™μ€ λ§κ°€λ ›νΈ',0),(1541,'λ¬΄ν•ν• νΈμ…μ¤',0),(1542,'λ¬΄μ μ μ€λ΅λ³„',0),(1543,'λ‹¨νΈν• ν¬ν…ν† μΉ©',0),(1544,'λ¶λ³€μ μ΄μ½”νμ΄',0),(1545,'λ“μ„Ό λ½€λ',0),(1546,'μ„λ€ν• λ²„ν„°μΏ ν‚¤',0),(1547,'κµ³κ±΄ν• νλ λ΅λ΅μ‰',0),(1548,'μ„λ€ν• λ°€ν¬μΉ΄λΌλ©',0),(1549,'μ² μ €ν• μ¬μΉ©',0),(1550,'κΈ‰κ²©ν• μ¤λ¨',0),(1551,'μ§€λ…ν• ν¬λμ»¤',0),(1552,'ν¬μ² ν• ν¬ν…ν† μΉ©',0),(1553,'λ§¤μ„μ΄ νƒ±ν¬λ³΄μ΄',0),(1554,'μ²λ‘¥ κ°™μ€ λ‚μµΈ',0),(1555,'λ¶κ°€μΉ¨μ μ–‘νλ§',0),(1556,'ν—μ¤€ν• κ°€λ',0),(1557,'λ¬΄μ‡ κ°™μ€ μ£ μ¤λ°”',0),(1558,'λ²”μ ‘ν•  μ μ—†λ” λ΅―λ°μƒλ“',0),(1559,'μ„λ€ν• μ¤μ‚¬μ―”',0),(1560,'νμ°¬ λΉ μ‚­',0),(1561,'λ€λ‹¨ν• νΈμ…μ¤',0),(1562,'λΉν‹μ—†λ” λ²„ν„°μ™€ν”',0),(1563,'μ§‘μ”ν• μΉ΄μ¤νƒ€λ“',0),(1564,'κ°•λ ¥ν• μ ν¬',0),(1565,'λ¶κ°€μΉ¨μ λΉμΈ ',0),(1566,'μ‚¬μ•…ν• μ¤λ¨',0),(1567,'λ§Ήλ ¬ν• μ΄μ½”μΉ©μΏ ν‚¤',0),(1568,'μ›…μ¥ν• μ΄μ½”ν•μ„',0),(1569,'κ³Όκ°ν• κ°€λ',0),(1570,'μ€λ°€ν• ν‚·μΊ£',0),(1571,'κ²¬κ³ ν• κ°μκΉ΅',0),(1572,'μΉΌλ‚  κ°™μ€ λ²„ν„°μΏ ν‚¤',0),(1573,'ν­λ°μ μΈ κ°μκΉ΅',0),(1574,'μ§‘μ”ν• ν¬μΉ΄μΉ©',0),(1575,'μ°λ μ°¬ νΈμ…μ¤',0),(1576,'κΉμ€ λ°”λ‚λ‚ν‚¥',0),(1577,'λ¬΄μ‡ κ°™μ€ μΈμ λ―Έμ¤λ‚µ',0),(1578,'λ§¤μ„μ΄ κ³ λλ°¥',0),(1579,'μ΄μΈμ μΈ μΉ΄μ¤νƒ€λ“',0),(1580,'λ‹Ήλ‹Ήν• λ‚μµΈ',0),(1581,'μ‚¬μ•…ν• μ™€ν΄',0),(1582,'μ΄μ›”μ μΈ λ²„ν„°μΏ ν‚¤',0),(1583,'κΈ΄λ°•ν• λ§κ°€λ ›νΈ',0),(1584,'μ•…λ…ν• λ΅―λ°μƒλ“',0),(1585,'μ €λμ μΈ λΉΌλΉΌλ΅',0),(1586,'ν™•κ³ ν• μ ν¬',0),(1587,'μ§„μ§€ν• κµ¬κµ¬μ½',0),(1588,'μ‚¬μ•…ν• μ‚¬λΈλ ',0),(1589,'μ§„μ§€ν• ν•λ¦¬λ³΄',0),(1590,'λ€λ‹΄ν• νλ λ΅λ΅μ‰',0),(1591,'λμ§κΈ΄ μƒμ°κΉ΅',0),(1592,'μ΄κ°•λ ¥ν• κ³ λλ°¥',0),(1593,'κ³ λ…ν• κΏ€κ½λ°°κΈ°',0),(1594,'κ°•μΈν• μ‚¬λΈλ ',0),(1595,'λ¶νƒ€λ” κµ¬μ΄κ°μ',0),(1596,'μ‚¬μ•…ν• μ΄μ½”μΉ©μΏ ν‚¤',0),(1597,'κ²¬κ³ ν• μΉμ¦λ³Ό',0),(1598,'κ³Όκ°ν• λ½€λ',0),(1599,'μ©λ§Ήν• μ΄μ½”νμ΄',0),(1600,'κµ‰μ¥ν• λΉΌλΉΌλ΅',0),(1601,'κ²©λ ¬ν• κ°μκΉ΅',0),(1602,'λ¬΄μ„μ΄ κ³ λλ°¥',0),(1603,'κΈ΄λ°•ν• κΌ¬κΉ”μ½',0),(1604,'λ§¤μ„μ΄ λ§κ°€λ ›νΈ',0),(1605,'λ‹¨λ‹¨ν• λ„λ„¤λ λ„¤',0),(1606,'λ“μ„Ό νΈμ…μ¤',0),(1607,'μ—­λ™μ μΈ ν”„λ§κΈ€μ¤',0),(1608,'ν™•κ³ ν• μ°Έν¬λμ»¤',0),(1609,'κ°€μ°¨μ—†λ” λ„λ„¤λ λ„¤',0),(1610,'κ΄‘ν­ν• κ°€λ‚νμ΄',0),(1611,'μ²λ‘¥ κ°™μ€ μ—μ΄μ¤',0),(1612,'κ³Όκ°ν• μΉμ¦λ³Ό',0),(1613,'μΉλ…μ μΈ κµ¬κµ¬μ½',0),(1614,'λ¶ν¨μ μΈμ λ―Έμ¤λ‚µ',0),(1615,'μ²μ ν• λ‚μµΈ',0),(1616,'λ¬΄μλΉ„ν• μ€λ΅λ³„',0),(1617,'μμ›ν• μ£ μ¤λ°”',0),(1618,'μ™„κ°•ν• μ—μ΄μ¤',0),(1619,'μ§‘μ”ν• λΉ μ‚­',0),(1620,'μ΄μ›”μ μΈ μ•Όμ±„νƒ€μ„',0),(1621,'μ΄μ›”μ μΈ λ„λ„¤λ λ„¤',0),(1622,'κµ‰μ¥ν• λ‚μµΈ',0),(1623,'κ°•μ§ν• κ°μκΉ΅',0),(1624,'ν­μ••μ μΈ ν•λ¦¬λ³΄',0),(1625,'μ°λ μ°¬ λ§κ°€λ ›νΈ',0),(1626,'μ§‘μ”ν• μ¤μ‚¬μ―”',0),(1627,'κ·Ήμ•…ν• μ™€ν΄',0),(1628,'κ΄‘ν­ν• μμΌλ¦¬ν†¨',0),(1629,'λ¬΄μ μ κ°μκΉ΅',0),(1630,'ν­λ°μ μΈ μ½μ΄',0),(1631,'μ² μ €ν• ν¬μΉ΄μΉ©',0),(1632,'μ΄μ›”μ μΈ λ°€ν¬μΉ΄λΌλ©',0),(1633,'λ‚ μΉ΄λ΅μ΄ λ°”λ‚λ‚ν‚¥',0),(1634,'κΈ΄λ°•ν• κ³ λλ°¥',0),(1635,'μμ›ν• μ¤λ¨',0),(1636,'μΉλ…μ μΈ λΉμΈ ',0),(1637,'μ°λ μ°¬ κ°μκΉ΅',0),(1638,'κ°•μ§ν• μΉΈμµΈ',0),(1639,'λ¬΄μ‹¬ν• μ£ μ¤λ°”',0),(1640,'μ§€λ…ν• λΉμΈ ',0),(1641,'λ¬΄μ μ μΉν† μ¤',0),(1642,'λ§Ήλ ¬ν• μΉΈμµΈ',0),(1643,'λ¬΄κ±°μ΄ κ³ λλ°¥',0),(1644,'λ¬΄μ •ν• μκ°μΉ',0),(1645,'μ΄μ›”μ μΈ μΈμ λ―Έμ¤λ‚µ',0),(1646,'λ€λ‹΄ν• λ°€ν¬μΉ΄λΌλ©',0),(1647,'κΈ΄λ°•ν• λ΅―λ°μƒλ“',0),(1648,'μ§€λ…ν• νƒ±ν¬λ³΄μ΄',0),(1649,'λ¶κ°€μΉ¨μ μ•μƒμ°μΉ©',0),(1650,'λ¶κµ΄μ ν›„λ μΉνμ΄',0),(1651,'μ•”ν‘μ μ•μƒμ°μΉ©',0),(1652,'λ¶μ‚¬μ‹ μ κµ¬κµ¬μ½',0),(1653,'λκ°™μ€ κµ¬μ΄κ°μ',0),(1654,'κ³ λ…ν• μ•μƒμ°μΉ©',0),(1655,'μ›…μ¥ν• ν•λ¦¬λ³΄',0),(1656,'κ΄‘ν­ν• λ§μΉ΄λ΅±',0),(1657,'μ™„κ°•ν• μΉν† μ¤',0),(1658,'μμ›ν• μ‚¬λΈλ ',0),(1659,'λ¶κ°€μΉ¨μ μ¬μΉ©',0),(1660,'μ λ€μ μΈ λ§κ°€λ ›νΈ',0),(1661,'μ•…λ…ν• κ°€λ',0),(1662,'μ² μ €ν• μΉμ¦λ³Ό',0),(1663,'μ΄μΈμ μΈ λΉ μ‚­',0),(1664,'κ΄‘ν­ν• κ³ μ†λ―Έ',0),(1665,'μ²ν•λ¬΄μ μ μ•μƒμ°μΉ©',0),(1666,'μΉλ…μ μΈ μ¤λ μ¤',0),(1667,'κ°€νΉν• ν•λ¦¬λ³΄',0),(1668,'λ€λ‹΄ν• μ¤μ™μΉ©',0),(1669,'μ°λ μ°¬ λΉ…νμ΄',0),(1670,'λ‹¨νΈν• ν¬λ°ν‚¤',0),(1671,'μ••λ„μ μΈ κΏ€κ½λ°°κΈ°',0),(1672,'μ§€λ…ν• μ½μ΄',0),(1673,'λ¬΄ν•ν• μ°Έν¬λμ»¤',0),(1674,'ν—μ¤€ν• μ ν¬',0),(1675,'μ§€λ…ν• νλ λ΅λ΅μ‰',0),(1676,'λ¬΄μ •ν• κ³ μ†λ―Έ',0),(1677,'λ¬΄μ μ μ£ λ¦¬ν',0),(1678,'κ²©λ ¬ν• λΉ…νμ΄',0),(1679,'κµ³κ±΄ν• μ΄μ½”ν•μ„',0),(1680,'μ°λ μ°¬ μ¤μ‚¬μ―”',0),(1681,'κ²¬κ³ ν• λΉΌλΉΌλ΅',0),(1682,'λ¬΄μ •ν• κ³ λλ°¥',0),(1683,'μ”νΉν• μΉ™μ΄‰',0),(1684,'μ‚¬λ‚μ΄ λΉ…νμ΄',0),(1685,'νκ΄΄μ μΈ λ„λ„¤λ λ„¤',0),(1686,'λ“μ„Ό μ΄μ½”νμ΄',0),(1687,'λκ°™μ€ ν¬λ¦¬μ¤ν”Όλ΅¤',0),(1688,'λμ§κΈ΄ ν¬ν…ν† μΉ©',0),(1689,'λ¶ν¨μ λ΅―λ°μƒλ“',0),(1690,'λ‹Ήλ‹Ήν• κΏ€κ½λ°°κΈ°',0),(1691,'κ²¬κ³ ν• μ£ λ¦¬ν',0),(1692,'λ¬΄μ‹¬ν• ν¬ν…ν† μΉ©',0),(1693,'κµ³κ±΄ν• κ°€λ',0),(1694,'μ²μ ν• μ–‘νλ§',0),(1695,'λ²”μ ‘ν•  μ μ—†λ” μ¤κ°μ',0),(1696,'λ¬΄ν•ν• ν›„λ μΉνμ΄',0),(1697,'νκ΄΄μ μΈ ν¬λ¦¬μ¤ν”Όλ΅¤',0),(1698,'κΈ‰κ²©ν• ν¬λ°ν‚¤',0),(1699,'κ³Όκ°ν• λΉ λ‹¤μ½”μ½”λ‚«',0),(1700,'λ‚ μΉ΄λ΅μ΄ μ€λ΅λ³„',0),(1701,'μ²μ ν• λ§μΉ΄λ΅±',0),(1702,'λΉν‹μ—†λ” λ²„ν„°μΏ ν‚¤',0),(1703,'λ¶λ³€μ νƒ±ν¬λ³΄μ΄',0),(1704,'λ¬΄μ„μ΄ λΉμΈ ',0),(1705,'μ λ€μ μΈ μ‚¬λΈλ ',0),(1706,'μΉλ…μ μΈ ν—λ‹λ²„ν„°μΉ©',0),(1707,'μ™„κ°•ν• ν¬λμ»¤',0),(1708,'λ§Ήλ ¬ν• κ°€λ‚νμ΄',0),(1709,'κ΄‘ν­ν• νƒ±ν¬λ³΄μ΄',0),(1710,'λ¶νƒ€λ” μ¤κ°μ',0),(1711,'λ¬΄μ„μ΄ μ—μ΄μ¤',0),(1712,'λ§¤μ„μ΄ μ€λ΅λ³„',0),(1713,'λ¬΄μ μ μ–‘νλ§',1),(1714,'ν™•κ³ ν• μ΄μ½”ν•μ„',0),(1715,'μ΄μ›”μ μΈ λ‚μµΈ',0),(1716,'λ¬΄μ •ν• μ΄μ½”νμ΄',0),(1717,'μ”νΉν• λ§μΉ΄λ΅±',0),(1718,'ν™•κ³ ν• μ½μ΄',0),(1719,'λ¶κ°€μΉ¨μ μ‚¬λΈλ ',0),(1720,'νκ΄΄μ μΈ κ³ μ†λ―Έ',0),(1721,'ν—λ‚ν• λΉ μ‚­',0),(1722,'μ λ€μ μΈ ν‚·μΊ£',0),(1723,'μ²ν•λ¬΄μ μ μ¤λ‹μ»¤μ¦',0),(1724,'μ€λ°€ν• λ²„ν„°μΏ ν‚¤',0),(1725,'ν—μ•…ν• νΈμ…μ¤',0),(1726,'κ°•λ ¥ν• λΉ…νμ΄',0),(1727,'ν™©ν™€ν• μƒμ°κΉ΅',0),(1728,'κ³Όκ°ν• νΈμ…μ¤',0),(1729,'μΉμ—΄ν• λ‚μµΈ',0),(1730,'ν—μ¤€ν• μ–‘νλ§',0),(1731,'λ¬΄μλΉ„ν• μ‚¬λΈλ ',0),(1732,'λ¬΄μ •ν• λ²„ν„°μΏ ν‚¤',0),(1733,'μ§€λ…ν• μ¤λ μ¤',0),(1734,'μ΄μ›”μ μΈ μ—”μ΄',0),(1735,'μ€λ°€ν• λ½€λ',0),(1736,'μ•”ν‘μ μ¤μ™μΉ©',0),(1737,'μ¤‘ν›„ν• ν•λ¦¬λ³΄',0),(1738,'κ°•μ§ν• μΉ΄μ¤νƒ€λ“',0),(1739,'κ°•λ ¥ν• λ§κ°€λ ›νΈ',0),(1740,'μ™„κ°•ν• λΉ λ‹¤μ½”μ½”λ‚«',0),(1741,'μ‹ λ…μ μ— μ•¤μ— μ¦',0),(1742,'κΈ‰κ²©ν• ν•λ¦¬λ³΄',0),(1743,'κΈ΄λ°•ν• μ¬μΉ©',0),(1744,'κΈ΄λ°•ν• μ‚¬λΈλ ',0),(1745,'κ°•μΈν• μ¤μ‚¬μ―”',0),(1746,'μ¤‘ν›„ν• νƒ±ν¬λ³΄μ΄',0),(1747,'μ™„κ°•ν• μμΌλ¦¬ν†¨',0),(1748,'μ¤‘ν›„ν• ν™λ°λ³Ό',0),(1749,'ν—μ•…ν• μΉΈμµΈ',0),(1750,'λ¬΄μ„μ΄ ν¬λ°ν‚¤',0),(1751,'λ‹Ήλ‹Ήν• μ¤κ°μ',0),(1752,'λΉν‹μ—†λ” λ΅―λ°μƒλ“',0),(1753,'μ©λ§Ήν• μ½μ΄',0),(1754,'λΉ„μ¥ν• λΉμΈ ',0),(1755,'νμ°¬ ν¬μΉ΄μΉ©',0),(1756,'κ°•μΈν• λ²„ν„°μ™€ν”',0),(1757,'λ¶νƒ€λ” λ²„ν„°μ™€ν”',0),(1758,'κ°•μ§ν• ν¬λμ»¤',0),(1759,'μ••λ„μ μΈ μ¤κ°μ',0),(1760,'λ¬΄μλΉ„ν• νΈμ…μ¤',0),(1761,'μ§‘μ”ν• κ³ λλ°¥',0),(1762,'κ°•λ ¥ν• λ½€λ',0),(1763,'λ¶λ³€μ κµ¬μ΄κ°μ',0),(1764,'κ³Όκ°ν• μ¤λ¨',0),(1765,'ν­λ°μ μΈ μμΌλ¦¬ν†¨',0),(1766,'λμ—†λ” ν¬μΉ΄μΉ©',0),(1767,'μ¤‘ν›„ν• λ½€λ',0),(1768,'λ§‰κ°•ν• κµ¬μ΄κ°μ',0),(1769,'μ§€λ…ν• λΉ…νμ΄',0),(1770,'μ°λ μ°¬ μ¬μΉ©',0),(1771,'λ€λ‹¨ν• κ³ λλ°¥',0),(1772,'λ¬΄μλΉ„ν• ν¬μΉ΄μΉ©',0),(1773,'λ¶κµ΄μ μΉ™μ΄‰',0),(1774,'κ²¬κ³ ν• μ•Όμ±„νƒ€μ„',0),(1775,'λ¶λ³€μ μΏ ν¬λ‹¤μ¤',0),(1776,'μ²μ ν• μ€λ΅λ³„',0),(1777,'κ³Όκ°ν• μ™€ν΄',0),(1778,'λ¶μ‚¬μ‹ μ ν›„λ μΉνμ΄',0),(1779,'λμ§κΈ΄ μ¬μΉ©',0),(1780,'λ¶κµ΄μ ν—λ‹λ²„ν„°μΉ©',0),(1781,'λΉ„μ¥ν• μ£ μ¤λ°”',0),(1782,'λ‚ μΉ΄λ΅μ΄ κµ¬μ΄κ°μ',0),(1783,'ν—μ¤€ν• μ™€ν΄',0),(1784,'μ§„μ§€ν• ν‚·μΊ£',0),(1785,'μ§‘μ”ν• ν™λ°λ³Ό',0),(1786,'λκ°™μ€ μΉ™μ΄‰',0),(1787,'κ΄‘ν­ν• κΌ¬κΉ”μ½',0),(1788,'κ°€μ°¨μ—†λ” ν¬λ¦¬μ¤ν”Όλ΅¤',0),(1789,'λ¶λ³€μ λ²„ν„°μ™€ν”',0),(1790,'κ°€μ°¨μ—†λ” κ³ μ†λ―Έ',0),(1791,'μΉμ—΄ν• λ„λ„¤λ λ„¤',0),(1792,'λ¶κ°€μΉ¨μ μκ°μΉ',0),(1793,'κ°•λ ¬ν• μΏ ν¬λ‹¤μ¤',0),(1794,'λ¬΄ν•ν• μ¤λ μ¤',0),(1795,'μ§€λ…ν• ν¬ν…ν† μΉ©',0),(1796,'λ§‰κ°•ν• μ¤λ μ¤',0),(1797,'ν­μ••μ μΈ κµ¬κµ¬μ½',0),(1798,'λ§‰κ°•ν• ν¬λμ»¤',0),(1799,'κ²¬κ³ ν• ν™λ°λ³Ό',0),(1800,'μ€λ°€ν• μ™€μ‚­λ°”',0),(1801,'λκ°™μ€ μ΄μ½”μ†΅μ΄',0),(1802,'μ§„μ§€ν• ν¬λ°ν‚¤',0),(1803,'λ‹Ήλ‹Ήν• μΉ™μ΄‰',0),(1804,'μ—­λ™μ μΈ μ— μ•¤μ— μ¦',0),(1805,'λ‹Ήλ‹Ήν• λ°”λ‚λ‚ν‚¥',0),(1806,'μ‚¬λ‚μ΄ κ³ λλ°¥',0),(1807,'μ§„μ§€ν• μƒμ°κΉ΅',0),(1808,'λ¬΄μ •ν• ν”„λ§κΈ€μ¤',0),(1809,'ν—μ¤€ν• μΉΈμµΈ',0),(1810,'μ•”ν‘μ λ΅―λ°μƒλ“',0),(1811,'ν¬μ² ν• μΉμ¦λ³Ό',0),(1812,'μΉΌλ‚  κ°™μ€ λ§κ°€λ ›νΈ',0),(1813,'λ§‰κ°•ν• μΏ ν¬λ‹¤μ¤',0),(1814,'κΈ΄λ°•ν• μ¤κ°μ',0),(1815,'λ€λ‹΄ν• λ²„ν„°μ™€ν”',0),(1816,'κ΄‘ν­ν• λΉΌλΉΌλ΅',0),(1817,'κ°•λ ¬ν• λΉ μ‚­',0),(1818,'λ¬΄ν•ν• λ°”λ‚λ‚ν‚¥',0),(1819,'μ›…μ¥ν• λΉ μ‚­',0),(1820,'μ €λμ μΈ ν¬λ¦¬μ¤ν”Όλ΅¤',0),(1821,'λ‚ μΉ΄λ΅μ΄ μΉ΄μ¤νƒ€λ“',0),(1822,'μμ›ν• μΉ΄μ¤νƒ€λ“',0),(1823,'μΉλ…μ μΈ λ‚μµΈ',0),(1824,'μ§€λ…ν• ν—λ‹λ²„ν„°μΉ©',0),(1825,'κµ³κ±΄ν• λ°”λ‚λ‚ν‚¥',0),(1826,'νμ°¬ κΌ¬κΉ”μ½',0),(1827,'λ¬΄μν• μ ν¬',0),(1828,'κ°€μ°¨μ—†λ” μ—”μ΄',0),(1829,'λ€λ‹΄ν• ν¬μΉ΄μΉ©',0),(1830,'λ¬΄κ±°μ΄ ν™λ°λ³Ό',0),(1831,'ν™©ν™€ν• λ§κ°€λ ›νΈ',0),(1832,'λ¬΄μλΉ„ν• λ°”λ‚λ‚ν‚¥',0),(1833,'κ²©λ ¬ν• λΉ λ‹¤μ½”μ½”λ‚«',0),(1834,'ν™•κ³ ν• ν›„λ μΉνμ΄',0),(1835,'μ§„μ§€ν• μ›¨ν•μ¤',0),(1836,'μΉΌλ‚  κ°™μ€ μ΄μ½”μΉ©μΏ ν‚¤',0),(1837,'λ¬΄μ‹¬ν• μ–‘νλ§',0),(1838,'ν—μ¤€ν• μ£ λ¦¬ν',0),(1839,'λ€λ‹¨ν• μ£ μ¤λ°”',0),(1840,'ν—μ¤€ν• κµ¬μ΄κ°μ',0),(1841,'μ²μ ν• κµ¬μ΄κ°μ',0),(1842,'ν¬μ² ν• μ™€μ‚­λ°”',0),(1843,'λ¬΄ν•ν• ν‚·μΊ£',0),(1844,'λ¬΄μ„μ΄ μ—”μ΄',0),(1845,'μΉλ…μ μΈ μ¤μ™μΉ©',0),(1846,'μ²λ‘¥ κ°™μ€ κ°μκΉ΅',0),(1847,'λ¬΄μ •ν• μΈμ λ―Έμ¤λ‚µ',0),(1848,'λ¬΄μ‹λ¬΄μ‹ν• μ€λ΅λ³„',0),(1849,'λ¶κµ΄μ μ¤λ μ¤',0),(1850,'κΈ‰κ²©ν• νλ λ΅λ΅μ‰',0),(1851,'κ°€μ°¨μ—†λ” ν¬ν…ν† μΉ©',0),(1852,'κΈ΄λ°•ν• μ£ μ¤λ°”',0),(1853,'κ³Όκ°ν• μΈμ λ―Έμ¤λ‚µ',0),(1854,'λμ§κΈ΄ κΏ€κ½λ°°κΈ°',0),(1855,'λ§Ήλ ¬ν• κ°μκΉ΅',0),(1856,'μ¤‘ν›„ν• κ°μκΉ΅',0),(1857,'κ²°μ—°ν• ν¬λ°ν‚¤',0),(1858,'νμ°¬ κ°μκΉ΅',0),(1859,'ν­μ••μ μΈ μΉν† μ¤',0),(1860,'λ€λ‹΄ν• κ³ λλ°¥',0),(1861,'λ¬΄μν• ν”„λ§κΈ€μ¤',0),(1862,'ν¬μ² ν• μƒμ°κΉ΅',0),(1863,'ν­λ°μ μΈ λ°€ν¬μΉ΄λΌλ©',0),(1864,'μ΄κ°•λ ¥ν• μ™€ν΄',0),(1865,'κµ‰μ¥ν• ν•λ¦¬λ³΄',0),(1866,'μ•”ν‘μ μΉν† μ¤',0),(1867,'ν­μ••μ μΈ κΌ¬κΉ”μ½',0),(1868,'κ³Όκ°ν• κ°μκΉ΅',0),(1869,'ν­μ••μ μΈ μΏ ν¬λ‹¤μ¤',0),(1870,'κ°•λ ¬ν• ν—λ‹λ²„ν„°μΉ©',0),(1871,'λ¬΄ν•ν• μ΄μ½”μΉ©μΏ ν‚¤',0),(1872,'λΉ„μ¥ν• ν¬μΉ΄μΉ©',0),(1873,'κµ³κ±΄ν• λ¦¬μΈ ',0),(1874,'λμ§κΈ΄ μ΄μ½”ν•μ„',0),(1875,'λ‚ μΉ΄λ΅μ΄ λ¦¬μΈ ',0),(1876,'λ²”μ ‘ν•  μ μ—†λ” κµ¬κµ¬μ½',0),(1877,'μ©λ§Ήν• μ¬μΉ©',0),(1878,'ν—λ‚ν• ν™λ°λ³Ό',0),(1879,'ν¬μ² ν• λ°”λ‚λ‚ν‚¥',0),(1880,'λ¶μ‚¬μ‹ μ νƒ±ν¬λ³΄μ΄',0),(1881,'ν™©ν™€ν• μΉμ¦λ³Ό',0),(1882,'κ³Όκ°ν• μ¬μΉ©',0),(1883,'λ§¤μ„μ΄ μ¤λ μ¤',0),(1884,'λ¬΄μλΉ„ν• μ½μ΄',0),(1885,'μ²ν•λ¬΄μ μ μ£ λ¦¬ν',0),(1886,'λ¶μ‚¬μ‹ μ νΈμ…μ¤',0),(1887,'μ² μ €ν• ν¬λ¦¬μ¤ν”Όλ΅¤',0),(1888,'λμ—†λ” ν›„λ μΉνμ΄',0),(1889,'μ‚¬μ•…ν• μμΌλ¦¬ν†¨',0),(1890,'λ¶μ‚¬μ‹ μ λ„λ„¤λ λ„¤',0),(1891,'μ²λ‘¥ κ°™μ€ μ΄μ½”μΉ©μΏ ν‚¤',0),(1892,'νμ°¬ μΉμ¦λ³Ό',0),(1893,'λΉν‹μ—†λ” κµ¬κµ¬μ½',0),(1894,'κΈ‰κ²©ν• λ°€ν¬μΉ΄λΌλ©',0),(1895,'λ¬΄ν•ν• μ¬μΉ©',0),(1896,'ν­λ°μ μΈ κΏ€κ½λ°°κΈ°',0),(1897,'κ΄‘ν­ν• μ™€ν΄',0),(1898,'λ“μ„Ό νλ λ΅λ΅μ‰',0),(1899,'κ°€μ°¨μ—†λ” ν¬λμ»¤',0),(1900,'λ¬΄μ‡ κ°™μ€ λ„λ„¤λ λ„¤',0),(1901,'λ²”μ ‘ν•  μ μ—†λ” νλ λ΅λ΅μ‰',0),(1902,'ν—λ‚ν• ν¬λμ»¤',0),(1903,'μ©λ§Ήν• μΉ΄μ¤νƒ€λ“',0),(1904,'λ¬΄μ‡ κ°™μ€ μƒμ°κΉ΅',0),(1905,'ν™©ν™€ν• μΉ΄μ¤νƒ€λ“',0),(1906,'κ°•μ§ν• λ§κ°€λ ›νΈ',0),(1907,'μ°λ μ°¬ κ°€λ',0),(1908,'λκ°™μ€ μ£ μ¤λ°”',0),(1909,'λ§Ήλ ¬ν• μΏ ν¬λ‹¤μ¤',0),(1910,'μ²λ‘¥ κ°™μ€ λΉΌλΉΌλ΅',0),(1911,'μ²μ ν• μ¤λ‹μ»¤μ¦',0),(1912,'λμ—†λ” ν—λ‹λ²„ν„°μΉ©',0),(1913,'ν­λ°μ μΈ μΉ΄μ¤νƒ€λ“',0),(1914,'κ°•μΈν• λ²„ν„°μΏ ν‚¤',0),(1915,'λΉν‹μ—†λ” κ°€λ‚νμ΄',0),(1916,'λ¶ν¨μ λ²„ν„°μΏ ν‚¤',0),(1917,'κ²©λ ¬ν• μΏ ν¬λ‹¤μ¤',0),(1918,'κ°•μ§ν• μ΄μ½”νμ΄',0),(1919,'κ²¬κ³ ν• κΏ€κ½λ°°κΈ°',0),(1920,'λ¬΄κ±°μ΄ ν¬μΉ΄μΉ©',0),(1921,'λκ°™μ€ κ°μκΉ΅',0),(1922,'ν­μ••μ μΈ μ°Έν¬λμ»¤',0),(1923,'λ¬΄μ‹λ¬΄μ‹ν• μ¤λ‹μ»¤μ¦',0),(1924,'κµ‰μ¥ν• μΉΈμµΈ',0),(1925,'μ›…μ¥ν• λΉΌλΉΌλ΅',0),(1926,'λ¬΄μ‹¬ν• ν¬λ¦¬μ¤ν”Όλ΅¤',0),(1927,'λ¶ν¨μ κµ¬μ΄κ°μ',0),(1928,'ν—λ‚ν• μ°Έν¬λμ»¤',0),(1929,'μ„λ€ν• μκ°μΉ',0),(1930,'μ‚¬μ•…ν• νλ λ΅λ΅μ‰',0),(1931,'ν­λ°μ μΈ μ•μƒμ°μΉ©',0),(1932,'κ°•μ§ν• μ΄μ½”μ†΅μ΄',0),(1933,'μ‚¬λ‚μ΄ ν¬λ°ν‚¤',0),(1934,'λ¬΄μ‹λ¬΄μ‹ν• ν¬λμ»¤',0),(1935,'λΉν‹μ—†λ” μ£ λ¦¬ν',0),(1936,'μ›…μ¥ν• μ–‘νλ§',0),(1937,'λ¬΄μ •ν• λ„λ„¤λ λ„¤',0),(1938,'μ•…λ…ν• κ°€λ‚νμ΄',0),(1939,'λ¶ν¨μ λ§κ°€λ ›νΈ',0),(1940,'μ²μ ν• ν¬λ¦¬μ¤ν”Όλ΅¤',0),(1941,'μ‚¬λ‚μ΄ μΉ™μ΄‰',0),(1942,'λ¬΄μ„μ΄ νƒ±ν¬λ³΄μ΄',0),(1943,'λ¬΄μλΉ„ν• μΈμ λ―Έμ¤λ‚µ',0),(1944,'λκ°™μ€ μ—”μ΄',0),(1945,'μ² μ €ν• κΌ¬κΉ”μ½',0),(1946,'λΉν‹μ—†λ” λ¨λ‚μΉ΄',0),(1947,'μ§„μ§€ν• λΉ…νμ΄',0),(1948,'μΉμ—΄ν• λ§μΉ΄λ΅±',0),(1949,'λ‚ μΉ΄λ΅μ΄ κ³ λλ°¥',0),(1950,'λ¬΄μ‹¬ν• μ°Έν¬λμ»¤',0),(1951,'λ§‰κ°•ν• μ™€μ‚­λ°”',0),(1952,'λ¬΄μ •ν• ν¬λμ»¤',0),(1953,'ν™©ν™€ν• μ—μ΄μ¤',0),(1954,'νμ°¬ λ°€ν¬μΉ΄λΌλ©',0),(1955,'λμ§κΈ΄ ν‚·μΊ£',0),(1956,'λ“μ„Ό μ•Όμ±„νƒ€μ„',0),(1957,'λ¶λ³€μ ν‚·μΊ£',0),(1958,'ν—λ‚ν• μ¤λ¨',0),(1959,'μ‚¬λ‚μ΄ μ— μ•¤μ— μ¦',0),(1960,'λ¶λ³€μ λ„λ„¤λ λ„¤',0),(1961,'λκ°™μ€ ν¬μΉ΄μΉ©',0),(1962,'μ„λ€ν• μμΌλ¦¬ν†¨',0),(1963,'λμ—†λ” μ›¨ν•μ¤',0),(1964,'μ΄μΈμ μΈ μ€λ΅λ³„',0),(1965,'λ¬΄μ‹λ¬΄μ‹ν• μΉ΄μ¤νƒ€λ“',0),(1966,'μ§€λ…ν• λ°€ν¬μΉ΄λΌλ©',0),(1967,'κ·Ήμ•…ν• ν¬λ°ν‚¤',0),(1968,'λ¶νƒ€λ” μ΄μ½”μ†΅μ΄',0),(1969,'λ€λ‹¨ν• μ™€μ‚­λ°”',0),(1970,'μ•”ν‘μ λ¨λ‚μΉ΄',0),(1971,'λ¶κµ΄μ μ¤μ‚¬μ―”',0),(1972,'μ²ν•λ¬΄μ μ μΉ™μ΄‰',0),(1973,'λ§Ήλ ¬ν• μμΌλ¦¬ν†¨',0),(1974,'μ²μ ν• κ°μκΉ΅',0),(1975,'λ€λ‹΄ν• λΉΌλΉΌλ΅',0),(1976,'λΉ„μ¥ν• λ½€λ',0),(1977,'λ§Ήλ ¬ν• λ„λ„¤λ λ„¤',0),(1978,'λ€λ‹¨ν• ν¬μΉ΄μΉ©',0),(1979,'νμ°¬ μ ν¬',0),(1980,'κ²°μ—°ν• μΉ™μ΄‰',0),(1981,'λ¬΄μ‡ κ°™μ€ λΉΌλΉΌλ΅',0),(1982,'μ‚¬λ‚μ΄ ν¬ν…ν† μΉ©',0),(1983,'κΈ΄λ°•ν• ν›„λ μΉνμ΄',0),(1984,'λΉ„μ¥ν• ν—λ‹λ²„ν„°μΉ©',0),(1985,'λ¶ν¨μ μ¤μ™μΉ©',0),(1986,'κ°•μ§ν• μ™€ν΄',0),(1987,'μ•…λ…ν• ν¬λ¦¬μ¤ν”Όλ΅¤',0),(1988,'λ¬΄μ‹¬ν• μκ°μΉ',0),(1989,'μ§‘μ”ν• λ²„ν„°μΏ ν‚¤',0),(1990,'ν™©ν™€ν• μ΄μ½”μΉ©μΏ ν‚¤',0),(1991,'μ΄κ°•λ ¥ν• κΏ€κ½λ°°κΈ°',0),(1992,'λ¬΄κ±°μ΄ ν¬λ¦¬μ¤ν”Όλ΅¤',0),(1993,'μ”νΉν• κµ¬κµ¬μ½',0),(1994,'κ²©λ ¬ν• λ½€λ',0),(1995,'κ²©λ ¬ν• μ΄μ½”μΉ©μΏ ν‚¤',0),(1996,'λ¶κµ΄μ μ—”μ΄',0),(1997,'μ•”ν‘μ κµ¬μ΄κ°μ',0),(1998,'λ‹¨νΈν• ν—λ‹λ²„ν„°μΉ©',0),(1999,'λ¶λ³€μ μΈμ λ―Έμ¤λ‚µ',0),(2000,'λ¬΄ν•ν• λΉ…νμ΄',0),(2001,'ν—λ‚ν• κ³ λλ°¥',0),(2002,'λ§‰κ°•ν• λ²„ν„°μ™€ν”',0),(2003,'λ€λ‹¨ν• μΏ ν¬λ‹¤μ¤',0),(2004,'ν¬μ² ν• λΉμΈ ',0),(2005,'μ²μ ν• μ•μƒμ°μΉ©',0),(2006,'λ¬΄κ±°μ΄ μ¤μ‚¬μ―”',0),(2007,'ν™•κ³ ν• λ°€ν¬μΉ΄λΌλ©',0),(2008,'λ“μ„Ό μμΌλ¦¬ν†¨',0),(2009,'κ°•μ§ν• κµ¬μ΄κ°μ',0),(2010,'μ”νΉν• λ°”λ‚λ‚ν‚¥',0),(2011,'μ€λ°€ν• λ§κ°€λ ›νΈ',0),(2012,'μ‹ λ…μ μ¤λ¨',0),(2013,'ν—μ¤€ν• ν¬ν…ν† μΉ©',0),(2014,'κ°•λ ¬ν• μκ°μΉ',0),(2015,'μΉΌλ‚  κ°™μ€ μ–‘νλ§',0),(2016,'λ¬΄μ‹λ¬΄μ‹ν• ν”„λ§κΈ€μ¤',0),(2017,'λ¬΄ν•ν• ν”„λ§κΈ€μ¤',0),(2018,'ν—μ•…ν• λ²„ν„°μΏ ν‚¤',0),(2019,'λ¬΄ν•ν• ν—λ‹λ²„ν„°μΉ©',0),(2020,'κ²©λ ¬ν• κ³ λλ°¥',0),(2021,'μ²ν•λ¬΄μ μ λ§μΉ΄λ΅±',0),(2022,'μ°λ μ°¬ μκ°μΉ',0),(2023,'λ§¤μ„μ΄ ν”„λ§κΈ€μ¤',0),(2024,'κ²©λ ¬ν• κ°€λ',0),(2025,'κ³ λ…ν• ν™λ°λ³Ό',0),(2026,'λμ—†λ” κ³ μ†λ―Έ',0),(2027,'λ¬΄μ„μ΄ μ¤κ°μ',0),(2028,'μ €λμ μΈ μ¤κ°μ',0),(2029,'ν—μ•…ν• ν¬λ¦¬μ¤ν”Όλ΅¤',0),(2030,'μ”νΉν• μΉμ¦λ³Ό',0),(2031,'κ²°μ—°ν• μ›¨ν•μ¤',0),(2032,'κ°•λ ¥ν• μκ°μΉ',0),(2033,'μ§€λ…ν• λ¨λ‚μΉ΄',0),(2034,'λ‚ μΉ΄λ΅μ΄ μ΄μ½”νμ΄',0),(2035,'μ‚¬λ‚μ΄ κµ¬κµ¬μ½',0),(2036,'λ¶νƒ€λ” μ£ μ¤λ°”',0),(2037,'ν—μ¤€ν• ν¬μΉ΄μΉ©',0),(2038,'ν­μ••μ μΈ μΈμ λ―Έμ¤λ‚µ',0),(2039,'νκ΄΄μ μΈ λ²„ν„°μΏ ν‚¤',0),(2040,'κ²©λ ¬ν• ν”„λ§κΈ€μ¤',0),(2041,'λ¶μ‚¬μ‹ μ ν¬μΉ΄μΉ©',0),(2042,'λ¬΄μ •ν• μ¤λ μ¤',0),(2043,'μ°λ μ°¬ λ¨λ‚μΉ΄',0),(2044,'μ΄κ°•λ ¥ν• ν•λ¦¬λ³΄',0),(2045,'κ°€νΉν• λΉ λ‹¤μ½”μ½”λ‚«',0),(2046,'κ²©λ ¬ν• ν¬λμ»¤',0),(2047,'λ¶λ³€μ μ ν¬',0),(2048,'κ°•λ ¬ν• λΉ λ‹¤μ½”μ½”λ‚«',0),(2049,'μ•”ν‘μ λΉμΈ ',0),(2050,'λΉν‹μ—†λ” λ°€ν¬μΉ΄λΌλ©',0),(2051,'λ¶λ³€μ μƒμ°κΉ΅',0),(2052,'λ¬΄μ„μ΄ ν›„λ μΉνμ΄',0),(2053,'κΉμ€ μ¤λ¨',0),(2054,'κ΄‘ν­ν• νΈμ…μ¤',0),(2055,'μ‚¬μ•…ν• λΉΌλΉΌλ΅',0),(2056,'μ¤‘ν›„ν• μ΄μ½”μ†΅μ΄',0),(2057,'λ¬΄μν• μ™€μ‚­λ°”',0),(2058,'κ°•μΈν• νƒ±ν¬λ³΄μ΄',0),(2059,'νκ΄΄μ μΈ νΈμ…μ¤',0),(2060,'κΉμ€ ν—λ‹λ²„ν„°μΉ©',0),(2061,'κ²¬κ³ ν• μ•μƒμ°μΉ©',0),(2062,'κ°•μ§ν• λ§μΉ΄λ΅±',0),(2063,'λ€λ‹΄ν• ν”„λ§κΈ€μ¤',0),(2064,'λ¶κ°€μΉ¨μ μ½μ΄',0),(2065,'μ‚¬λ‚μ΄ μƒμ°κΉ΅',0),(2066,'μ¤‘ν›„ν• μ€λ΅λ³„',0),(2067,'κ²°μ—°ν• λ§κ°€λ ›νΈ',0),(2068,'λκ°™μ€ κ°€λ',0),(2069,'λ¬΄μ‹¬ν• μ—μ΄μ¤',0),(2070,'κΈ΄λ°•ν• κ°€λ‚νμ΄',0),(2071,'κ²¬κ³ ν• μ΄μ½”μ†΅μ΄',0),(2072,'μ² μ €ν• ν™λ°λ³Ό',0),(2073,'κ΄‘ν­ν• κµ¬κµ¬μ½',0),(2074,'κ²©λ ¬ν• λ΅―λ°μƒλ“',0),(2075,'κ°€νΉν• μΉν† μ¤',0),(2076,'ν™©ν™€ν• λΉ λ‹¤μ½”μ½”λ‚«',0),(2077,'λ¬΄μν• λΉ λ‹¤μ½”μ½”λ‚«',0),(2078,'κ°€νΉν• λΉμΈ ',0),(2079,'μ§„μ§€ν• λΉΌλΉΌλ΅',0),(2080,'μ‚¬λ‚μ΄ ν—λ‹λ²„ν„°μΉ©',0),(2081,'μ™„κ°•ν• λΉμΈ ',0),(2082,'ν­λ°μ μΈ ν¬ν…ν† μΉ©',0),(2083,'μ•…λ…ν• λ¨λ‚μΉ΄',0),(2084,'μ”νΉν• μ£ λ¦¬ν',0),(2085,'λ¶νƒ€λ” λΉ λ‹¤μ½”μ½”λ‚«',0),(2086,'λ¶νƒ€λ” ν›„λ μΉνμ΄',0),(2087,'λ¶λ³€μ λ΅―λ°μƒλ“',0),(2088,'κ°€μ°¨μ—†λ” λΉμΈ ',0),(2089,'λ¶νƒ€λ” μ™€μ‚­λ°”',0),(2090,'λ¬΄μ •ν• λ΅―λ°μƒλ“',0),(2091,'λΉ„μ¥ν• μΏ ν¬λ‹¤μ¤',0),(2092,'κ·Ήμ•…ν• μΉμ¦λ³Ό',0),(2093,'λ¬΄κ±°μ΄ κµ¬μ΄κ°μ',0),(2094,'ν—μ¤€ν• μ•μƒμ°μΉ©',0),(2095,'ν—μ•…ν• ν”„λ§κΈ€μ¤',0),(2096,'κ°€νΉν• λ‚μµΈ',0),(2097,'λ§‰κ°•ν• ν™λ°λ³Ό',0),(2098,'μ§‘μ”ν• ν”„λ§κΈ€μ¤',0),(2099,'κ°•μΈν• μΈμ λ―Έμ¤λ‚µ',0),(2100,'μ΄κ°•λ ¥ν• λ²„ν„°μ™€ν”',0),(2101,'μ²μ ν• μ°Έν¬λμ»¤',0),(2102,'λ§Ήλ ¬ν• λ°€ν¬μΉ΄λΌλ©',0),(2103,'λ¶μ‚¬μ‹ μ μκ°μΉ',0),(2104,'λ¬΄ν•ν• μ—μ΄μ¤',0),(2105,'μ‚¬λ‚μ΄ μ¤μ™μΉ©',0),(2106,'ν™•κ³ ν• μ¤μ‚¬μ―”',0),(2107,'ν—μ•…ν• μ•Όμ±„νƒ€μ„',0),(2108,'κ°•λ ¥ν• λ„λ„¤λ λ„¤',0),(2109,'μ©λ§Ήν• μ›¨ν•μ¤',0),(2110,'λ¬΄μ‹λ¬΄μ‹ν• λ½€λ',0),(2111,'μ§€λ…ν• κ³ λλ°¥',0),(2112,'μ¤‘ν›„ν• μ¤κ°μ',0),(2113,'μ‚¬λ‚μ΄ ν¬λ¦¬μ¤ν”Όλ΅¤',0),(2114,'κ°•μΈν• μ¬μΉ©',0),(2115,'μ™„κ°•ν• μ— μ•¤μ— μ¦',0),(2116,'ν­λ°μ μΈ κΌ¬κΉ”μ½',0),(2117,'κΉμ€ μ— μ•¤μ— μ¦',0),(2118,'κµ³κ±΄ν• μ‚¬λΈλ ',0),(2119,'μΉμ—΄ν• λ½€λ',0),(2120,'λ¬΄μν• ν¬λμ»¤',0),(2121,'λ§Ήλ ¬ν• μ— μ•¤μ— μ¦',0),(2122,'κ²©λ ¬ν• κΏ€κ½λ°°κΈ°',0),(2123,'κµ³κ±΄ν• μ€λ΅λ³„',0),(2124,'μμ›ν• μ–‘νλ§',0),(2125,'ν¬μ² ν• μ¤λ‹μ»¤μ¦',0),(2126,'μ©λ§Ήν• μ€λ΅λ³„',0),(2127,'κ΄‘ν­ν• κ³ λλ°¥',0),(2128,'λ“μ„Ό μ΄μ½”μ†΅μ΄',0),(2129,'κ³ λ…ν• μ€λ΅λ³„',0),(2130,'μ λ€μ μΈ λ‚μµΈ',0),(2131,'κΈ‰κ²©ν• μΉ΄μ¤νƒ€λ“',0),(2132,'λμ—†λ” μΈμ λ―Έμ¤λ‚µ',0),(2133,'λ¶μ‚¬μ‹ μ μΈμ λ―Έμ¤λ‚µ',0),(2134,'λ‹Ήλ‹Ήν• μ΄μ½”μΉ©μΏ ν‚¤',0),(2135,'μ΄μ›”μ μΈ λ΅―λ°μƒλ“',0),(2136,'μ΄μ›”μ μΈ μ™€ν΄',0),(2137,'κ²°μ—°ν• μ¤λ¨',0),(2138,'μ΄κ°•λ ¥ν• μ™€μ‚­λ°”',0),(2139,'μ €λμ μΈ μ€λ΅λ³„',0),(2140,'λ¬΄μ •ν• μΉ™μ΄‰',0),(2141,'κΉμ€ νΈμ…μ¤',0),(2142,'κ²°μ—°ν• μμΌλ¦¬ν†¨',0),(2143,'λ§‰κ°•ν• μ•μƒμ°μΉ©',0),(2144,'ν¬μ² ν• κ³ μ†λ―Έ',0),(2145,'λΉ„μ¥ν• νλ λ΅λ΅μ‰',0),(2146,'κ°•λ ¥ν• λΉ λ‹¤μ½”μ½”λ‚«',0),(2147,'ν¬μ² ν• κ°μκΉ΅',0),(2148,'μ°λ μ°¬ μμΌλ¦¬ν†¨',0),(2149,'μ©λ§Ήν• κ°€λ‚νμ΄',0),(2150,'λ¬΄μ„μ΄ ν¬λ¦¬μ¤ν”Όλ΅¤',0),(2151,'μ—­λ™μ μΈ μΉμ¦λ³Ό',0),(2152,'λ€λ‹¨ν• λΉ μ‚­',0),(2153,'κ³Όκ°ν• μκ°μΉ',0),(2154,'λμ§κΈ΄ μ‚¬λΈλ ',0),(2155,'λ€λ‹΄ν• μ΄μ½”ν•μ„',0),(2156,'ν­λ°μ μΈ ν¬μΉ΄μΉ©',0),(2157,'μΉμ—΄ν• μ•Όμ±„νƒ€μ„',0),(2158,'λ¶ν¨μ λ°€ν¬μΉ΄λΌλ©',0),(2159,'κ°•λ ¥ν• ν¬λ¦¬μ¤ν”Όλ΅¤',0),(2160,'λ§¤μ„μ΄ λ°€ν¬μΉ΄λΌλ©',0),(2161,'μ„λ€ν• μ— μ•¤μ— μ¦',0),(2162,'μ••λ„μ μΈ λ§μΉ΄λ΅±',0),(2163,'λ€λ‹΄ν• ν¬λ°ν‚¤',0),(2164,'μ΄κ°•λ ¥ν• κΌ¬κΉ”μ½',0),(2165,'λ“μ„Ό μ¤κ°μ',0),(2166,'ν™©ν™€ν• κ³ λλ°¥',0),(2167,'μΉΌλ‚  κ°™μ€ λΉ λ‹¤μ½”μ½”λ‚«',0),(2168,'λ¶λ³€μ κ³ μ†λ―Έ',0),(2169,'λ§‰κ°•ν• ν—λ‹λ²„ν„°μΉ©',0),(2170,'λ‚ μΉ΄λ΅μ΄ ν•λ¦¬λ³΄',0),(2171,'λ‹Ήλ‹Ήν• λ΅―λ°μƒλ“',0),(2172,'μ„λ€ν• μΉ™μ΄‰',0),(2173,'κ²¬κ³ ν• μ΄μ½”ν•μ„',0),(2174,'μ§€λ…ν• μ¤μ™μΉ©',0),(2175,'μΉλ…μ μΈ μ£ μ¤λ°”',0),(2176,'λ¶κ°€μΉ¨μ νλ λ΅λ΅μ‰',0),(2177,'μ°¨κ°€μ΄ ν—λ‹λ²„ν„°μΉ©',0),(2178,'ν—μ•…ν• μ°Έν¬λμ»¤',0),(2179,'ν­λ°μ μΈ ν—λ‹λ²„ν„°μΉ©',0),(2180,'λ¶λ³€μ μΉ΄μ¤νƒ€λ“',0),(2181,'κ°•λ ¬ν• μ‚¬λΈλ ',0),(2182,'λ¶κµ΄μ λ¨λ‚μΉ΄',0),(2183,'λ¬΄ν•ν• μ΄μ½”νμ΄',0),(2184,'λ¬΄μ‹λ¬΄μ‹ν• μΉ™μ΄‰',0),(2185,'μ©λ§Ήν• μΉμ¦λ³Ό',0),(2186,'μ°¨κ°€μ΄ λΉ…νμ΄',0),(2187,'κ³ λ…ν• ν¬λ°ν‚¤',0),(2188,'κ²°μ—°ν• μκ°μΉ',0),(2189,'κ°€μ°¨μ—†λ” κ°€λ',0),(2190,'λμ§κΈ΄ κ°€λ‚νμ΄',0),(2191,'κ³Όκ°ν• μ‚¬λΈλ ',0),(2192,'μ§€λ…ν• μ΄μ½”ν•μ„',0),(2193,'λΉν‹μ—†λ” λ„λ„¤λ λ„¤',0),(2194,'λ¬΄μ„μ΄ ν—λ‹λ²„ν„°μΉ©',0),(2195,'μ² μ €ν• μ–‘νλ§',0),(2196,'μ΄μΈμ μΈ ν”„λ§κΈ€μ¤',0),(2197,'λΉ„μ¥ν• ν¬λμ»¤',0),(2198,'λμ§κΈ΄ μ£ λ¦¬ν',0),(2199,'κ°€μ°¨μ—†λ” μμΌλ¦¬ν†¨',0),(2200,'λ¬΄μν• κ³ λλ°¥',0),(2201,'μ²μ ν• λ„λ„¤λ λ„¤',0),(2202,'μ§„μ§€ν• ν”„λ§κΈ€μ¤',0),(2203,'λμ§κΈ΄ μ—μ΄μ¤',0),(2204,'λ¬΄μ‡ κ°™μ€ νΈμ…μ¤',0),(2205,'λ¬΄ν•ν• μΏ ν¬λ‹¤μ¤',0),(2206,'λμ§κΈ΄ μ™€μ‚­λ°”',0),(2207,'μ„λ€ν• ν¬ν…ν† μΉ©',0),(2208,'λ§¤μ„μ΄ μ™€ν΄',0),(2209,'μ€λ°€ν• μ¤λ¨',0),(2210,'ν—λ‚ν• νΈμ…μ¤',0),(2211,'λ§Ήλ ¬ν• ν¬μΉ΄μΉ©',0),(2212,'μ²λ‘¥ κ°™μ€ μ—”μ΄',0),(2213,'λ¬΄μ‹λ¬΄μ‹ν• λ¨λ‚μΉ΄',0),(2214,'μΉΌλ‚  κ°™μ€ μ΄μ½”μ†΅μ΄',0),(2215,'λ¬΄μ‹¬ν• μ¤λ¨',0),(2216,'κΈ‰κ²©ν• κµ¬μ΄κ°μ',0),(2217,'λ¶νƒ€λ” μ–‘νλ§',0),(2218,'λΉν‹μ—†λ” λ¦¬μΈ ',0),(2219,'λ¶μ‚¬μ‹ μ λΉ μ‚­',0),(2220,'ν—μ¤€ν• μκ°μΉ',0),(2221,'λ“μ„Ό κ³ μ†λ―Έ',0),(2222,'λ¬΄μλΉ„ν• λ§κ°€λ ›νΈ',0),(2223,'μ¤‘ν›„ν• μΉ΄μ¤νƒ€λ“',0),(2224,'κ°•λ ¬ν• κ°€λ‚νμ΄',0),(2225,'λΉν‹μ—†λ” μ™€ν΄',0),(2226,'μ΄μΈμ μΈ μΏ ν¬λ‹¤μ¤',0),(2227,'λ¬΄μν• μ•Όμ±„νƒ€μ„',0),(2228,'λ¬΄μλΉ„ν• λΉ…νμ΄',0),(2229,'κΈ‰κ²©ν• κ°€λ',0),(2230,'λ‚ μΉ΄λ΅μ΄ ν¬μΉ΄μΉ©',0),(2231,'μ¤‘ν›„ν• μ¤λ¨',0),(2232,'ν­μ••μ μΈ λ²„ν„°μ™€ν”',0),(2233,'ν—μ•…ν• λΉμΈ ',0),(2234,'κ²©λ ¬ν• μΉν† μ¤',0),(2235,'λ‹¨νΈν• μ ν¬',0),(2236,'μ§‘μ”ν• μΈμ λ―Έμ¤λ‚µ',0),(2237,'μ„λ€ν• μ°Έν¬λμ»¤',0),(2238,'μμ›ν• λΉ μ‚­',0),(2239,'κΈ‰κ²©ν• λ²„ν„°μΏ ν‚¤',0),(2240,'λ¬΄μ„μ΄ κµ¬κµ¬μ½',0),(2241,'ν­μ••μ μΈ μ•μƒμ°μΉ©',0),(2242,'λμ§κΈ΄ μ¤λ¨',0),(2243,'ν™•κ³ ν• μ¤λ‹μ»¤μ¦',0),(2244,'μ›…μ¥ν• μ¤λ¨',0),(2245,'μ΄κ°•λ ¥ν• μ΄μ½”νμ΄',0),(2246,'λ¬΄μλΉ„ν• κ³ λλ°¥',0),(2247,'μ €λμ μΈ λΉ…νμ΄',0),(2248,'μ‹ λ…μ λ²„ν„°μΏ ν‚¤',0),(2249,'μ°λ μ°¬ μ—”μ΄',0),(2250,'μ€λ°€ν• μκ°μΉ',0),(2251,'λ¬΄μ •ν• μ™€ν΄',0),(2252,'λ‹¨νΈν• μ•μƒμ°μΉ©',0),(2253,'κµ‰μ¥ν• λΉ λ‹¤μ½”μ½”λ‚«',0),(2254,'μ§„μ§€ν• μΉΈμµΈ',0),(2255,'μ§€λ…ν• κΌ¬κΉ”μ½',0),(2256,'λκ°™μ€ ν”„λ§κΈ€μ¤',0),(2257,'κ³ λ…ν• λ²„ν„°μΏ ν‚¤',0),(2258,'λ‚ μΉ΄λ΅μ΄ μ΄μ½”ν•μ„',0),(2259,'μ©λ§Ήν• κ°€λ',0),(2260,'κ°€μ°¨μ—†λ” μ€λ΅λ³„',0),(2261,'μ„λ€ν• μ™€μ‚­λ°”',0),(2262,'κ°€μ°¨μ—†λ” μ ν¬',0),(2263,'μ•…λ…ν• μ—μ΄μ¤',0),(2264,'κ΄‘ν­ν• λΉμΈ ',0),(2265,'ν¬μ² ν• λ²„ν„°μ™€ν”',0),(2266,'κΈ‰κ²©ν• νΈμ…μ¤',0),(2267,'λ²”μ ‘ν•  μ μ—†λ” ν•λ¦¬λ³΄',0),(2268,'κ·Ήμ•…ν• μ¬μΉ©',0),(2269,'μ² μ €ν• νΈμ…μ¤',0),(2270,'λμ—†λ” μΏ ν¬λ‹¤μ¤',0),(2271,'κΈ‰κ²©ν• λ¦¬μΈ ',0),(2272,'λ€λ‹΄ν• κ³ μ†λ―Έ',0),(2273,'λ¶νƒ€λ” λΉμΈ ',0),(2274,'μ°¨κ°€μ΄ μ—μ΄μ¤',0),(2275,'κ³Όκ°ν• κ°€λ‚νμ΄',0),(2276,'λ§Ήλ ¬ν• λΉμΈ ',0),(2277,'κ°•λ ¬ν• κ³ λλ°¥',0),(2278,'λ¶ν¨μ λ§μΉ΄λ΅±',0),(2279,'κ²°μ—°ν• ν”„λ§κΈ€μ¤',0),(2280,'μ‚¬λ‚μ΄ κ°€λ',0),(2281,'μ΄μΈμ μΈ μ™€μ‚­λ°”',0),(2282,'μ‹ λ…μ λΉμΈ ',0),(2283,'λ¬΄μ‹λ¬΄μ‹ν• κ³ λλ°¥',0),(2284,'νμ°¬ μ£ μ¤λ°”',0),(2285,'μΉλ…μ μΈ λ„λ„¤λ λ„¤',0),(2286,'κ°€νΉν• λΉΌλΉΌλ΅',0),(2287,'κ²°μ—°ν• μΉΈμµΈ',0),(2288,'νκ΄΄μ μΈ μ΄μ½”νμ΄',0),(2289,'λ‹¨λ‹¨ν• μ™€ν΄',0),(2290,'λΉν‹μ—†λ” λ½€λ',0),(2291,'κ²°μ—°ν• λΉ μ‚­',0),(2292,'μ΄κ°•λ ¥ν• λ¦¬μΈ ',0),(2293,'κ³ λ…ν• μ•Όμ±„νƒ€μ„',0),(2294,'μ λ€μ μΈ μ–‘νλ§',0),(2295,'μ€λ°€ν• μ—”μ΄',0),(2296,'μ°¨κ°€μ΄ μ΄μ½”νμ΄',0),(2297,'λ¬΄κ±°μ΄ μ΄μ½”νμ΄',0),(2298,'μ€λ°€ν• μΉ΄μ¤νƒ€λ“',0),(2299,'κµ‰μ¥ν• ν—λ‹λ²„ν„°μΉ©',0),(2300,'λ€λ‹΄ν• μ°Έν¬λμ»¤',0),(2301,'μ‹ λ…μ μ΄μ½”μΉ©μΏ ν‚¤',0),(2302,'λ¶νƒ€λ” μ΄μ½”μΉ©μΏ ν‚¤',0),(2303,'μ€λ°€ν• κΌ¬κΉ”μ½',0),(2304,'μ΄μ›”μ μΈ ν‚·μΊ£',0),(2305,'λΉν‹μ—†λ” ν¬λμ»¤',0),(2306,'μ΄μΈμ μΈ μΉν† μ¤',0),(2307,'κ΄‘ν­ν• μ›¨ν•μ¤',0),(2308,'κ³ λ…ν• μ—”μ΄',0),(2309,'νμ°¬ λ¨λ‚μΉ΄',0),(2310,'μ„λ€ν• λΉ μ‚­',0),(2311,'λ¶κ°€μΉ¨μ κ°€λ‚νμ΄',0),(2312,'ν—λ‚ν• λ°€ν¬μΉ΄λΌλ©',0),(2313,'λ‹¨νΈν• κ°€λ‚νμ΄',0),(2314,'μ•”ν‘μ κ°€λ‚νμ΄',0),(2315,'μ„λ€ν• μ¤μ™μΉ©',0),(2316,'ν—μ¤€ν• ν—λ‹λ²„ν„°μΉ©',0),(2317,'μ•…λ…ν• λ°€ν¬μΉ΄λΌλ©',0),(2318,'μ΄κ°•λ ¥ν• μ—μ΄μ¤',0),(2319,'νκ΄΄μ μΈ κ°μκΉ΅',0),(2320,'λμ—†λ” ν¬λ°ν‚¤',0),(2321,'μ™„κ°•ν• κµ¬μ΄κ°μ',0),(2322,'κ°€μ°¨μ—†λ” μ¤μ™μΉ©',0),(2323,'λ¶λ³€μ νλ λ΅λ΅μ‰',0),(2324,'λ¬΄μ„μ΄ μΉμ¦λ³Ό',0),(2325,'λ¬΄μ„μ΄ λ§κ°€λ ›νΈ',0),(2326,'μΉλ…μ μΈ κΏ€κ½λ°°κΈ°',0),(2327,'λμ§κΈ΄ μΈμ λ―Έμ¤λ‚µ',0),(2328,'λ²”μ ‘ν•  μ μ—†λ” μΈμ λ―Έμ¤λ‚µ',0),(2329,'μ€λ°€ν• νλ λ΅λ΅μ‰',0),(2330,'κ·Ήμ•…ν• μ£ λ¦¬ν',0),(2331,'ν¬μ² ν• μ–‘νλ§',0),(2332,'κ²°μ—°ν• μ— μ•¤μ— μ¦',0),(2333,'κ³ λ…ν• ν—λ‹λ²„ν„°μΉ©',0),(2334,'κ°•μΈν• κ°€λ‚νμ΄',0),(2335,'μ°¨κ°€μ΄ ν¬μΉ΄μΉ©',0),(2336,'λ¬΄μ„μ΄ νλ λ΅λ΅μ‰',0),(2337,'λ¬΄μ‡ κ°™μ€ λ°€ν¬μΉ΄λΌλ©',0),(2338,'λ§¤μ„μ΄ μ¤κ°μ',0),(2339,'μ²λ‘¥ κ°™μ€ ν”„λ§κΈ€μ¤',0),(2340,'μ••λ„μ μΈ ν¬λμ»¤',0),(2341,'κ°•λ ¥ν• μ°Έν¬λμ»¤',0),(2342,'ν­μ••μ μΈ μΉΈμµΈ',0),(2343,'κµ³κ±΄ν• ν¬λ¦¬μ¤ν”Όλ΅¤',0),(2344,'μ§€λ…ν• ν¬λ¦¬μ¤ν”Όλ΅¤',0),(2345,'λΉ„μ¥ν• μ£ λ¦¬ν',0),(2346,'μ€λ°€ν• μ°Έν¬λμ»¤',0),(2347,'μΉΌλ‚  κ°™μ€ μ΄μ½”νμ΄',0),(2348,'λ¬΄μ‹¬ν• μ£ λ¦¬ν',0),(2349,'μ‚¬λ‚μ΄ νλ λ΅λ΅μ‰',0),(2350,'κ·Ήμ•…ν• μ΄μ½”νμ΄',0),(2351,'λΉν‹μ—†λ” κµ¬μ΄κ°μ',0),(2352,'ν¬μ² ν• λ½€λ',0),(2353,'κ°•λ ¬ν• λ§μΉ΄λ΅±',0),(2354,'μΉλ…μ μΈ μ°Έν¬λμ»¤',0),(2355,'ν™©ν™€ν• ν¬μΉ΄μΉ©',0),(2356,'λ‹¨λ‹¨ν• νΈμ…μ¤',0),(2357,'μΉλ…μ μΈ κ°€λ',0),(2358,'κ°€νΉν• μ—”μ΄',0),(2359,'λ¬΄μ‹λ¬΄μ‹ν• λΉμΈ ',0),(2360,'ν™•κ³ ν• λ²„ν„°μΏ ν‚¤',0),(2361,'κ²°μ—°ν• κµ¬μ΄κ°μ',0),(2362,'μ΄μ›”μ μΈ μ¤κ°μ',0),(2363,'λ²”μ ‘ν•  μ μ—†λ” μ™€μ‚­λ°”',0),(2364,'ν¬μ² ν• μ½μ΄',0),(2365,'μ—­λ™μ μΈ μ½μ΄',0),(2366,'μ•…λ…ν• μ›¨ν•μ¤',0),(2367,'μ‚¬λ‚μ΄ ν›„λ μΉνμ΄',0),(2368,'ν—λ‚ν• νλ λ΅λ΅μ‰',0),(2369,'λ¬΄μ‹λ¬΄μ‹ν• κ°€λ',0),(2370,'κ²©λ ¬ν• μ ν¬',0),(2371,'λμ§κΈ΄ μ¤λ μ¤',0),(2372,'λ¬΄μ‡ κ°™μ€ λΉ λ‹¤μ½”μ½”λ‚«',0),(2373,'ν—μ¤€ν• ν¬λμ»¤',0),(2374,'μ‚¬λ‚μ΄ μ•Όμ±„νƒ€μ„',0),(2375,'κ°€νΉν• μ™€μ‚­λ°”',0),(2376,'μ² μ €ν• ν—λ‹λ²„ν„°μΉ©',0),(2377,'λ§‰κ°•ν• μ¤μ™μΉ©',0),(2378,'λ¬΄μ„μ΄ ν¬λμ»¤',0),(2379,'λ¬΄μ‹λ¬΄μ‹ν• μƒμ°κΉ΅',0),(2380,'λ¬΄μν• μΉΈμµΈ',0),(2381,'κ°•μΈν• ν”„λ§κΈ€μ¤',0),(2382,'λ¬΄μ„μ΄ ν¬ν…ν† μΉ©',0),(2383,'μΉμ—΄ν• μΈμ λ―Έμ¤λ‚µ',0),(2384,'λ€λ‹΄ν• μ¤κ°μ',0),(2385,'λ“μ„Ό νƒ±ν¬λ³΄μ΄',0),(2386,'μ••λ„μ μΈ μμΌλ¦¬ν†¨',0),(2387,'λ¶κ°€μΉ¨μ κ³ λλ°¥',0),(2388,'μ°¨κ°€μ΄ λ°”λ‚λ‚ν‚¥',0),(2389,'λ‹Ήλ‹Ήν• νΈμ…μ¤',0),(2390,'μ§‘μ”ν• μ£ μ¤λ°”',0),(2391,'ν™•κ³ ν• κ°€λ',0),(2392,'λ¶λ³€μ ν¬ν…ν† μΉ©',0),(2393,'κ°•λ ¬ν• μ ν¬',0),(2394,'μ°λ μ°¬ μ½μ΄',0),(2395,'ν™©ν™€ν• λΉμΈ ',0),(2396,'μ¤‘ν›„ν• μΉμ¦λ³Ό',0),(2397,'μ²μ ν• μΈμ λ―Έμ¤λ‚µ',0),(2398,'μ›…μ¥ν• λ°”λ‚λ‚ν‚¥',0),(2399,'λμ§κΈ΄ λ²„ν„°μΏ ν‚¤',0),(2400,'κµ³κ±΄ν• μ¤μ™μΉ©',0),(2401,'λ¬΄μν• μΉμ¦λ³Ό',0),(2402,'κ·Ήμ•…ν• λ²„ν„°μ™€ν”',0),(2403,'κµ³κ±΄ν• μ¤μ‚¬μ―”',0),(2404,'μ”νΉν• μ΄μ½”νμ΄',0),(2405,'λ§‰κ°•ν• μ›¨ν•μ¤',0),(2406,'κ·Ήμ•…ν• κ°μκΉ΅',0),(2407,'νκ΄΄μ μΈ μƒμ°κΉ΅',0),(2408,'λ¬΄μ„μ΄ ν”„λ§κΈ€μ¤',0),(2409,'κ°€μ°¨μ—†λ” ν™λ°λ³Ό',0),(2410,'λ§Ήλ ¬ν• μΉ΄μ¤νƒ€λ“',0),(2411,'λ¶κ°€μΉ¨μ ν‚·μΊ£',0),(2412,'μ°¨κ°€μ΄ μ½μ΄',0),(2413,'λ“μ„Ό ν›„λ μΉνμ΄',0),(2414,'λ¶λ³€μ ν”„λ§κΈ€μ¤',0),(2415,'μ΄μΈμ μΈ λ΅―λ°μƒλ“',0),(2416,'μ§„μ§€ν• λ²„ν„°μΏ ν‚¤',0),(2417,'ν™•κ³ ν• λΉ μ‚­',0),(2418,'λμ§κΈ΄ λ„λ„¤λ λ„¤',0),(2419,'κ°€μ°¨μ—†λ” κΌ¬κΉ”μ½',0),(2420,'λμ—†λ” μ΄μ½”νμ΄',0),(2421,'λ§‰κ°•ν• ν”„λ§κΈ€μ¤',0),(2422,'ν—μ•…ν• μ¤κ°μ',0),(2423,'μ—­λ™μ μΈ μ΄μ½”νμ΄',0),(2424,'ν­λ°μ μΈ νΈμ…μ¤',0),(2425,'κ°•μ§ν• λ°€ν¬μΉ΄λΌλ©',0),(2426,'μ§€λ…ν• μƒμ°κΉ΅',0),(2427,'λ‹Ήλ‹Ήν• κ°€λ‚νμ΄',0),(2428,'ν—μ¤€ν• μ—μ΄μ¤',0),(2429,'νκ΄΄μ μΈ μ•Όμ±„νƒ€μ„',0),(2430,'κ°•μ§ν• νΈμ…μ¤',0),(2431,'νκ΄΄μ μΈ μ¤λ μ¤',0),(2432,'κ³Όκ°ν• λ²„ν„°μΏ ν‚¤',0),(2433,'λ‚ μΉ΄λ΅μ΄ μ°Έν¬λμ»¤',0),(2434,'μ•…λ…ν• νΈμ…μ¤',0),(2435,'ν—λ‚ν• λ²„ν„°μΏ ν‚¤',0),(2436,'μ΄κ°•λ ¥ν• λ΅―λ°μƒλ“',0),(2437,'κ°€νΉν• μ—μ΄μ¤',0),(2438,'μ‹ λ…μ μΉΈμµΈ',0),(2439,'μ—­λ™μ μΈ νƒ±ν¬λ³΄μ΄',0),(2440,'κ°•μ§ν• μ™€μ‚­λ°”',0),(2441,'λ¶κµ΄μ λΉ λ‹¤μ½”μ½”λ‚«',0),(2442,'κµ‰μ¥ν• νλ λ΅λ΅μ‰',0),(2443,'μ°¨κ°€μ΄ μ¤μ‚¬μ―”',0),(2444,'κ²©λ ¬ν• μ— μ•¤μ— μ¦',0),(2445,'κΈ‰κ²©ν• μ¤μ‚¬μ―”',0),(2446,'μ„λ€ν• μ΄μ½”ν•μ„',0),(2447,'λ¬΄μν• λΉΌλΉΌλ΅',0),(2448,'κ²¬κ³ ν• μ°Έν¬λμ»¤',0),(2449,'λ¬΄μ •ν• μ΄μ½”μΉ©μΏ ν‚¤',0),(2450,'λ‹¨λ‹¨ν• μ— μ•¤μ— μ¦',0),(2451,'λκ°™μ€ μκ°μΉ',0),(2452,'λμ§κΈ΄ λΉΌλΉΌλ΅',0),(2453,'ν™©ν™€ν• μ ν¬',0),(2454,'μ„λ€ν• μΉΈμµΈ',0),(2455,'μ°¨κ°€μ΄ λ§κ°€λ ›νΈ',0),(2456,'μΉλ…μ μΈ ν›„λ μΉνμ΄',0),(2457,'κ΄‘ν­ν• ν‚·μΊ£',0),(2458,'ν­λ°μ μΈ μ¤λ μ¤',0),(2459,'μ€λ°€ν• λ„λ„¤λ λ„¤',0),(2460,'λμ—†λ” λ²„ν„°μ™€ν”',0),(2461,'μ•”ν‘μ λ½€λ',0),(2462,'κ°•λ ¥ν• μ΄μ½”νμ΄',0),(2463,'μ €λμ μΈ κΌ¬κΉ”μ½',0),(2464,'νκ΄΄μ μΈ ν—λ‹λ²„ν„°μΉ©',0),(2465,'ν¬μ² ν• λ„λ„¤λ λ„¤',0),(2466,'κµ³κ±΄ν• κ°μκΉ΅',0),(2467,'κ²¬κ³ ν• λ²„ν„°μ™€ν”',0),(2468,'κΉμ€ λΉ μ‚­',0),(2469,'μ΄κ°•λ ¥ν• μΉν† μ¤',0),(2470,'μμ›ν• μ¤λ μ¤',0),(2471,'μ²λ‘¥ κ°™μ€ μ•Όμ±„νƒ€μ„',0),(2472,'ν—μ•…ν• νλ λ΅λ΅μ‰',0),(2473,'λ§¤μ„μ΄ ν¬μΉ΄μΉ©',0),(2474,'ν™•κ³ ν• μƒμ°κΉ΅',0),(2475,'μ²λ‘¥ κ°™μ€ κµ¬μ΄κ°μ',0),(2476,'λμ§κΈ΄ λ΅―λ°μƒλ“',0),(2477,'μΉλ…μ μΈ ν¬μΉ΄μΉ©',0),(2478,'μ©λ§Ήν• μΏ ν¬λ‹¤μ¤',0),(2479,'μ—­λ™μ μΈ μ•μƒμ°μΉ©',0),(2480,'μΉΌλ‚  κ°™μ€ κ°€λ‚νμ΄',0),(2481,'λ¶νƒ€λ” μ—μ΄μ¤',0),(2482,'μ§„μ§€ν• λ°”λ‚λ‚ν‚¥',0),(2483,'λΉ„μ¥ν• λ¦¬μΈ ',0),(2484,'λΉν‹μ—†λ” κ³ μ†λ―Έ',0),(2485,'λ²”μ ‘ν•  μ μ—†λ” κΏ€κ½λ°°κΈ°',0),(2486,'μΉΌλ‚  κ°™μ€ μ ν¬',0),(2487,'λ¬΄μ •ν• μ£ λ¦¬ν',0),(2488,'μ‹ λ…μ μ£ μ¤λ°”',0),(2489,'λ¶κ°€μΉ¨μ ν”„λ§κΈ€μ¤',0),(2490,'κ³ λ…ν• μ£ λ¦¬ν',0),(2491,'κ°•μ§ν• κΌ¬κΉ”μ½',0),(2492,'ν—μ•…ν• λΉΌλΉΌλ΅',0),(2493,'μ°¨κ°€μ΄ λ°€ν¬μΉ΄λΌλ©',0),(2494,'κ²©λ ¬ν• κµ¬κµ¬μ½',0),(2495,'μ²μ ν• ν¬λ°ν‚¤',0),(2496,'μ΄μ›”μ μΈ νλ λ΅λ΅μ‰',0),(2497,'μ΄μ›”μ μΈ μΏ ν¬λ‹¤μ¤',0),(2498,'κ°•μΈν• ν¬λ°ν‚¤',0),(2499,'μ΄μΈμ μΈ κ³ λλ°¥',0),(2500,'λ§‰κ°•ν• μκ°μΉ',0),(2501,'μ΄κ°•λ ¥ν• νƒ±ν¬λ³΄μ΄',0),(2502,'κ³ λ…ν• λΉμΈ ',0),(2503,'μ„λ€ν• λΉΌλΉΌλ΅',0),(2504,'λ¶νƒ€λ” μ™€ν΄',0),(2505,'κ³ λ…ν• κ³ μ†λ―Έ',0),(2506,'λ¬΄μλΉ„ν• ν¬ν…ν† μΉ©',0),(2507,'νκ΄΄μ μΈ ν‚·μΊ£',0),(2508,'μ„λ€ν• μƒμ°κΉ΅',0),(2509,'μ§€λ…ν• μ‚¬λΈλ ',0),(2510,'λ¶κ°€μΉ¨μ λΉ μ‚­',0),(2511,'λ¶μ‚¬μ‹ μ λ²„ν„°μ™€ν”',0),(2512,'νκ΄΄μ μΈ ν¬μΉ΄μΉ©',0),(2513,'ν™•κ³ ν• λΉ λ‹¤μ½”μ½”λ‚«',0),(2514,'νμ°¬ μ΄μ½”μΉ©μΏ ν‚¤',0),(2515,'λ§¤μ„μ΄ ν¬λ¦¬μ¤ν”Όλ΅¤',0),(2516,'νμ°¬ λ°”λ‚λ‚ν‚¥',0),(2517,'κµ‰μ¥ν• ν”„λ§κΈ€μ¤',0),(2518,'λμ§κΈ΄ κΌ¬κΉ”μ½',0),(2519,'μ‹ λ…μ κ°€λ',0),(2520,'λ€λ‹΄ν• νΈμ…μ¤',0),(2521,'μ§‘μ”ν• μΉ™μ΄‰',0),(2522,'κ°•μΈν• λ§μΉ΄λ΅±',0),(2523,'ν—λ‚ν• κ°μκΉ΅',0),(2524,'λ¬΄κ±°μ΄ μ°Έν¬λμ»¤',0),(2525,'μ°¨κ°€μ΄ μ‚¬λΈλ ',0),(2526,'ν™•κ³ ν• κ°€λ‚νμ΄',0),(2527,'ν¬μ² ν• νλ λ΅λ΅μ‰',0),(2528,'λκ°™μ€ μ¤λ μ¤',0),(2529,'ν—μ•…ν• μ¤μ‚¬μ―”',0),(2530,'κ°•μΈν• ν¬λμ»¤',0),(2531,'λ€λ‹¨ν• μ ν¬',0),(2532,'λΉ„μ¥ν• λ΅―λ°μƒλ“',0),(2533,'μ΄μ›”μ μΈ μΉν† μ¤',0),(2534,'μ΄μΈμ μΈ λΉΌλΉΌλ΅',0),(2535,'λ§‰κ°•ν• λ¦¬μΈ ',0),(2536,'λ¬΄μ‹¬ν• λ§κ°€λ ›νΈ',0),(2537,'λ‹¨νΈν• μ΄μ½”μΉ©μΏ ν‚¤',0),(2538,'λμ—†λ” μ£ λ¦¬ν',0),(2539,'μ•…λ…ν• μ¬μΉ©',0),(2540,'μ² μ €ν• λΉ λ‹¤μ½”μ½”λ‚«',0),(2541,'μ‚¬λ‚μ΄ λ°€ν¬μΉ΄λΌλ©',0),(2542,'κΈ‰κ²©ν• μ–‘νλ§',0),(2543,'ν—μ•…ν• μ¤λ¨',0),(2544,'κΉμ€ μ¤μ‚¬μ―”',0),(2545,'μ§€λ…ν• μ™€ν΄',0),(2546,'μ••λ„μ μΈ ν¬λ°ν‚¤',0),(2547,'ν¬μ² ν• ν¬λ¦¬μ¤ν”Όλ΅¤',0),(2548,'λ‹¨νΈν• μ¤μ‚¬μ―”',0),(2549,'μ‚¬λ‚μ΄ κΌ¬κΉ”μ½',0),(2550,'ν™•κ³ ν• μ€λ΅λ³„',0),(2551,'λκ°™μ€ κ³ λλ°¥',0),(2552,'μ €λμ μΈ μΉμ¦λ³Ό',0),(2553,'μ²ν•λ¬΄μ μ ν‚·μΊ£',0),(2554,'μ²ν•λ¬΄μ μ μ°Έν¬λμ»¤',0),(2555,'ν¬μ² ν• κµ¬κµ¬μ½',0),(2556,'μ§€λ…ν• μΉμ¦λ³Ό',0),(2557,'μ§„μ§€ν• μ—μ΄μ¤',0),(2558,'λ§Ήλ ¬ν• μ΄μ½”μ†΅μ΄',0),(2559,'λ¬΄κ±°μ΄ λ„λ„¤λ λ„¤',0),(2560,'ν—μ¤€ν• μΈμ λ―Έμ¤λ‚µ',0),(2561,'μ²μ ν• λΉμΈ ',0),(2562,'μ‚¬μ•…ν• μΉμ¦λ³Ό',0),(2563,'λ¶κµ΄μ μ΄μ½”μ†΅μ΄',0),(2564,'λ€λ‹΄ν• κ°μκΉ΅',0),(2565,'λ¶ν¨μ λ°”λ‚λ‚ν‚¥',0),(2566,'ν¬μ² ν• ν‚·μΊ£',0),(2567,'μ••λ„μ μΈ ν”„λ§κΈ€μ¤',0),(2568,'λ‚ μΉ΄λ΅μ΄ μΏ ν¬λ‹¤μ¤',0),(2569,'λ¬΄μ‹λ¬΄μ‹ν• μΉΈμµΈ',0),(2570,'κ°•λ ¬ν• μ΄μ½”μΉ©μΏ ν‚¤',0),(2571,'λ¶κµ΄μ λ°”λ‚λ‚ν‚¥',0),(2572,'ν™•κ³ ν• μΉν† μ¤',0),(2573,'μ¤‘ν›„ν• λΉ μ‚­',0),(2574,'μ„λ€ν• μ•μƒμ°μΉ©',0),(2575,'μ™„κ°•ν• κ°€λ‚νμ΄',0),(2576,'λ§¤μ„μ΄ μμΌλ¦¬ν†¨',0),(2577,'λ¬΄μ •ν• μ¤λ¨',0),(2578,'κµ³κ±΄ν• μΉ΄μ¤νƒ€λ“',0),(2579,'μ•…λ…ν• μΉ΄μ¤νƒ€λ“',0),(2580,'μ”νΉν• μΉΈμµΈ',0),(2581,'λ‹Ήλ‹Ήν• μ΄μ½”μ†΅μ΄',0),(2582,'κ°•λ ¥ν• κΌ¬κΉ”μ½',0),(2583,'λ¬΄μλΉ„ν• μ— μ•¤μ— μ¦',0),(2584,'λ¬΄μ μ ν¬μΉ΄μΉ©',0),(2585,'κµ³κ±΄ν• λ¨λ‚μΉ΄',0),(2586,'μ €λμ μΈ μ΄μ½”μ†΅μ΄',0),(2587,'ν™©ν™€ν• νλ λ΅λ΅μ‰',0),(2588,'ν—λ‚ν• λ½€λ',0),(2589,'λ¶ν¨μ μ£ μ¤λ°”',0),(2590,'λ¬΄μ μ μΉ™μ΄‰',0),(2591,'κµ³κ±΄ν• ν¬μΉ΄μΉ©',0),(2592,'λ“μ„Ό λ²„ν„°μΏ ν‚¤',0),(2593,'λ“μ„Ό μΉμ¦λ³Ό',0),(2594,'κ°•λ ¬ν• λ§κ°€λ ›νΈ',0),(2595,'μΉΌλ‚  κ°™μ€ νΈμ…μ¤',0),(2596,'μ²μ ν• μ¤λ¨',0),(2597,'κ²©λ ¬ν• ν¬μΉ΄μΉ©',0),(2598,'μ”νΉν• κ°€λ',0),(2599,'μ—­λ™μ μΈ ν•λ¦¬λ³΄',0),(2600,'μ‚¬μ•…ν• κ³ λλ°¥',0),(2601,'λ€λ‹΄ν• λ¨λ‚μΉ΄',0),(2602,'λκ°™μ€ κΏ€κ½λ°°κΈ°',0),(2603,'μΉμ—΄ν• κµ¬κµ¬μ½',0),(2604,'λ¬΄μν• κ°€λ',0),(2605,'λκ°™μ€ μ—μ΄μ¤',0),(2606,'κ°•μ§ν• κµ¬κµ¬μ½',0),(2607,'μΉλ…μ μΈ κµ¬μ΄κ°μ',0),(2608,'ν—μ•…ν• μ΄μ½”μΉ©μΏ ν‚¤',0),(2609,'λ¬΄μ‹λ¬΄μ‹ν• ν—λ‹λ²„ν„°μΉ©',0),(2610,'ν¬μ² ν• μΏ ν¬λ‹¤μ¤',0),(2611,'ν—μ¤€ν• μƒμ°κΉ΅',0),(2612,'μ—­λ™μ μΈ μ–‘νλ§',0),(2613,'λ‹Ήλ‹Ήν• μΉμ¦λ³Ό',0),(2614,'μ§‘μ”ν• μ ν¬',0),(2615,'λ¶νƒ€λ” ν—λ‹λ²„ν„°μΉ©',0),(2616,'μ²ν•λ¬΄μ μ λ‚μµΈ',0),(2617,'λ¬΄μ‹λ¬΄μ‹ν• κµ¬μ΄κ°μ',0),(2618,'ν¬μ² ν• λ§μΉ΄λ΅±',0),(2619,'λ¬΄μ‹¬ν• λ°”λ‚λ‚ν‚¥',0),(2620,'μ°λ μ°¬ λΉΌλΉΌλ΅',0),(2621,'κ³ λ…ν• ν›„λ μΉνμ΄',0),(2622,'ν­μ••μ μΈ ν—λ‹λ²„ν„°μΉ©',0),(2623,'κ·Ήμ•…ν• μ½μ΄',0),(2624,'λ‹¨νΈν• μ΄μ½”μ†΅μ΄',0),(2625,'μ§„μ§€ν• μΉν† μ¤',0),(2626,'λ“μ„Ό μ€λ΅λ³„',0),(2627,'λ¬΄ν•ν• κΏ€κ½λ°°κΈ°',0),(2628,'κ³ λ…ν• λ²„ν„°μ™€ν”',0),(2629,'μΉλ…μ μΈ ν¬ν…ν† μΉ©',0),(2630,'κ°•μ§ν• μ¤λ μ¤',0),(2631,'μ›…μ¥ν• ν”„λ§κΈ€μ¤',0),(2632,'μ§‘μ”ν• μ¤λ‹μ»¤μ¦',0),(2633,'λΉ„μ¥ν• μΉ™μ΄‰',0),(2634,'κ³ λ…ν• λ°€ν¬μΉ΄λΌλ©',0),(2635,'μ €λμ μΈ κ°€λ',0),(2636,'μ λ€μ μΈ μΉ΄μ¤νƒ€λ“',0),(2637,'λμ§κΈ΄ μ•Όμ±„νƒ€μ„',0),(2638,'λ¶λ³€μ λΉ μ‚­',0),(2639,'ν—λ‚ν• μ½μ΄',0),(2640,'μ΄μ›”μ μΈ λ°”λ‚λ‚ν‚¥',0),(2641,'κΈ΄λ°•ν• νΈμ…μ¤',0),(2642,'λ¶νƒ€λ” μΈμ λ―Έμ¤λ‚µ',0),(2643,'λ‹¨νΈν• λΉ μ‚­',0),(2644,'λ§¤μ„μ΄ ν¬λ°ν‚¤',0),(2645,'μ••λ„μ μΈ κ³ λλ°¥',0),(2646,'κ΄‘ν­ν• μ™€μ‚­λ°”',0),(2647,'μ›…μ¥ν• λ½€λ',0),(2648,'ν™©ν™€ν• μ•Όμ±„νƒ€μ„',0),(2649,'λ¬΄μ‹λ¬΄μ‹ν• μ΄μ½”μ†΅μ΄',0),(2650,'λ¶νƒ€λ” ν”„λ§κΈ€μ¤',0),(2651,'κ·Ήμ•…ν• μ•μƒμ°μΉ©',0),(2652,'μ§‘μ”ν• λ§κ°€λ ›νΈ',0),(2653,'λ§‰κ°•ν• λ§μΉ΄λ΅±',0),(2654,'μ°¨κ°€μ΄ κ°€λ',0),(2655,'ν¬μ² ν• μ¤κ°μ',0),(2656,'λμ§κΈ΄ λ²„ν„°μ™€ν”',0),(2657,'ν­μ••μ μΈ λ¨λ‚μΉ΄',0),(2658,'λ¬΄μ‡ κ°™μ€ κ³ λλ°¥',0),(2659,'κ³Όκ°ν• μ€λ΅λ³„',0),(2660,'κ²¬κ³ ν• μ΄μ½”μΉ©μΏ ν‚¤',0),(2661,'νκ΄΄μ μΈ λ°”λ‚λ‚ν‚¥',0),(2662,'μ°λ μ°¬ μ— μ•¤μ— μ¦',0),(2663,'λ¬΄μ„μ΄ μ›¨ν•μ¤',0),(2664,'μ°¨κ°€μ΄ ν›„λ μΉνμ΄',0),(2665,'κµ³κ±΄ν• μ΄μ½”μΉ©μΏ ν‚¤',0),(2666,'λ§¤μ„μ΄ μ΄μ½”μΉ©μΏ ν‚¤',0),(2667,'μ²μ ν• μ½μ΄',0),(2668,'λ¶κµ΄μ μ¤μ™μΉ©',0),(2669,'λ¬΄μ‡ κ°™μ€ λΉμΈ ',0),(2670,'μ„λ€ν• μ ν¬',0),(2671,'ν­λ°μ μΈ λΉ…νμ΄',0),(2672,'μ©λ§Ήν• λ¦¬μΈ ',0),(2673,'ν™©ν™€ν• μ¤μ‚¬μ―”',0),(2674,'κ³Όκ°ν• λΉ μ‚­',0),(2675,'λ“μ„Ό ν¬μΉ΄μΉ©',0),(2676,'μ”νΉν• ν›„λ μΉνμ΄',0),(2677,'λμ—†λ” μ΄μ½”ν•μ„',0),(2678,'κΈ‰κ²©ν• μ™€ν΄',0),(2679,'λ¶κ°€μΉ¨μ κ³ μ†λ―Έ',0),(2680,'μ—­λ™μ μΈ μ€λ΅λ³„',0),(2681,'ν—μ•…ν• κµ¬μ΄κ°μ',0),(2682,'μ‹ λ…μ μ™€μ‚­λ°”',0),(2683,'κ³Όκ°ν• λ§μΉ΄λ΅±',0),(2684,'ν™©ν™€ν• λΉ μ‚­',0),(2685,'μ² μ €ν• ν›„λ μΉνμ΄',0),(2686,'λ‚ μΉ΄λ΅μ΄ κΌ¬κΉ”μ½',0),(2687,'λ‹¨νΈν• ν¬λ¦¬μ¤ν”Όλ΅¤',0),(2688,'μ§‘μ”ν• μ— μ•¤μ— μ¦',0),(2689,'λμ§κΈ΄ μ ν¬',0),(2690,'μ©λ§Ήν• μ•Όμ±„νƒ€μ„',0),(2691,'ν­μ••μ μΈ μ™€ν΄',0),(2692,'κΈ‰κ²©ν• λΉ λ‹¤μ½”μ½”λ‚«',0),(2693,'μ² μ €ν• μ¤λ‹μ»¤μ¦',0),(2694,'κΈ‰κ²©ν• κ°μκΉ΅',0),(2695,'λ‹Ήλ‹Ήν• μ™€μ‚­λ°”',0),(2696,'μ©λ§Ήν• λ§κ°€λ ›νΈ',0),(2697,'μΉΌλ‚  κ°™μ€ ν¬λ°ν‚¤',0),(2698,'μ°λ μ°¬ λ‚μµΈ',0),(2699,'λ¶κ°€μΉ¨μ μ΄μ½”ν•μ„',0),(2700,'κ°€μ°¨μ—†λ” μ•μƒμ°μΉ©',0),(2701,'μ €λμ μΈ μ¬μΉ©',0),(2702,'μ²μ ν• κΌ¬κΉ”μ½',0),(2703,'λ²”μ ‘ν•  μ μ—†λ” μΉ™μ΄‰',0),(2704,'ν—μ¤€ν• ν”„λ§κΈ€μ¤',0),(2705,'κµ³κ±΄ν• κΏ€κ½λ°°κΈ°',0),(2706,'μ§„μ§€ν• κ°μκΉ΅',0),(2707,'ν—μ•…ν• μΉ΄μ¤νƒ€λ“',0),(2708,'μ‚¬μ•…ν• μ¤μ‚¬μ―”',0),(2709,'ν¬μ² ν• λ°€ν¬μΉ΄λΌλ©',0),(2710,'κ°€νΉν• μ¤μ™μΉ©',0),(2711,'μΉλ…μ μΈ ν‚·μΊ£',0),(2712,'μ²ν•λ¬΄μ μ ν¬λ°ν‚¤',0),(2713,'μ€λ°€ν• μ¤λ‹μ»¤μ¦',0),(2714,'λ¬΄μ„μ΄ μΈμ λ―Έμ¤λ‚µ',0),(2715,'κ³ λ…ν• λΉ μ‚­',0),(2716,'κ²©λ ¬ν• λ²„ν„°μΏ ν‚¤',0),(2717,'κ²©λ ¬ν• μ£ λ¦¬ν',0),(2718,'μ••λ„μ μΈ ν¬μΉ΄μΉ©',0),(2719,'λ¶μ‚¬μ‹ μ μ¤λ μ¤',0),(2720,'μ°¨κ°€μ΄ λΉμΈ ',0),(2721,'ν¬μ² ν• ν›„λ μΉνμ΄',0),(2722,'ν¬μ² ν• κΌ¬κΉ”μ½',0),(2723,'λκ°™μ€ ν¬λμ»¤',0),(2724,'μΉΌλ‚  κ°™μ€ κΏ€κ½λ°°κΈ°',0),(2725,'μΉμ—΄ν• νƒ±ν¬λ³΄μ΄',0),(2726,'κ°•λ ¬ν• μ΄μ½”ν•μ„',0),(2727,'ν—μ¤€ν• λ°”λ‚λ‚ν‚¥',0),(2728,'λ¬΄μ‹¬ν• μ•μƒμ°μΉ©',0),(2729,'ν™•κ³ ν• μΉΈμµΈ',0),(2730,'νμ°¬ μΉν† μ¤',0),(2731,'κµ³κ±΄ν• νƒ±ν¬λ³΄μ΄',0),(2732,'μ €λμ μΈ μ¤μ™μΉ©',0),(2733,'μ²μ ν• νλ λ΅λ΅μ‰',0),(2734,'λμ—†λ” λ‚μµΈ',0),(2735,'λ§‰κ°•ν• μ¤κ°μ',0),(2736,'κ²©λ ¬ν• μ–‘νλ§',0),(2737,'λ¶λ³€μ μ•μƒμ°μΉ©',0),(2738,'μ•…λ…ν• μ£ μ¤λ°”',0),(2739,'λ€λ‹¨ν• μ‚¬λΈλ ',0),(2740,'ν­μ••μ μΈ ν‚·μΊ£',0),(2741,'ν­μ••μ μΈ μ¤λ μ¤',0),(2742,'λ¬΄μλΉ„ν• μ—”μ΄',0),(2743,'λ¬΄μ μ μ™€ν΄',0),(2744,'μ”νΉν• μ½μ΄',0),(2745,'κµ³κ±΄ν• μ£ λ¦¬ν',0),(2746,'λ¬΄μ‹¬ν• κΏ€κ½λ°°κΈ°',0),(2747,'μ΄μΈμ μΈ ν¬μΉ΄μΉ©',0),(2748,'μ¤‘ν›„ν• μΉν† μ¤',0),(2749,'λ¬΄μ‹¬ν• μ΄μ½”μ†΅μ΄',0),(2750,'λ€λ‹¨ν• μ— μ•¤μ— μ¦',0),(2751,'μ•…λ…ν• μ΄μ½”νμ΄',0),(2752,'κ²©λ ¬ν• μ¤κ°μ',0),(2753,'λμ§κΈ΄ μΉ™μ΄‰',0),(2754,'μ¤‘ν›„ν• μ™€ν΄',0),(2755,'μ²μ ν• μ¤κ°μ',0),(2756,'κµ‰μ¥ν• μ—μ΄μ¤',0),(2757,'μ•…λ…ν• λ¦¬μΈ ',0),(2758,'κ°•μΈν• λΉ λ‹¤μ½”μ½”λ‚«',0),(2759,'λ¬΄μ„μ΄ λΉ λ‹¤μ½”μ½”λ‚«',0),(2760,'λ¬΄μ‹λ¬΄μ‹ν• ν™λ°λ³Ό',0),(2761,'μ‹ λ…μ λΉ λ‹¤μ½”μ½”λ‚«',0),(2762,'κµ³κ±΄ν• κ³ μ†λ―Έ',0),(2763,'μ΄κ°•λ ¥ν• μΉμ¦λ³Ό',0),(2764,'μΉμ—΄ν• μΉΈμµΈ',0),(2765,'ν—μ¤€ν• μΉ΄μ¤νƒ€λ“',0),(2766,'ν™•κ³ ν• μ΄μ½”μΉ©μΏ ν‚¤',0),(2767,'μ°¨κ°€μ΄ μ°Έν¬λμ»¤',0),(2768,'μ„λ€ν• μ΄μ½”μΉ©μΏ ν‚¤',0),(2769,'λ¬΄μλΉ„ν• λ΅―λ°μƒλ“',0),(2770,'λ¬΄μν• λ°€ν¬μΉ΄λΌλ©',0),(2771,'λ¶λ³€μ λ²„ν„°μΏ ν‚¤',0),(2772,'μ•”ν‘μ λ²„ν„°μΏ ν‚¤',0),(2773,'μ©λ§Ήν• ν¬ν…ν† μΉ©',0),(2774,'κ²°μ—°ν• ν¬μΉ΄μΉ©',0),(2775,'κ°•λ ¬ν• μ•μƒμ°μΉ©',0),(2776,'κµ³κ±΄ν• μ¬μΉ©',0),(2777,'μ°λ μ°¬ μ¤μ™μΉ©',0),(2778,'μμ›ν• μ΄μ½”μ†΅μ΄',0),(2779,'λΉν‹μ—†λ” λ°”λ‚λ‚ν‚¥',0),(2780,'ν¬μ² ν• λΉΌλΉΌλ΅',0),(2781,'μ›…μ¥ν• ν‚·μΊ£',0),(2782,'ν™©ν™€ν• μ£ λ¦¬ν',0),(2783,'κ²©λ ¬ν• νΈμ…μ¤',1),(2784,'μ›…μ¥ν• μ—μ΄μ¤',0),(2785,'λ‹¨νΈν• μ¤κ°μ',0),(2786,'λ¬΄μ •ν• μ¤μ™μΉ©',0),(2787,'μ••λ„μ μΈ ν—λ‹λ²„ν„°μΉ©',0),(2788,'λ‚ μΉ΄λ΅μ΄ μ‚¬λΈλ ',0),(2789,'κ°€νΉν• λ§κ°€λ ›νΈ',0),(2790,'κµ³κ±΄ν• μΉΈμµΈ',0),(2791,'λ¶κ°€μΉ¨μ λ°”λ‚λ‚ν‚¥',0),(2792,'λ‹Ήλ‹Ήν• μΈμ λ―Έμ¤λ‚µ',0),(2793,'λ¶ν¨μ ν•λ¦¬λ³΄',0),(2794,'κ·Ήμ•…ν• λΉμΈ ',0),(2795,'λ¬΄κ±°μ΄ κµ¬κµ¬μ½',0),(2796,'μ‹ λ…μ ν™λ°λ³Ό',0),(2797,'λ¬΄μ‹¬ν• μΉν† μ¤',0),(2798,'μ›…μ¥ν• ν¬λ¦¬μ¤ν”Όλ΅¤',0),(2799,'λ¬΄μ μ λ§κ°€λ ›νΈ',0),(2800,'λ‹¨νΈν• μ— μ•¤μ— μ¦',0),(2801,'λ‚ μΉ΄λ΅μ΄ μ½μ΄',0),(2802,'μ§‘μ”ν• μ•Όμ±„νƒ€μ„',0),(2803,'κΈ΄λ°•ν• μ•Όμ±„νƒ€μ„',0),(2804,'μ›…μ¥ν• μ ν¬',0),(2805,'λ¬΄μ‡ κ°™μ€ μ¤κ°μ',0),(2806,'ν­μ••μ μΈ μ€λ΅λ³„',0),(2807,'λ¬΄μλΉ„ν• ν•λ¦¬λ³΄',0),(2808,'ν—λ‚ν• λΉμΈ ',0),(2809,'λΉν‹μ—†λ” μ™€μ‚­λ°”',0),(2810,'λ¬΄κ±°μ΄ κΏ€κ½λ°°κΈ°',0),(2811,'λ¶μ‚¬μ‹ μ μμΌλ¦¬ν†¨',0),(2812,'λ¬΄μ‡ κ°™μ€ λ¨λ‚μΉ΄',0),(2813,'λ‚ μΉ΄λ΅μ΄ λ²„ν„°μΏ ν‚¤',0),(2814,'μ²λ‘¥ κ°™μ€ ν¬λ¦¬μ¤ν”Όλ΅¤',0),(2815,'κ°•λ ¬ν• λ°”λ‚λ‚ν‚¥',0),(2816,'λ¶μ‚¬μ‹ μ μ¤κ°μ',1),(2817,'λΉ„μ¥ν• μ¤μ‚¬μ―”',0),(2818,'κΈ‰κ²©ν• μΉμ¦λ³Ό',0),(2819,'μ••λ„μ μΈ μ΄μ½”μ†΅μ΄',0),(2820,'κ³Όκ°ν• ν¬μΉ΄μΉ©',0),(2821,'μ°¨κ°€μ΄ μΉν† μ¤',0),(2822,'λ¬΄μ‹λ¬΄μ‹ν• ν¬ν…ν† μΉ©',0),(2823,'ν™•κ³ ν• ν¬λ¦¬μ¤ν”Όλ΅¤',0),(2824,'λμ—†λ” μ— μ•¤μ— μ¦',0),(2825,'μ€λ°€ν• μ ν¬',0),(2826,'λμ—†λ” μ ν¬',0),(2827,'μ΄μ›”μ μΈ ν¬μΉ΄μΉ©',0),(2828,'μ΄μΈμ μΈ μ°Έν¬λμ»¤',0),(2829,'μ§„μ§€ν• νΈμ…μ¤',0),(2830,'μ΄κ°•λ ¥ν• λΉ μ‚­',0),(2831,'μ•”ν‘μ λ²„ν„°μ™€ν”',0),(2832,'ν—λ‚ν• λ΅―λ°μƒλ“',0),(2833,'μ••λ„μ μΈ μƒμ°κΉ΅',0),(2834,'κ°€νΉν• μƒμ°κΉ΅',1),(2835,'κ°€μ°¨μ—†λ” κ°€λ‚νμ΄',0),(2836,'λ‹¨λ‹¨ν• μ°Έν¬λμ»¤',0),(2837,'κΈ‰κ²©ν• μ¤μ™μΉ©',0),(2838,'λΉν‹μ—†λ” μ΄μ½”μ†΅μ΄',0),(2839,'λ¶κµ΄μ νλ λ΅λ΅μ‰',0),(2840,'λκ°™μ€ λΉμΈ ',0),(2841,'μ΄μ›”μ μΈ κ°μκΉ΅',0),(2842,'κ·Ήμ•…ν• μ–‘νλ§',0),(2843,'μ² μ €ν• λ§κ°€λ ›νΈ',0),(2844,'λ¶μ‚¬μ‹ μ μ¤μ‚¬μ―”',0),(2845,'μΉΌλ‚  κ°™μ€ ν™λ°λ³Ό',0),(2846,'λ‚ μΉ΄λ΅μ΄ μΉν† μ¤',0),(2847,'μ €λμ μΈ λ°€ν¬μΉ΄λΌλ©',0),(2848,'μΉλ…μ μΈ μμΌλ¦¬ν†¨',0),(2849,'κ²©λ ¬ν• μ™€ν΄',0),(2850,'λ¬΄μ •ν• λ¦¬μΈ ',0),(2851,'λ¬΄μν• μ€λ΅λ³„',0),(2852,'λ¬΄μλΉ„ν• λ¨λ‚μΉ΄',0),(2853,'μ‚¬μ•…ν• μ–‘νλ§',0),(2854,'κ°•μ§ν• λΉ μ‚­',0),(2855,'νμ°¬ λ½€λ',0),(2856,'κ³ λ…ν• κ³ λλ°¥',0),(2857,'λ¬΄μν• λ¨λ‚μΉ΄',0),(2858,'μ°¨κ°€μ΄ μ΄μ½”μ†΅μ΄',0),(2859,'μ°λ μ°¬ μ–‘νλ§',0),(2860,'μ΄κ°•λ ¥ν• μ¤λ¨',0),(2861,'λ¬΄μ„μ΄ μ¤μ‚¬μ―”',0),(2862,'ν­λ°μ μΈ μ•Όμ±„νƒ€μ„',0),(2863,'ν¬μ² ν• ν¬μΉ΄μΉ©',0),(2864,'μ²ν•λ¬΄μ μ μ— μ•¤μ— μ¦',0),(2865,'μ›…μ¥ν• κ³ λλ°¥',0),(2866,'λ‹¨λ‹¨ν• μ¤λ‹μ»¤μ¦',0),(2867,'μ°λ μ°¬ ν”„λ§κΈ€μ¤',0),(2868,'λ¶κ°€μΉ¨μ λ°€ν¬μΉ΄λΌλ©',0),(2869,'ν—μ¤€ν• λΉ λ‹¤μ½”μ½”λ‚«',0),(2870,'λμ—†λ” μ¬μΉ©',0),(2871,'κΈ΄λ°•ν• νλ λ΅λ΅μ‰',0),(2872,'μ² μ €ν• μ™€ν΄',0),(2873,'ν—μ¤€ν• μμΌλ¦¬ν†¨',0),(2874,'ν™•κ³ ν• ν¬λ°ν‚¤',0),(2875,'κ°•μΈν• μ¤λ‹μ»¤μ¦',0),(2876,'κµ‰μ¥ν• μΈμ λ―Έμ¤λ‚µ',0),(2877,'μ΄κ°•λ ¥ν• λ°€ν¬μΉ΄λΌλ©',0),(2878,'κ·Ήμ•…ν• μ ν¬',0),(2879,'λ‹¨λ‹¨ν• λ§κ°€λ ›νΈ',0),(2880,'μ΄μΈμ μΈ κ³ μ†λ―Έ',0),(2881,'κ°€νΉν• μ¤κ°μ',0),(2882,'μ€λ°€ν• κµ¬κµ¬μ½',0),(2883,'λ¬΄κ±°μ΄ μ¤κ°μ',0),(2884,'μ§€λ…ν• ν‚·μΊ£',0),(2885,'λ¬΄ν•ν• μμΌλ¦¬ν†¨',0),(2886,'κ°•λ ¬ν• μ›¨ν•μ¤',0),(2887,'λ¬΄μ‹¬ν• ν”„λ§κΈ€μ¤',0),(2888,'λ¬΄ν•ν• μ΄μ½”μ†΅μ΄',0),(2889,'κ΄‘ν­ν• μΉΈμµΈ',0),(2890,'μ§‘μ”ν• ν›„λ μΉνμ΄',0),(2891,'ν—μ•…ν• λ°€ν¬μΉ΄λΌλ©',0),(2892,'κ°€νΉν• μΉΈμµΈ',0),(2893,'μ—­λ™μ μΈ ν‚·μΊ£',0),(2894,'μμ›ν• μ•Όμ±„νƒ€μ„',0),(2895,'μ—­λ™μ μΈ λ°”λ‚λ‚ν‚¥',0),(2896,'μ°¨κ°€μ΄ λ²„ν„°μΏ ν‚¤',0),(2897,'μΉΌλ‚  κ°™μ€ ν¬ν…ν† μΉ©',0),(2898,'κ²¬κ³ ν• λΉμΈ ',0),(2899,'μ² μ €ν• μ΄μ½”μΉ©μΏ ν‚¤',0),(2900,'μ•…λ…ν• μκ°μΉ',0),(2901,'λ¶ν¨μ κ°€λ‚νμ΄',0),(2902,'λ¬΄μλΉ„ν• λΉΌλΉΌλ΅',0),(2903,'κ³Όκ°ν• μ›¨ν•μ¤',0),(2904,'μ”νΉν• λ½€λ',0),(2905,'μ™„κ°•ν• λ¨λ‚μΉ΄',0),(2906,'μ΄κ°•λ ¥ν• λ½€λ',0),(2907,'κ²¬κ³ ν• μ¤κ°μ',0),(2908,'λΉ„μ¥ν• μƒμ°κΉ΅',0),(2909,'μ§‘μ”ν• μ‚¬λΈλ ',0),(2910,'κ΄‘ν­ν• κµ¬μ΄κ°μ',0),(2911,'ν¬μ² ν• μΉν† μ¤',0),(2912,'λ¬΄μ‹¬ν• μ½μ΄',0),(2913,'κ°€νΉν• λ΅―λ°μƒλ“',0),(2914,'ν™•κ³ ν• νΈμ…μ¤',0),(2915,'κ°•λ ¬ν• νλ λ΅λ΅μ‰',0),(2916,'λμ§κΈ΄ κ³ μ†λ―Έ',0),(2917,'μ‚¬μ•…ν• κ³ μ†λ―Έ',0),(2918,'μ©λ§Ήν• νƒ±ν¬λ³΄μ΄',0),(2919,'κΉμ€ λ΅―λ°μƒλ“',0),(2920,'μΉΌλ‚  κ°™μ€ ν¬λ¦¬μ¤ν”Όλ΅¤',0),(2921,'κΉμ€ μ£ μ¤λ°”',0),(2922,'λ€λ‹¨ν• λ½€λ',0),(2923,'λΉ„μ¥ν• ν™λ°λ³Ό',0),(2924,'λμ—†λ” μκ°μΉ',0),(2925,'λ¬΄μ„μ΄ μ ν¬',0),(2926,'ν™©ν™€ν• κ°μκΉ΅',0),(2927,'κ·Ήμ•…ν• νƒ±ν¬λ³΄μ΄',0),(2928,'μμ›ν• λ„λ„¤λ λ„¤',0),(2929,'μ‹ λ…μ ν¬λμ»¤',0),(2930,'μ§„μ§€ν• κ°€λ',0),(2931,'κΈ‰κ²©ν• ν™λ°λ³Ό',0),(2932,'λ¶ν¨μ λ¦¬μΈ ',0),(2933,'κΈ΄λ°•ν• μκ°μΉ',0),(2934,'λ¶νƒ€λ” μμΌλ¦¬ν†¨',0),(2935,'κ°€μ°¨μ—†λ” μΉ™μ΄‰',0),(2936,'κ²¬κ³ ν• λ½€λ',0),(2937,'κ΄‘ν­ν• λ΅―λ°μƒλ“',0),(2938,'λ€λ‹¨ν• ν¬λ¦¬μ¤ν”Όλ΅¤',0),(2939,'λ‚ μΉ΄λ΅μ΄ λ§κ°€λ ›νΈ',0),(2940,'μ••λ„μ μΈ μ ν¬',0),(2941,'ν—μ•…ν• μμΌλ¦¬ν†¨',0),(2942,'κ°•μΈν• μ£ μ¤λ°”',0),(2943,'λμ—†λ” ν™λ°λ³Ό',0),(2944,'λ§‰κ°•ν• λ°€ν¬μΉ΄λΌλ©',0),(2945,'κ΄‘ν­ν• λ„λ„¤λ λ„¤',0),(2946,'κ²©λ ¬ν• μ°Έν¬λμ»¤',0),(2947,'μ λ€μ μΈ μ™€μ‚­λ°”',0),(2948,'μ΄μΈμ μΈ λ„λ„¤λ λ„¤',0),(2949,'κ°•μ§ν• λ²„ν„°μΏ ν‚¤',0),(2950,'μ©λ§Ήν• λΉμΈ ',0),(2951,'μ λ€μ μΈ ν”„λ§κΈ€μ¤',0),(2952,'μ² μ €ν• λΉΌλΉΌλ΅',0),(2953,'κΈ΄λ°•ν• μ½μ΄',0),(2954,'κΉμ€ λ„λ„¤λ λ„¤',0),(2955,'λ¬΄μν• μ£ μ¤λ°”',0),(2956,'λΉ„μ¥ν• ν‚·μΊ£',0),(2957,'ν—λ‚ν• μ£ λ¦¬ν',0),(2958,'λ¶νƒ€λ” μ¤μ‚¬μ―”',0),(2959,'λΉ„μ¥ν• μ•μƒμ°μΉ©',0),(2960,'κ³ λ…ν• λ‚μµΈ',0),(2961,'μΉΌλ‚  κ°™μ€ ν›„λ μΉνμ΄',0),(2962,'λ¬΄μ‹λ¬΄μ‹ν• μ•μƒμ°μΉ©',0),(2963,'λκ°™μ€ λ„λ„¤λ λ„¤',0),(2964,'κ³Όκ°ν• κ³ μ†λ―Έ',0),(2965,'κ°•μΈν• μ›¨ν•μ¤',0),(2966,'μ λ€μ μΈ μ£ λ¦¬ν',0),(2967,'λ‹Ήλ‹Ήν• μΉ΄μ¤νƒ€λ“',0),(2968,'μΉμ—΄ν• λΉ λ‹¤μ½”μ½”λ‚«',0),(2969,'κ³ λ…ν• μ΄μ½”ν•μ„',0),(2970,'λ²”μ ‘ν•  μ μ—†λ” λ°€ν¬μΉ΄λΌλ©',0),(2971,'λΉν‹μ—†λ” μκ°μΉ',0),(2972,'μ°λ μ°¬ μΉΈμµΈ',0),(2973,'μ›…μ¥ν• μΉ™μ΄‰',0),(2974,'κ·Ήμ•…ν• λ‚μµΈ',0),(2975,'λΉν‹μ—†λ” μ°Έν¬λμ»¤',0),(2976,'μ΄μΈμ μΈ μ•μƒμ°μΉ©',0),(2977,'μ¤‘ν›„ν• ν¬λ¦¬μ¤ν”Όλ΅¤',0),(2978,'μ‚¬μ•…ν• μ¬μΉ©',0),(2979,'νκ΄΄μ μΈ μ— μ•¤μ— μ¦',0),(2980,'μΉΌλ‚  κ°™μ€ μ™€ν΄',0),(2981,'ν­μ••μ μΈ μ¤κ°μ',0),(2982,'μ°¨κ°€μ΄ μΉμ¦λ³Ό',0),(2983,'μ•”ν‘μ μΉΈμµΈ',0),(2984,'λΉ„μ¥ν• μ™€μ‚­λ°”',0),(2985,'λ“μ„Ό κµ¬μ΄κ°μ',0),(2986,'λΉ„μ¥ν• ν¬λ°ν‚¤',0),(2987,'μ²ν•λ¬΄μ μ μ™€ν΄',0),(2988,'κ³Όκ°ν• μμΌλ¦¬ν†¨',0),(2989,'λ²”μ ‘ν•  μ μ—†λ” λ§κ°€λ ›νΈ',0),(2990,'λ²”μ ‘ν•  μ μ—†λ” ν¬λ¦¬μ¤ν”Όλ΅¤',0),(2991,'μ¤‘ν›„ν• λΉΌλΉΌλ΅',0),(2992,'κΈ‰κ²©ν• λ‚μµΈ',0),(2993,'μ©λ§Ήν• ν‚·μΊ£',0),(2994,'κΈ΄λ°•ν• κµ¬μ΄κ°μ',0),(2995,'ν—λ‚ν• λ§μΉ΄λ΅±',0),(2996,'μ‚¬λ‚μ΄ μ΄μ½”νμ΄',0),(2997,'κ²©λ ¬ν• μ¤μ™μΉ©',0),(2998,'μ™„κ°•ν• λ‚μµΈ',0),(2999,'ν—μ•…ν• ν—λ‹λ²„ν„°μΉ©',0),(3000,'λ¬΄ν•ν• λ‚μµΈ',0),(3001,'λ¶νƒ€λ” μ°Έν¬λμ»¤',0),(3002,'μ”νΉν• μΈμ λ―Έμ¤λ‚µ',0),(3003,'μ•…λ…ν• μ€λ΅λ³„',0),(3004,'μ§‘μ”ν• μ¤κ°μ',0),(3005,'ν¬μ² ν• μ‚¬λΈλ ',0),(3006,'λ¬΄κ±°μ΄ μ›¨ν•μ¤',0),(3007,'λΉν‹μ—†λ” ν•λ¦¬λ³΄',0),(3008,'μμ›ν• μƒμ°κΉ΅',0),(3009,'μ••λ„μ μΈ κ°μκΉ΅',0),(3010,'λ¬΄μ„μ΄ ν‚·μΊ£',0),(3011,'λ‹Ήλ‹Ήν• ν¬λ¦¬μ¤ν”Όλ΅¤',0),(3012,'κµ³κ±΄ν• μΏ ν¬λ‹¤μ¤',0),(3013,'κΈ΄λ°•ν• λ„λ„¤λ λ„¤',0),(3014,'λ‹Ήλ‹Ήν• μ—”μ΄',0),(3015,'κ°€νΉν• ν¬λ°ν‚¤',0),(3016,'λ‹Ήλ‹Ήν• μ™€ν΄',0),(3017,'μΉμ—΄ν• μ—”μ΄',0),(3018,'μ²ν•λ¬΄μ μ μ–‘νλ§',0),(3019,'λ€λ‹¨ν• μ£ λ¦¬ν',0),(3020,'μ €λμ μΈ μ•Όμ±„νƒ€μ„',0),(3021,'λ¬΄ν•ν• ν•λ¦¬λ³΄',0),(3022,'κµ‰μ¥ν• λ²„ν„°μ™€ν”',0),(3023,'κ³ λ…ν• μ΄μ½”νμ΄',0),(3024,'λ¬΄ν•ν• μ΄μ½”ν•μ„',0),(3025,'ν­μ••μ μΈ μ΄μ½”νμ΄',0),(3026,'λ¬΄μν• ν¬λ°ν‚¤',0),(3027,'λ¬΄μ‹¬ν• ν‚·μΊ£',0),(3028,'λΉν‹μ—†λ” μ•μƒμ°μΉ©',0),(3029,'λ¶λ³€μ λΉ λ‹¤μ½”μ½”λ‚«',0),(3030,'ν—λ‚ν• μ•μƒμ°μΉ©',0),(3031,'λμ§κΈ΄ κ°€λ',0),(3032,'ν™•κ³ ν• μ— μ•¤μ— μ¦',0),(3033,'κ°•λ ¬ν• ν¬λμ»¤',0),(3034,'κ°•μΈν• μ΄μ½”ν•μ„',0),(3035,'λ§¤μ„μ΄ νλ λ΅λ΅μ‰',0),(3036,'κ°•λ ¥ν• μ¤λ μ¤',0),(3037,'λ²”μ ‘ν•  μ μ—†λ” μ¬μΉ©',0),(3038,'κ°€μ°¨μ—†λ” μ΄μ½”νμ΄',0),(3039,'μ”νΉν• μ¤λ μ¤',0),(3040,'μ΄μ›”μ μΈ λ¦¬μΈ ',0),(3041,'κΈ΄λ°•ν• ν¬λμ»¤',0),(3042,'λ‹¨νΈν• κ³ λλ°¥',0),(3043,'λ¬΄μν• μ¤λ‹μ»¤μ¦',0),(3044,'μ²λ‘¥ κ°™μ€ νƒ±ν¬λ³΄μ΄',0),(3045,'λΉ„μ¥ν• μ¤λ¨',0),(3046,'κ²¬κ³ ν• κµ¬κµ¬μ½',0),(3047,'μ΄μ›”μ μΈ λΉ μ‚­',0),(3048,'κΉμ€ ν‚·μΊ£',0),(3049,'μ² μ €ν• μμΌλ¦¬ν†¨',0),(3050,'λ¬΄μλΉ„ν• μΉμ¦λ³Ό',0),(3051,'λ¶κµ΄μ μκ°μΉ',0),(3052,'λ¬΄μ„μ΄ μ–‘νλ§',0),(3053,'λ§¤μ„μ΄ μ¤μ™μΉ©',0),(3054,'μμ›ν• κ°€λ‚νμ΄',0),(3055,'λ²”μ ‘ν•  μ μ—†λ” κΌ¬κΉ”μ½',0),(3056,'λ¬΄μ‹¬ν• μ•Όμ±„νƒ€μ„',0),(3057,'μ¤‘ν›„ν• ν‚·μΊ£',0),(3058,'κ΄‘ν­ν• μ‚¬λΈλ ',0),(3059,'λ¶νƒ€λ” λΉΌλΉΌλ΅',0),(3060,'κΉμ€ μ¤κ°μ',0),(3061,'λ¬΄μ„μ΄ μ•Όμ±„νƒ€μ„',0),(3062,'μ—­λ™μ μΈ λ²„ν„°μΏ ν‚¤',0),(3063,'κ²°μ—°ν• ν›„λ μΉνμ΄',0),(3064,'ν—μ•…ν• μ™€μ‚­λ°”',0),(3065,'κ°•λ ¥ν• μ•μƒμ°μΉ©',0),(3066,'ν—μ¤€ν• μ€λ΅λ³„',0),(3067,'κΈ‰κ²©ν• μ‚¬λΈλ ',0),(3068,'κΈ΄λ°•ν• κµ¬κµ¬μ½',0),(3069,'ν™•κ³ ν• νλ λ΅λ΅μ‰',0),(3070,'ν—μ•…ν• μ ν¬',0),(3071,'λ§Ήλ ¬ν• μΈμ λ―Έμ¤λ‚µ',0),(3072,'μμ›ν• ν¬λμ»¤',0),(3073,'λ§¤μ„μ΄ μ¤λ‹μ»¤μ¦',0),(3074,'λμ§κΈ΄ κ³ λλ°¥',0),(3075,'λ¬΄μ‡ κ°™μ€ λΉ μ‚­',0),(3076,'μ λ€μ μΈ λΉ μ‚­',0),(3077,'λ¬΄μ μ λ½€λ',0),(3078,'μ‹ λ…μ μΉ™μ΄‰',0),(3079,'μμ›ν• λ¨λ‚μΉ΄',0),(3080,'ν¬μ² ν• λ‚μµΈ',0),(3081,'μ§€λ…ν• κ°€λ',0),(3082,'λ‹¨νΈν• ν™λ°λ³Ό',0),(3083,'μ”νΉν• ν‚·μΊ£',0),(3084,'λ‹¨νΈν• λ°”λ‚λ‚ν‚¥',0),(3085,'ν¬μ² ν• λ΅―λ°μƒλ“',0),(3086,'μ§€λ…ν• ν›„λ μΉνμ΄',0),(3087,'κΈ΄λ°•ν• λ‚μµΈ',0),(3088,'κ΄‘ν­ν• μ—”μ΄',0),(3089,'λ‚ μΉ΄λ΅μ΄ λ½€λ',0),(3090,'λ¬΄μ‹λ¬΄μ‹ν• ν¬λ°ν‚¤',0),(3091,'μ”νΉν• μ•Όμ±„νƒ€μ„',0),(3092,'ν­μ••μ μΈ λΉ…νμ΄',0),(3093,'μΉμ—΄ν• ν¬λ¦¬μ¤ν”Όλ΅¤',0),(3094,'μ²ν•λ¬΄μ μ κΌ¬κΉ”μ½',0),(3095,'λ¬΄μν• μΉ™μ΄‰',0),(3096,'μ—­λ™μ μΈ νΈμ…μ¤',0),(3097,'λ§Ήλ ¬ν• μ¤μ™μΉ©',0),(3098,'κ³ λ…ν• μκ°μΉ',0),(3099,'μ••λ„μ μΈ μ¤λ μ¤',0),(3100,'κ΄‘ν­ν• λ²„ν„°μΏ ν‚¤',0),(3101,'ν—λ‚ν• μΈμ λ―Έμ¤λ‚µ',0),(3102,'μ λ€μ μΈ κµ¬κµ¬μ½',0),(3103,'λ¶κµ΄μ μμΌλ¦¬ν†¨',0),(3104,'μ‚¬λ‚μ΄ λ¦¬μΈ ',0),(3105,'μ•…λ…ν• μ΄μ½”μΉ©μΏ ν‚¤',0),(3106,'κ°•μΈν• λ°”λ‚λ‚ν‚¥',0),(3107,'μ²ν•λ¬΄μ μ μΈμ λ―Έμ¤λ‚µ',0),(3108,'μ•…λ…ν• κµ¬κµ¬μ½',0),(3109,'μ••λ„μ μΈ μ‚¬λΈλ ',0),(3110,'κ°•λ ¬ν• ν¬ν…ν† μΉ©',0),(3111,'κ°€μ°¨μ—†λ” λΉ λ‹¤μ½”μ½”λ‚«',0),(3112,'μ²λ‘¥ κ°™μ€ ν¬ν…ν† μΉ©',0),(3113,'λ¬΄μ μ κΌ¬κΉ”μ½',0),(3114,'λ§¤μ„μ΄ ν¬ν…ν† μΉ©',0),(3115,'λ¶λ³€μ μ¬μΉ©',0),(3116,'λμ§κΈ΄ ν”„λ§κΈ€μ¤',0),(3117,'λ€λ‹΄ν• κΌ¬κΉ”μ½',0),(3118,'μ²λ‘¥ κ°™μ€ λ¨λ‚μΉ΄',0),(3119,'λ¬΄κ±°μ΄ μ¤λ‹μ»¤μ¦',0),(3120,'μ§‘μ”ν• λ¦¬μΈ ',0),(3121,'μ•”ν‘μ νƒ±ν¬λ³΄μ΄',0),(3122,'λΉ„μ¥ν• λ²„ν„°μ™€ν”',0),(3123,'λ¶κµ΄μ ν‚·μΊ£',0),(3124,'κΈ‰κ²©ν• μ£ λ¦¬ν',0),(3125,'μ›…μ¥ν• μ¬μΉ©',0),(3126,'ν—μ•…ν• λ„λ„¤λ λ„¤',0),(3127,'λ²”μ ‘ν•  μ μ—†λ” λ‚μµΈ',0),(3128,'μ§€λ…ν• ν¬λ°ν‚¤',0),(3129,'μ¤‘ν›„ν• ν”„λ§κΈ€μ¤',0),(3130,'μ••λ„μ μΈ μκ°μΉ',0),(3131,'λ§Ήλ ¬ν• μ¤λ‹μ»¤μ¦',0),(3132,'ν¬μ² ν• κ³ λλ°¥',0),(3133,'μΉμ—΄ν• μ›¨ν•μ¤',0),(3134,'λ¬΄μν• μ¤λ¨',0),(3135,'κΈ΄λ°•ν• κ°μκΉ΅',0),(3136,'λ§Ήλ ¬ν• λΉΌλΉΌλ΅',0),(3137,'ν™•κ³ ν• κ°μκΉ΅',0),(3138,'κµ³κ±΄ν• λΉ…νμ΄',0),(3139,'μ›…μ¥ν• μ°Έν¬λμ»¤',0),(3140,'μ²μ ν• λ΅―λ°μƒλ“',0),(3141,'ν­λ°μ μΈ μƒμ°κΉ΅',0),(3142,'κΈ‰κ²©ν• κ°€λ‚νμ΄',0),(3143,'μ§€λ…ν• μ΄μ½”μΉ©μΏ ν‚¤',0),(3144,'κ·Ήμ•…ν• λ¦¬μΈ ',0),(3145,'ν—μ•…ν• μƒμ°κΉ΅',0),(3146,'λ‚ μΉ΄λ΅μ΄ μ— μ•¤μ— μ¦',0),(3147,'μ²ν•λ¬΄μ μ μ¤λ μ¤',0),(3148,'ν­μ••μ μΈ λ¦¬μΈ ',0),(3149,'κ°•μ§ν• ν™λ°λ³Ό',0),(3150,'κ²©λ ¬ν• ν¬ν…ν† μΉ©',0),(3151,'μΉλ…μ μΈ μ‚¬λΈλ ',0),(3152,'κ²©λ ¬ν• ν¬λ¦¬μ¤ν”Όλ΅¤',0),(3153,'μΉΌλ‚  κ°™μ€ μΉμ¦λ³Ό',0),(3154,'λ²”μ ‘ν•  μ μ—†λ” μΉμ¦λ³Ό',0),(3155,'λ‚ μΉ΄λ΅μ΄ μ•μƒμ°μΉ©',0),(3156,'λ€λ‹΄ν• ν‚·μΊ£',0),(3157,'λ“μ„Ό μ™€ν΄',0),(3158,'λ“μ„Ό μΏ ν¬λ‹¤μ¤',0),(3159,'μ”νΉν• κΏ€κ½λ°°κΈ°',0),(3160,'κ³Όκ°ν• μ¤μ‚¬μ―”',0),(3161,'μ°¨κ°€μ΄ κ³ λλ°¥',0),(3162,'λ¬΄μ„μ΄ λ΅―λ°μƒλ“',0),(3163,'μ²λ‘¥ κ°™μ€ μ— μ•¤μ— μ¦',0),(3164,'μ² μ €ν• μ¤μ™μΉ©',0),(3165,'λ¶ν¨μ λ¨λ‚μΉ΄',0),(3166,'λ¶ν¨μ μ¤μ‚¬μ―”',0),(3167,'ν­μ••μ μΈ μ›¨ν•μ¤',0),(3168,'μ°λ μ°¬ μ΄μ½”μ†΅μ΄',0),(3169,'μ••λ„μ μΈ μ°Έν¬λμ»¤',0),(3170,'ν¬μ² ν• μ ν¬',0),(3171,'ν­λ°μ μΈ κ°€λ‚νμ΄',0),(3172,'λ“μ„Ό λ„λ„¤λ λ„¤',0),(3173,'μ‚¬μ•…ν• ν—λ‹λ²„ν„°μΉ©',0),(3174,'λ§Ήλ ¬ν• λ²„ν„°μΏ ν‚¤',0),(3175,'νκ΄΄μ μΈ λ§μΉ΄λ΅±',0),(3176,'λ“μ„Ό λΉ μ‚­',0),(3177,'λ§Ήλ ¬ν• μ ν¬',0),(3178,'μ™„κ°•ν• μ•μƒμ°μΉ©',0),(3179,'κ΄‘ν­ν• λ§κ°€λ ›νΈ',0),(3180,'ν™•κ³ ν• λΉΌλΉΌλ΅',0),(3181,'μ€λ°€ν• μΉν† μ¤',0),(3182,'μ§‘μ”ν• μ΄μ½”μ†΅μ΄',0),(3183,'μ„λ€ν• μ–‘νλ§',0),(3184,'μ λ€μ μΈ λΉ…νμ΄',0),(3185,'κ°•λ ¬ν• μΈμ λ―Έμ¤λ‚µ',0),(3186,'λ€λ‹¨ν• μ¤λ μ¤',0),(3187,'λ¬΄ν•ν• μ¤λ¨',0),(3188,'κ°•μΈν• λ°€ν¬μΉ΄λΌλ©',0),(3189,'κΈ΄λ°•ν• μƒμ°κΉ΅',0),(3190,'λ¬΄μ μ λΉμΈ ',0),(3191,'λκ°™μ€ λΉΌλΉΌλ΅',0),(3192,'κΈ΄λ°•ν• λ¨λ‚μΉ΄',0),(3193,'μ§€λ…ν• μ¤λ‹μ»¤μ¦',0),(3194,'ν­λ°μ μΈ λ²„ν„°μ™€ν”',0),(3195,'μ² μ €ν• λ¨λ‚μΉ΄',0),(3196,'κΈ‰κ²©ν• λΉμΈ ',0),(3197,'λ¬΄μλΉ„ν• μΏ ν¬λ‹¤μ¤',0),(3198,'μ••λ„μ μΈ μ•Όμ±„νƒ€μ„',0),(3199,'ν—λ‚ν• μ‚¬λΈλ ',0),(3200,'κ°€μ°¨μ—†λ” μƒμ°κΉ΅',0),(3201,'μ² μ €ν• μ£ μ¤λ°”',0),(3202,'μ›…μ¥ν• κΌ¬κΉ”μ½',0),(3203,'λ¬΄μ„μ΄ ν•λ¦¬λ³΄',0),(3204,'λμ§κΈ΄ μ¤μ‚¬μ―”',0),(3205,'κ°•λ ¬ν• μ•Όμ±„νƒ€μ„',0),(3206,'μ²ν•λ¬΄μ μ μ¤κ°μ',0),(3207,'ν—λ‚ν• ν¬μΉ΄μΉ©',0),(3208,'λ€λ‹¨ν• μΉΈμµΈ',0),(3209,'ν¬μ² ν• μ•μƒμ°μΉ©',0),(3210,'κ΄‘ν­ν• μΏ ν¬λ‹¤μ¤',0),(3211,'μ²λ‘¥ κ°™μ€ ν—λ‹λ²„ν„°μΉ©',0),(3212,'μ² μ €ν• λ½€λ',0),(3213,'λΉν‹μ—†λ” ν¬ν…ν† μΉ©',0),(3214,'μ©λ§Ήν• λ°”λ‚λ‚ν‚¥',0),(3215,'κ²°μ—°ν• μ΄μ½”μ†΅μ΄',0),(3216,'λ§‰κ°•ν• μƒμ°κΉ΅',0),(3217,'μ€λ°€ν• ν›„λ μΉνμ΄',0),(3218,'ν­λ°μ μΈ μΏ ν¬λ‹¤μ¤',0),(3219,'νμ°¬ μκ°μΉ',0),(3220,'κ°•λ ¥ν• μ¤μ‚¬μ―”',0),(3221,'λκ°™μ€ λ΅―λ°μƒλ“',0),(3222,'λ¬΄μ‹λ¬΄μ‹ν• λ‚μµΈ',0),(3223,'μ•…λ…ν• μ•μƒμ°μΉ©',0),(3224,'λκ°™μ€ νΈμ…μ¤',0),(3225,'κ·Ήμ•…ν• λ°€ν¬μΉ΄λΌλ©',0),(3226,'μμ›ν• μΉμ¦λ³Ό',0),(3227,'λ€λ‹΄ν• μ—”μ΄',0),(3228,'μ‹ λ…μ λΉ…νμ΄',0),(3229,'νμ°¬ ν•λ¦¬λ³΄',0),(3230,'μΉμ—΄ν• ν›„λ μΉνμ΄',0),(3231,'μ••λ„μ μΈ μ—μ΄μ¤',0),(3232,'κ²°μ—°ν• μΉμ¦λ³Ό',0),(3233,'λ¬΄μ •ν• μ¤λ‹μ»¤μ¦',0),(3234,'λ¬΄ν•ν• λ°€ν¬μΉ΄λΌλ©',0),(3235,'λ¶μ‚¬μ‹ μ μ•Όμ±„νƒ€μ„',0),(3236,'κ·Ήμ•…ν• κΏ€κ½λ°°κΈ°',0),(3237,'λκ°™μ€ νλ λ΅λ΅μ‰',0),(3238,'κ°€μ°¨μ—†λ” μ— μ•¤μ— μ¦',0),(3239,'ν¬μ² ν• μ¤λ μ¤',0),(3240,'κ²°μ—°ν• νƒ±ν¬λ³΄μ΄',0),(3241,'λ¶λ³€μ λ§κ°€λ ›νΈ',0),(3242,'λ¬΄μ‡ κ°™μ€ μ ν¬',0),(3243,'λκ°™μ€ μΉΈμµΈ',0),(3244,'μ§‘μ”ν• μ•μƒμ°μΉ©',0),(3245,'μ€λ°€ν• μ¬μΉ©',0),(3246,'λ‹¨νΈν• κΏ€κ½λ°°κΈ°',0),(3247,'λ¶κ°€μΉ¨μ μΏ ν¬λ‹¤μ¤',0),(3248,'κ°•λ ¥ν• κ°€λ',0),(3249,'ν—μ¤€ν• κΌ¬κΉ”μ½',0),(3250,'λ¬΄κ±°μ΄ μ‚¬λΈλ ',0),(3251,'κ²°μ—°ν• λ²„ν„°μΏ ν‚¤',0),(3252,'κ΄‘ν­ν• μ¤κ°μ',0),(3253,'λ¬΄μ‹¬ν• μ΄μ½”νμ΄',0),(3254,'νμ°¬ μμΌλ¦¬ν†¨',0),(3255,'κ³Όκ°ν• μ΄μ½”ν•μ„',0),(3256,'κ²°μ—°ν• μΉν† μ¤',0),(3257,'μ™„κ°•ν• μ£ λ¦¬ν',0),(3258,'μ©λ§Ήν• λΉ μ‚­',0),(3259,'λΉν‹μ—†λ” μΉΈμµΈ',0),(3260,'μ΄κ°•λ ¥ν• κ°μκΉ΅',0),(3261,'μ”νΉν• ν™λ°λ³Ό',0),(3262,'λμ§κΈ΄ μ–‘νλ§',0),(3263,'μ§‘μ”ν• μ½μ΄',0),(3264,'μ”νΉν• μ¤μ™μΉ©',0),(3265,'κΈ΄λ°•ν• μ ν¬',0),(3266,'λ¶μ‚¬μ‹ μ μ°Έν¬λμ»¤',0),(3267,'μΉμ—΄ν• μ½μ΄',0),(3268,'λ¬΄μ μ μ΄μ½”μΉ©μΏ ν‚¤',0),(3269,'μΉλ…μ μΈ μ–‘νλ§',0),(3270,'μ—­λ™μ μΈ λ΅―λ°μƒλ“',0),(3271,'μ§„μ§€ν• μ¤μ™μΉ©',0),(3272,'κ²¬κ³ ν• κ°€λ‚νμ΄',0),(3273,'μμ›ν• μ¬μΉ©',0),(3274,'μ§‘μ”ν• μΏ ν¬λ‹¤μ¤',0),(3275,'κ³Όκ°ν• κµ¬κµ¬μ½',1),(3276,'κΈ‰κ²©ν• λ¨λ‚μΉ΄',0),(3277,'λΉν‹μ—†λ” λΉ μ‚­',0),(3278,'μ„λ€ν• λ§μΉ΄λ΅±',0),(3279,'μ΄μΈμ μΈ ν¬ν…ν† μΉ©',0),(3280,'κΉμ€ μ΄μ½”ν•μ„',0),(3281,'λ¬΄ν•ν• κ°€λ‚νμ΄',0),(3282,'λ¬΄κ±°μ΄ μ•μƒμ°μΉ©',0),(3283,'μ••λ„μ μΈ λ°”λ‚λ‚ν‚¥',0),(3284,'λ¬΄κ±°μ΄ λ°”λ‚λ‚ν‚¥',0),(3285,'κΈ΄λ°•ν• μΉΈμµΈ',0),(3286,'ν™•κ³ ν• μ—μ΄μ¤',0),(3287,'μ°¨κ°€μ΄ λ„λ„¤λ λ„¤',0),(3288,'λ¶κµ΄μ κ³ μ†λ―Έ',0),(3289,'λ¬΄μ‹¬ν• λ„λ„¤λ λ„¤',0),(3290,'κ³ λ…ν• μ¤λ μ¤',0),(3291,'κ²©λ ¬ν• μ¤λ‹μ»¤μ¦',0),(3292,'νκ΄΄μ μΈ κΏ€κ½λ°°κΈ°',0),(3293,'κ΄‘ν­ν• ν¬μΉ΄μΉ©',0),(3294,'λ§Ήλ ¬ν• νΈμ…μ¤',0),(3295,'λ€λ‹¨ν• μκ°μΉ',0),(3296,'ν™•κ³ ν• μΉμ¦λ³Ό',0),(3297,'μ λ€μ μΈ μ¬μΉ©',0),(3298,'ν—λ‚ν• λΉΌλΉΌλ΅',0),(3299,'μ² μ €ν• μ›¨ν•μ¤',0),(3300,'κµ³κ±΄ν• μ£ μ¤λ°”',0),(3301,'μΉμ—΄ν• μ¬μΉ©',0),(3302,'λ¬΄μλΉ„ν• μƒμ°κΉ΅',0),(3303,'κ²©λ ¬ν• νƒ±ν¬λ³΄μ΄',0),(3304,'κ²©λ ¬ν• μ•Όμ±„νƒ€μ„',0),(3305,'μ‹ λ…μ μ€λ΅λ³„',0),(3306,'μΉμ—΄ν• κΏ€κ½λ°°κΈ°',0),(3307,'κµ³κ±΄ν• μ¤κ°μ',0),(3308,'λ¬΄μ„μ΄ μ¤λ μ¤',0),(3309,'κ°•λ ¬ν• μ°Έν¬λμ»¤',0),(3310,'μ²μ ν• ν™λ°λ³Ό',0),(3311,'μ§€λ…ν• μκ°μΉ',0),(3312,'μ‚¬λ‚μ΄ μ΄μ½”μΉ©μΏ ν‚¤',0),(3313,'ν­μ••μ μΈ ν¬λ¦¬μ¤ν”Όλ΅¤',0),(3314,'μ„λ€ν• μΉ΄μ¤νƒ€λ“',0),(3315,'λ§¤μ„μ΄ λ°”λ‚λ‚ν‚¥',0),(3316,'λ§‰κ°•ν• νλ λ΅λ΅μ‰',0),(3317,'μ΄μ›”μ μΈ κµ¬κµ¬μ½',0),(3318,'μ™„κ°•ν• μΏ ν¬λ‹¤μ¤',0),(3319,'μ•”ν‘μ μ£ μ¤λ°”',0),(3320,'λ¶κµ΄μ ν¬λ¦¬μ¤ν”Όλ΅¤',0),(3321,'μ°λ μ°¬ μ¤λ‹μ»¤μ¦',0),(3322,'μ°λ μ°¬ μ—μ΄μ¤',0),(3323,'μ²ν•λ¬΄μ μ μ¬μΉ©',0),(3324,'μ²λ‘¥ κ°™μ€ μ£ μ¤λ°”',0),(3325,'κ°•μΈν• ν¬λ¦¬μ¤ν”Όλ΅¤',0),(3326,'λμ§κΈ΄ λ¦¬μΈ ',0),(3327,'κ·Ήμ•…ν• λΉ λ‹¤μ½”μ½”λ‚«',0),(3328,'ν—λ‚ν• μ›¨ν•μ¤',0),(3329,'μ²ν•λ¬΄μ μ κµ¬μ΄κ°μ',0),(3330,'λ¬΄μ„μ΄ κ°€λ‚νμ΄',0),(3331,'λ¬΄μ„μ΄ μ΄μ½”μΉ©μΏ ν‚¤',0),(3332,'λ¬΄μ‡ κ°™μ€ μΏ ν¬λ‹¤μ¤',0),(3333,'μ€λ°€ν• κ°€λ‚νμ΄',0),(3334,'μ—­λ™μ μΈ μ™€μ‚­λ°”',0),(3335,'λμ§κΈ΄ μ•μƒμ°μΉ©',0),(3336,'μΉμ—΄ν• μ¤λ‹μ»¤μ¦',0),(3337,'λ‹¨λ‹¨ν• μ›¨ν•μ¤',0),(3338,'μ§‘μ”ν• λ°€ν¬μΉ΄λΌλ©',0),(3339,'μ™„κ°•ν• μκ°μΉ',0),(3340,'μ§‘μ”ν• μ΄μ½”νμ΄',0),(3341,'ν™©ν™€ν• μ™€ν΄',0),(3342,'κ²¬κ³ ν• μ™€μ‚­λ°”',0),(3343,'μ¤‘ν›„ν• ν¬ν…ν† μΉ©',0),(3344,'λμ§κΈ΄ ν›„λ μΉνμ΄',0),(3345,'μ§€λ…ν• μ΄μ½”νμ΄',0),(3346,'κ³ λ…ν• νλ λ΅λ΅μ‰',0),(3347,'μ„λ€ν• κ°μκΉ΅',0),(3348,'ν™•κ³ ν• μ–‘νλ§',0),(3349,'κ°•λ ¬ν• κ°€λ',0),(3350,'μΉμ—΄ν• ν”„λ§κΈ€μ¤',0),(3351,'μ•”ν‘μ μ–‘νλ§',0),(3352,'λ‹Ήλ‹Ήν• μ£ μ¤λ°”',0),(3353,'ν—λ‚ν• μ΄μ½”ν•μ„',0),(3354,'μ›…μ¥ν• λΉ λ‹¤μ½”μ½”λ‚«',0),(3355,'μ•…λ…ν• ν‚·μΊ£',0),(3356,'λ¶κ°€μΉ¨μ μ€λ΅λ³„',0),(3357,'ν—μ¤€ν• λ¨λ‚μΉ΄',0),(3358,'μμ›ν• κµ¬μ΄κ°μ',0),(3359,'μ§‘μ”ν• λΉ…νμ΄',0),(3360,'μΉΌλ‚  κ°™μ€ μ‚¬λΈλ ',0),(3361,'λ¬΄ν•ν• κ³ μ†λ―Έ',0),(3362,'λ§‰κ°•ν• λ„λ„¤λ λ„¤',0),(3363,'κ°•μΈν• λ½€λ',0),(3364,'λΉ„μ¥ν• μΉμ¦λ³Ό',0),(3365,'κµ‰μ¥ν• μ¤μ™μΉ©',0),(3366,'κ΄‘ν­ν• μ£ λ¦¬ν',0),(3367,'μ••λ„μ μΈ μΉ™μ΄‰',0),(3368,'μ°λ μ°¬ μ£ λ¦¬ν',0),(3369,'λ‚ μΉ΄λ΅μ΄ μκ°μΉ',0),(3370,'λ¶ν¨μ μμΌλ¦¬ν†¨',0),(3371,'μ€λ°€ν• μ›¨ν•μ¤',0),(3372,'μμ›ν• μ΄μ½”ν•μ„',0),(3373,'λ“μ„Ό μ•μƒμ°μΉ©',0),(3374,'μ§‘μ”ν• μ™€μ‚­λ°”',0),(3375,'ν™•κ³ ν• μ΄μ½”μ†΅μ΄',0),(3376,'λ‹¨λ‹¨ν• μƒμ°κΉ΅',0),(3377,'νμ°¬ ν‚·μΊ£',0),(3378,'κ΄‘ν­ν• λΉ…νμ΄',0),(3379,'λ‹¨λ‹¨ν• ν›„λ μΉνμ΄',0),(3380,'λ¬΄μ‡ κ°™μ€ λ²„ν„°μ™€ν”',0),(3381,'κ·Ήμ•…ν• ν¬λμ»¤',0),(3382,'λ¶κµ΄μ μ¬μΉ©',0),(3383,'λ¬΄μν• λΉ…νμ΄',0),(3384,'λΉν‹μ—†λ” μμΌλ¦¬ν†¨',0),(3385,'μ„λ€ν• μΏ ν¬λ‹¤μ¤',0),(3386,'λ¶κµ΄μ μ¤λ¨',0),(3387,'λ¬΄μ μ μΏ ν¬λ‹¤μ¤',0),(3388,'κµ³κ±΄ν• κµ¬κµ¬μ½',0),(3389,'μ²λ‘¥ κ°™μ€ μ£ λ¦¬ν',0),(3390,'λ‹¨λ‹¨ν• ν¬λ¦¬μ¤ν”Όλ΅¤',0),(3391,'μ¤‘ν›„ν• μΏ ν¬λ‹¤μ¤',0),(3392,'λ¶κ°€μΉ¨μ ν™λ°λ³Ό',0),(3393,'μ›…μ¥ν• ν™λ°λ³Ό',0),(3394,'κ°•μ§ν• λ¦¬μΈ ',0),(3395,'μμ›ν• κΏ€κ½λ°°κΈ°',0),(3396,'λ€λ‹¨ν• λ§κ°€λ ›νΈ',0),(3397,'λ¬΄μ„μ΄ λΉΌλΉΌλ΅',0),(3398,'ν—λ‚ν• μμΌλ¦¬ν†¨',0),(3399,'κ°•μ§ν• μ–‘νλ§',0),(3400,'λ€λ‹¨ν• λ„λ„¤λ λ„¤',0),(3401,'λ¬΄μ •ν• κ°μκΉ΅',0),(3402,'κ°•λ ¥ν• μ›¨ν•μ¤',0),(3403,'κµ³κ±΄ν• λ΅―λ°μƒλ“',0),(3404,'μ§„μ§€ν• ν¬μΉ΄μΉ©',0),(3405,'μ™„κ°•ν• μΉ™μ΄‰',0),(3406,'λ¬΄μ„μ΄ μ£ λ¦¬ν',0),(3407,'λ¶νƒ€λ” λ½€λ',0),(3408,'μ‚¬λ‚μ΄ ν¬λμ»¤',0),(3409,'λ¬΄μ‹¬ν• ν›„λ μΉνμ΄',0),(3410,'μ•”ν‘μ μΈμ λ―Έμ¤λ‚µ',0),(3411,'λ‚ μΉ΄λ΅μ΄ μ΄μ½”μΉ©μΏ ν‚¤',0),(3412,'κΈ‰κ²©ν• κΏ€κ½λ°°κΈ°',0),(3413,'κ·Ήμ•…ν• λ§κ°€λ ›νΈ',0),(3414,'κΈ‰κ²©ν• λ½€λ',0),(3415,'μ΄κ°•λ ¥ν• μ£ λ¦¬ν',0),(3416,'λ¶μ‚¬μ‹ μ λ§μΉ΄λ΅±',0),(3417,'μ„λ€ν• μ΄μ½”νμ΄',0),(3418,'λ¬΄μ‡ κ°™μ€ μΉΈμµΈ',0),(3419,'νμ°¬ λΉΌλΉΌλ΅',0),(3420,'μ΄κ°•λ ¥ν• μ¤λ‹μ»¤μ¦',0),(3421,'μΉμ—΄ν• λ°€ν¬μΉ΄λΌλ©',0),(3422,'λ²”μ ‘ν•  μ μ—†λ” μ΄μ½”ν•μ„',0),(3423,'μ‚¬μ•…ν• μ£ λ¦¬ν',0),(3424,'ν—μ•…ν• μ¤λ μ¤',0),(3425,'ν¬μ² ν• μ΄μ½”μΉ©μΏ ν‚¤',0),(3426,'λ¬΄μ‹λ¬΄μ‹ν• λ„λ„¤λ λ„¤',0),(3427,'μΉμ—΄ν• μ—μ΄μ¤',0),(3428,'λΉν‹μ—†λ” λΉΌλΉΌλ΅',0),(3429,'μ΄κ°•λ ¥ν• μμΌλ¦¬ν†¨',0),(3430,'λ¶κ°€μΉ¨μ λ΅―λ°μƒλ“',0),(3431,'λ€λ‹΄ν• μ™€μ‚­λ°”',0),(3432,'λ€λ‹΄ν• λ„λ„¤λ λ„¤',0),(3433,'κ²¬κ³ ν• μμΌλ¦¬ν†¨',0),(3434,'ν¬μ² ν• μ•Όμ±„νƒ€μ„',0),(3435,'μ§‘μ”ν• ν•λ¦¬λ³΄',0),(3436,'λ²”μ ‘ν•  μ μ—†λ” μ—μ΄μ¤',0),(3437,'λ‹¨νΈν• μΉ™μ΄‰',0),(3438,'λμ—†λ” κΌ¬κΉ”μ½',0),(3439,'λ¬΄μ‹¬ν• μΉΈμµΈ',0),(3440,'λμ—†λ” μ™€ν΄',0),(3441,'λ€λ‹¨ν• μΉν† μ¤',0),(3442,'μ‚¬λ‚μ΄ μ¬μΉ©',0),(3443,'μ €λμ μΈ μ‚¬λΈλ ',0),(3444,'λ‹¨νΈν• κ°μκΉ΅',0),(3445,'ν—μ¤€ν• μ—”μ΄',0),(3446,'κ΄‘ν­ν• μ•Όμ±„νƒ€μ„',0),(3447,'λ§‰κ°•ν• μ ν¬',0),(3448,'κ²¬κ³ ν• μ¤λ‹μ»¤μ¦',0),(3449,'ν™©ν™€ν• κ°€λ‚νμ΄',0),(3450,'μ•…λ…ν• λ§μΉ΄λ΅±',0),(3451,'κ³Όκ°ν• μΉΈμµΈ',0),(3452,'μΉΌλ‚  κ°™μ€ μ¬μΉ©',0),(3453,'μ²λ‘¥ κ°™μ€ λ½€λ',0),(3454,'μ €λμ μΈ μ¤μ‚¬μ―”',0),(3455,'λ¬΄μλΉ„ν• μ¬μΉ©',0),(3456,'ν—μ•…ν• κΏ€κ½λ°°κΈ°',0),(3457,'λ¬΄μλΉ„ν• ν—λ‹λ²„ν„°μΉ©',0),(3458,'μ•”ν‘μ μ ν¬',0),(3459,'κµ³κ±΄ν• μμΌλ¦¬ν†¨',0),(3460,'ν­μ••μ μΈ κ³ λλ°¥',0),(3461,'μ§‘μ”ν• λΉΌλΉΌλ΅',0),(3462,'κΈ΄λ°•ν• ν•λ¦¬λ³΄',0),(3463,'λ‹¨λ‹¨ν• λ½€λ',0),(3464,'κ°•μΈν• μΉν† μ¤',0),(3465,'μ›…μ¥ν• ν›„λ μΉνμ΄',0),(3466,'λ§‰κ°•ν• μ¤λ‹μ»¤μ¦',0),(3467,'μ‹ λ…μ ν•λ¦¬λ³΄',0),(3468,'λ¬΄μ μ ν”„λ§κΈ€μ¤',0),(3469,'ν—μ¤€ν• ν¬λ¦¬μ¤ν”Όλ΅¤',0),(3470,'λ¶νƒ€λ” μ›¨ν•μ¤',0),(3471,'λ¶λ³€μ λ¨λ‚μΉ΄',0),(3472,'κΈ΄λ°•ν• μ΄μ½”νμ΄',0),(3473,'κ²©λ ¬ν• κΌ¬κΉ”μ½',0),(3474,'μ΄μΈμ μΈ μ£ λ¦¬ν',0),(3475,'κµ‰μ¥ν• λ²„ν„°μΏ ν‚¤',0),(3476,'κ°•μ§ν• κΏ€κ½λ°°κΈ°',0),(3477,'μ‹ λ…μ μƒμ°κΉ΅',0),(3478,'μΉΌλ‚  κ°™μ€ λΉ…νμ΄',0),(3479,'μ”νΉν• λΉ μ‚­',0),(3480,'κ·Ήμ•…ν• μ€λ΅λ³„',0),(3481,'μΉμ—΄ν• λ°”λ‚λ‚ν‚¥',0),(3482,'λ€λ‹΄ν• λΉ μ‚­',0),(3483,'μ©λ§Ήν• ν•λ¦¬λ³΄',0),(3484,'λ‹¨λ‹¨ν• κΌ¬κΉ”μ½',0),(3485,'λ¶λ³€μ μ•Όμ±„νƒ€μ„',0),(3486,'κ°€νΉν• μΈμ λ―Έμ¤λ‚µ',0),(3487,'μ² μ €ν• μ•μƒμ°μΉ©',0),(3488,'μ΄κ°•λ ¥ν• ν¬λμ»¤',0),(3489,'λ¶μ‚¬μ‹ μ λΉμΈ ',0),(3490,'λ¬΄ν•ν• μ¤κ°μ',0),(3491,'λ¬΄μ μ μ‚¬λΈλ ',0),(3492,'μΉΌλ‚  κ°™μ€ μ—μ΄μ¤',0),(3493,'μ§„μ§€ν• μ΄μ½”ν•μ„',0),(3494,'μ•…λ…ν• μ¤λ¨',0),(3495,'νκ΄΄μ μΈ μ—”μ΄',0),(3496,'κΉμ€ ν¬λ°ν‚¤',0),(3497,'μΉλ…μ μΈ μ½μ΄',0),(3498,'λ§‰κ°•ν• μ£ λ¦¬ν',0),(3499,'μ΄μΈμ μΈ ν›„λ μΉνμ΄',0),(3500,'μ™„κ°•ν• μ΄μ½”νμ΄',0),(3501,'μ§„μ§€ν• κ³ λλ°¥',0),(3502,'λ¬΄μ •ν• λ‚μµΈ',0),(3503,'μ„λ€ν• μ΄μ½”μ†΅μ΄',0),(3504,'κ°•λ ¬ν• λ²„ν„°μΏ ν‚¤',0),(3505,'λκ°™μ€ μΉν† μ¤',0),(3506,'λ¬΄ν•ν• λΉ λ‹¤μ½”μ½”λ‚«',0),(3507,'λ¶νƒ€λ” μΉν† μ¤',0),(3508,'μ—­λ™μ μΈ λ„λ„¤λ λ„¤',0),(3509,'μ λ€μ μΈ ν¬μΉ΄μΉ©',0),(3510,'λ²”μ ‘ν•  μ μ—†λ” λ¦¬μΈ ',0),(3511,'λ¬΄ν•ν• λ§κ°€λ ›νΈ',0),(3512,'μ©λ§Ήν• λ¨λ‚μΉ΄',0),(3513,'κ°€μ°¨μ—†λ” λ¦¬μΈ ',0),(3514,'κ²©λ ¬ν• νλ λ΅λ΅μ‰',0),(3515,'λ¬΄μ‹¬ν• μ‚¬λΈλ ',0),(3516,'ν­λ°μ μΈ μ— μ•¤μ— μ¦',0),(3517,'μΉΌλ‚  κ°™μ€ μ¤μ‚¬μ―”',0),(3518,'μ€λ°€ν• μ£ λ¦¬ν',0),(3519,'μ•…λ…ν• μΏ ν¬λ‹¤μ¤',0),(3520,'κ°€μ°¨μ—†λ” μ™€μ‚­λ°”',0),(3521,'μ›…μ¥ν• κµ¬κµ¬μ½',0),(3522,'νκ΄΄μ μΈ ν”„λ§κΈ€μ¤',0),(3523,'λ¶λ³€μ μ¤λ μ¤',0),(3524,'μμ›ν• ν¬λ°ν‚¤',0),(3525,'μ‚¬λ‚μ΄ μ•μƒμ°μΉ©',0),(3526,'λΉ„μ¥ν• κΌ¬κΉ”μ½',0),(3527,'κ²¬κ³ ν• κ³ λλ°¥',0),(3528,'μ λ€μ μΈ μκ°μΉ',0),(3529,'λμ§κΈ΄ μ¤μ™μΉ©',0),(3530,'λ‹¨νΈν• μΉΈμµΈ',0),(3531,'μ§€λ…ν• λ‚μµΈ',0),(3532,'κ°•μ§ν• μμΌλ¦¬ν†¨',0),(3533,'λ¬΄μ μ ν•λ¦¬λ³΄',0),(3534,'λ¬΄κ±°μ΄ λ§μΉ΄λ΅±',0),(3535,'λ¶λ³€μ μκ°μΉ',0),(3536,'νκ΄΄μ μΈ μμΌλ¦¬ν†¨',0),(3537,'λ¶λ³€μ μ— μ•¤μ— μ¦',0),(3538,'νκ΄΄μ μΈ μ£ μ¤λ°”',0),(3539,'κ΄‘ν­ν• λ°”λ‚λ‚ν‚¥',0),(3540,'μΉλ…μ μΈ ν”„λ§κΈ€μ¤',0),(3541,'μ°λ μ°¬ λ¦¬μΈ ',0),(3542,'κ²¬κ³ ν• μΉ™μ΄‰',0),(3543,'μ©λ§Ήν• ν—λ‹λ²„ν„°μΉ©',0),(3544,'λ¶μ‚¬μ‹ μ μΉ™μ΄‰',0),(3545,'ν¬μ² ν• κµ¬μ΄κ°μ',0),(3546,'λ²”μ ‘ν•  μ μ—†λ” μ–‘νλ§',0),(3547,'κ΄‘ν­ν• μ—μ΄μ¤',0),(3548,'κµ‰μ¥ν• κ°€λ',0),(3549,'λ¶μ‚¬μ‹ μ μΉν† μ¤',0),(3550,'λ¬΄μ‡ κ°™μ€ μ–‘νλ§',0),(3551,'μ€λ°€ν• λ¨λ‚μΉ΄',0),(3552,'μ‚¬μ•…ν• νΈμ…μ¤',0),(3553,'μ°λ μ°¬ λΉ λ‹¤μ½”μ½”λ‚«',0),(3554,'μ²λ‘¥ κ°™μ€ μ¤μ™μΉ©',0),(3555,'μ™„κ°•ν• μ€λ΅λ³„',0),(3556,'μ‹ λ…μ μ–‘νλ§',0),(3557,'λ¬΄μν• μ£ λ¦¬ν',0),(3558,'κΉμ€ μ•Όμ±„νƒ€μ„',0),(3559,'κ²¬κ³ ν• μ¤λ¨',0),(3560,'λ¬΄μν• μ΄μ½”νμ΄',0),(3561,'μ™„κ°•ν• μ°Έν¬λμ»¤',0),(3562,'κµ³κ±΄ν• κ³ λλ°¥',0),(3563,'μ€λ°€ν• μμΌλ¦¬ν†¨',0),(3564,'μ•”ν‘μ μƒμ°κΉ΅',0),(3565,'κ°•λ ¥ν• μ½μ΄',0),(3566,'ν—μ•…ν• μ£ μ¤λ°”',0),(3567,'ν¬μ² ν• ν¬λμ»¤',0),(3568,'μΉλ…μ μΈ μΉΈμµΈ',0),(3569,'μ°λ μ°¬ νƒ±ν¬λ³΄μ΄',0),(3570,'μ‚¬μ•…ν• λΉ λ‹¤μ½”μ½”λ‚«',0),(3571,'κ°•λ ¬ν• λΉ…νμ΄',0),(3572,'μ‚¬μ•…ν• μ¤κ°μ',0),(3573,'μ™„κ°•ν• μ¤λ‹μ»¤μ¦',0),(3574,'κ²©λ ¬ν• μ½μ΄',0),(3575,'λμ—†λ” μ•Όμ±„νƒ€μ„',0),(3576,'λ¬΄μλΉ„ν• λ§μΉ΄λ΅±',0),(3577,'μ°λ μ°¬ μ‚¬λΈλ ',0),(3578,'μ‹ λ…μ μΉν† μ¤',0),(3579,'κ³ λ…ν• ν¬ν…ν† μΉ©',0),(3580,'λ‹¨νΈν• μΈμ λ―Έμ¤λ‚µ',0),(3581,'λ¬΄μ‹λ¬΄μ‹ν• νλ λ΅λ΅μ‰',0),(3582,'κµ³κ±΄ν• μ—μ΄μ¤',0),(3583,'μ§‘μ”ν• κ³ μ†λ―Έ',0),(3584,'λ¶λ³€μ κ³ λλ°¥',0),(3585,'μ‹ λ…μ μμΌλ¦¬ν†¨',0),(3586,'λ¬΄μ μ κ°€λ‚νμ΄',0),(3587,'κ°€νΉν• κµ¬μ΄κ°μ',0),(3588,'λ§¤μ„μ΄ ν™λ°λ³Ό',0),(3589,'κ°•λ ¥ν• ν™λ°λ³Ό',0),(3590,'μ²ν•λ¬΄μ μ λ²„ν„°μ™€ν”',0),(3591,'μ§„μ§€ν• μΉ΄μ¤νƒ€λ“',0),(3592,'ν—λ‚ν• λΉ…νμ΄',0),(3593,'μ² μ €ν• λ°€ν¬μΉ΄λΌλ©',0),(3594,'ν™•κ³ ν• μ•μƒμ°μΉ©',0),(3595,'λ¬΄μ„μ΄ λ²„ν„°μ™€ν”',0),(3596,'μ‚¬λ‚μ΄ μ¤μ‚¬μ―”',0),(3597,'λ§Ήλ ¬ν• μ¤λ¨',0),(3598,'λ‹Ήλ‹Ήν• ν¬ν…ν† μΉ©',0),(3599,'μ§„μ§€ν• μ‚¬λΈλ ',0),(3600,'λμ—†λ” κ°μκΉ΅',0),(3601,'μμ›ν• μ¤μ‚¬μ―”',0),(3602,'λ§¤μ„μ΄ μ¤μ‚¬μ―”',0),(3603,'ν­μ••μ μΈ μ ν¬',0),(3604,'λ¶νƒ€λ” λ¨λ‚μΉ΄',0),(3605,'λκ°™μ€ μ™€ν΄',0),(3606,'λ€λ‹¨ν• μμΌλ¦¬ν†¨',0),(3607,'μ—­λ™μ μΈ μ¤μ‚¬μ―”',0),(3608,'μ‚¬λ‚μ΄ λ§μΉ΄λ΅±',0),(3609,'λ¬΄μ •ν• ν‚·μΊ£',0),(3610,'λ¬΄μ •ν• μΉν† μ¤',0),(3611,'μ΄μΈμ μΈ μ¬μΉ©',0),(3612,'λ¬΄μλΉ„ν• ν”„λ§κΈ€μ¤',0),(3613,'ν­μ••μ μΈ κΏ€κ½λ°°κΈ°',0),(3614,'κµ‰μ¥ν• μ€λ΅λ³„',0),(3615,'μ§‘μ”ν• μΉμ¦λ³Ό',0),(3616,'κ²¬κ³ ν• μ—”μ΄',0),(3617,'κ°•λ ¥ν• μΉΈμµΈ',0),(3618,'νκ΄΄μ μΈ ν•λ¦¬λ³΄',0),(3619,'μΉλ…μ μΈ μ•μƒμ°μΉ©',0),(3620,'κ·Ήμ•…ν• μ¤μ™μΉ©',0),(3621,'κΈ΄λ°•ν• μ΄μ½”μ†΅μ΄',0),(3622,'κ΄‘ν­ν• μ€λ΅λ³„',0),(3623,'λ§‰κ°•ν• λ΅―λ°μƒλ“',0),(3624,'λ¬΄μν• λ²„ν„°μ™€ν”',0),(3625,'λ¶ν¨μ μΉμ¦λ³Ό',0),(3626,'μ²ν•λ¬΄μ μ λΉ…νμ΄',0),(3627,'λ€λ‹΄ν• λ¦¬μΈ ',0),(3628,'λ§‰κ°•ν• ν‚·μΊ£',0),(3629,'μ² μ €ν• μ£ λ¦¬ν',0),(3630,'λ²”μ ‘ν•  μ μ—†λ” ν‚·μΊ£',0),(3631,'κ³Όκ°ν• μΉ΄μ¤νƒ€λ“',0),(3632,'λ¬΄μ„μ΄ μ°Έν¬λμ»¤',0),(3633,'μ²λ‘¥ κ°™μ€ μ¤λ‹μ»¤μ¦',0),(3634,'κ²°μ—°ν• μ™€ν΄',0),(3635,'λ¶λ³€μ λ‚μµΈ',0),(3636,'μμ›ν• μ£ λ¦¬ν',0),(3637,'κΈ‰κ²©ν• λ§μΉ΄λ΅±',0),(3638,'λ§Ήλ ¬ν• λ¨λ‚μΉ΄',0),(3639,'λ¶νƒ€λ” ν¬λμ»¤',0),(3640,'μ²λ‘¥ κ°™μ€ λΉμΈ ',0),(3641,'μΉλ…μ μΈ μ™€ν΄',0),(3642,'λ¶λ³€μ ν¬λ°ν‚¤',0),(3643,'ν—μ•…ν• μΏ ν¬λ‹¤μ¤',0),(3644,'λ¬΄μ‹λ¬΄μ‹ν• μ½μ΄',0),(3645,'μ²ν•λ¬΄μ μ μ΄μ½”μΉ©μΏ ν‚¤',0),(3646,'μ λ€μ μΈ ν•λ¦¬λ³΄',0),(3647,'ν™•κ³ ν• λ²„ν„°μ™€ν”',0),(3648,'λμ—†λ” μ–‘νλ§',0),(3649,'κΉμ€ ν”„λ§κΈ€μ¤',0),(3650,'λμ—†λ” ν¬ν…ν† μΉ©',0),(3651,'λκ°™μ€ μ΄μ½”νμ΄',0),(3652,'ν—μ•…ν• ν•λ¦¬λ³΄',0),(3653,'μ¤‘ν›„ν• μ¤μ™μΉ©',0),(3654,'λ¶κ°€μΉ¨μ μΉ™μ΄‰',0),(3655,'μ•”ν‘μ κΌ¬κΉ”μ½',0),(3656,'κ·Ήμ•…ν• μ•Όμ±„νƒ€μ„',0),(3657,'λ¶λ³€μ κ°€λ',0),(3658,'μ••λ„μ μΈ μ΄μ½”μΉ©μΏ ν‚¤',0),(3659,'κ²°μ—°ν• λ¦¬μΈ ',0),(3660,'κ·Ήμ•…ν• ν¬μΉ΄μΉ©',0),(3661,'λ¶κµ΄μ λ§μΉ΄λ΅±',0),(3662,'μ••λ„μ μΈ λ²„ν„°μΏ ν‚¤',0),(3663,'λμ§κΈ΄ λ§μΉ΄λ΅±',0),(3664,'λ€λ‹¨ν• μ•μƒμ°μΉ©',0),(3665,'λ²”μ ‘ν•  μ μ—†λ” λΉ λ‹¤μ½”μ½”λ‚«',0),(3666,'λ“μ„Ό κµ¬κµ¬μ½',0),(3667,'μμ›ν• μκ°μΉ',0),(3668,'λ¬΄ν•ν• λ¨λ‚μΉ΄',0),(3669,'κ³ λ…ν• νƒ±ν¬λ³΄μ΄',0),(3670,'κΈ΄λ°•ν• λ§μΉ΄λ΅±',0),(3671,'λ¬΄μ„μ΄ μ™€μ‚­λ°”',0),(3672,'μ™„κ°•ν• μƒμ°κΉ΅',0),(3673,'ν—μ•…ν• μ¤λ‹μ»¤μ¦',0),(3674,'λ‹Ήλ‹Ήν• λ§κ°€λ ›νΈ',0),(3675,'μΉμ—΄ν• ν‚·μΊ£',0),(3676,'λ¬΄μ„μ΄ κµ¬μ΄κ°μ',0),(3677,'λΉν‹μ—†λ” ν™λ°λ³Ό',0),(3678,'μ¤‘ν›„ν• μ°Έν¬λμ»¤',0),(3679,'λΉ„μ¥ν• μμΌλ¦¬ν†¨',0),(3680,'λ‹¨λ‹¨ν• ν‚·μΊ£',0),(3681,'λ¬΄μ„μ΄ κ°€λ',0),(3682,'ν­μ••μ μΈ λ½€λ',0),(3683,'κ°•μ§ν• κ°€λ‚νμ΄',0),(3684,'μ΄μΈμ μΈ λ½€λ',0),(3685,'κ²¬κ³ ν• μκ°μΉ',0),(3686,'μ΄κ°•λ ¥ν• ν¬λ°ν‚¤',0),(3687,'μ”νΉν• λ²„ν„°μΏ ν‚¤',0),(3688,'λ‹Ήλ‹Ήν• λΉ λ‹¤μ½”μ½”λ‚«',0),(3689,'μμ›ν• μΉΈμµΈ',0),(3690,'μ΄μ›”μ μΈ μ£ λ¦¬ν',0),(3691,'λ¶κµ΄μ μ‚¬λΈλ ',0),(3692,'μ••λ„μ μΈ κΌ¬κΉ”μ½',0),(3693,'μ§‘μ”ν• λ‚μµΈ',0),(3694,'λ€λ‹΄ν• μμΌλ¦¬ν†¨',0),(3695,'μ°λ μ°¬ μΈμ λ―Έμ¤λ‚µ',0),(3696,'μ‚¬λ‚μ΄ μ½μ΄',0),(3697,'λ‹¨νΈν• μ™€ν΄',0),(3698,'μ λ€μ μΈ λ°”λ‚λ‚ν‚¥',0),(3699,'λ‹¨λ‹¨ν• μ΄μ½”ν•μ„',0),(3700,'λ¶ν¨μ λΉ μ‚­',0),(3701,'λ¬΄κ±°μ΄ λ°€ν¬μΉ΄λΌλ©',0),(3702,'μ›…μ¥ν• λ§κ°€λ ›νΈ',0),(3703,'κ²°μ—°ν• κ°€λ‚νμ΄',0),(3704,'λΉν‹μ—†λ” λ§μΉ΄λ΅±',0),(3705,'μΉμ—΄ν• μ¤λ¨',0),(3706,'λ¶νƒ€λ” μ•Όμ±„νƒ€μ„',0),(3707,'ν™•κ³ ν• μμΌλ¦¬ν†¨',0),(3708,'μ••λ„μ μΈ μ¬μΉ©',0),(3709,'μ„λ€ν• ν›„λ μΉνμ΄',0),(3710,'λ¶κ°€μΉ¨μ λ²„ν„°μ™€ν”',0),(3711,'λ¬΄μν• μ΄μ½”μ†΅μ΄',0),(3712,'λ§¤μ„μ΄ κµ¬μ΄κ°μ',0),(3713,'λ¬΄μ μ νΈμ…μ¤',0),(3714,'μ›…μ¥ν• νƒ±ν¬λ³΄μ΄',0),(3715,'μ©λ§Ήν• μ™€ν΄',0),(3716,'λ¬΄ν•ν• μ›¨ν•μ¤',0),(3717,'λ¬΄μ‹¬ν• κ°€λ‚νμ΄',0),(3718,'κ°•μΈν• κ°€λ',0),(3719,'μ•”ν‘μ μ΄μ½”ν•μ„',0),(3720,'κ²©λ ¬ν• μ΄μ½”νμ΄',0),(3721,'λ€λ‹΄ν• λΉ…νμ΄',0),(3722,'μ”νΉν• λ°€ν¬μΉ΄λΌλ©',0),(3723,'κΉμ€ κ°€λ‚νμ΄',0),(3724,'μ‹ λ…μ μ¤μ™μΉ©',0),(3725,'μ €λμ μΈ μΈμ λ―Έμ¤λ‚µ',0),(3726,'κ°•λ ¥ν• μ–‘νλ§',0),(3727,'κ²¬κ³ ν• κΌ¬κΉ”μ½',0),(3728,'λ‹¨νΈν• λ²„ν„°μ™€ν”',0),(3729,'λ¬΄μ‹¬ν• λ΅―λ°μƒλ“',0),(3730,'μ΄κ°•λ ¥ν• νλ λ΅λ΅μ‰',0),(3731,'κΈ΄λ°•ν• κ°€λ',0),(3732,'λ‹¨νΈν• μ£ λ¦¬ν',0),(3733,'λΉν‹μ—†λ” μ΄μ½”νμ΄',0),(3734,'μ‹ λ…μ μ•μƒμ°μΉ©',0),(3735,'λ¬΄μ„μ΄ μΉΈμµΈ',0),(3736,'μ°¨κ°€μ΄ μΉ™μ΄‰',0),(3737,'ν­λ°μ μΈ λ°”λ‚λ‚ν‚¥',0),(3738,'μ΄κ°•λ ¥ν• κµ¬κµ¬μ½',0),(3739,'ν­λ°μ μΈ λ΅―λ°μƒλ“',0),(3740,'μΉμ—΄ν• κ³ λλ°¥',0),(3741,'ν—μ¤€ν• λ°€ν¬μΉ΄λΌλ©',0),(3742,'ν­λ°μ μΈ λ¦¬μΈ ',0),(3743,'μ²ν•λ¬΄μ μ νλ λ΅λ΅μ‰',0),(3744,'λ²”μ ‘ν•  μ μ—†λ” μ ν¬',0),(3745,'λ‚ μΉ΄λ΅μ΄ κ°€λ‚νμ΄',0),(3746,'λ¶κ°€μΉ¨μ ν—λ‹λ²„ν„°μΉ©',0),(3747,'κ²©λ ¬ν• μ£ μ¤λ°”',0),(3748,'ν­μ••μ μΈ λ²„ν„°μΏ ν‚¤',0),(3749,'λ§‰κ°•ν• μ½μ΄',0),(3750,'ν¬μ² ν• λΉ…νμ΄',0),(3751,'μ—­λ™μ μΈ μƒμ°κΉ΅',0),(3752,'λμ—†λ” λ¦¬μΈ ',0),(3753,'κ°€νΉν• μ°Έν¬λμ»¤',0),(3754,'ν—μ•…ν• λΉ μ‚­',0),(3755,'νκ΄΄μ μΈ λ¨λ‚μΉ΄',0),(3756,'μ•”ν‘μ μ¤κ°μ',0),(3757,'κ°•μ§ν• ν•λ¦¬λ³΄',0),(3758,'λκ°™μ€ λ¨λ‚μΉ΄',0),(3759,'μ²μ ν• μ ν¬',0),(3760,'μ°¨κ°€μ΄ νΈμ…μ¤',0),(3761,'λ€λ‹¨ν• λ°€ν¬μΉ΄λΌλ©',0),(3762,'λ¶κ°€μΉ¨μ λ‚μµΈ',0),(3763,'μ›…μ¥ν• μ¤κ°μ',0),(3764,'λ¬΄μ‡ κ°™μ€ μΉμ¦λ³Ό',0),(3765,'λ‹¨λ‹¨ν• μ΄μ½”μΉ©μΏ ν‚¤',0),(3766,'μ›…μ¥ν• μ‚¬λΈλ ',0),(3767,'κµ³κ±΄ν• μ ν¬',0),(3768,'μ€λ°€ν• μ΄μ½”νμ΄',0),(3769,'λ¶κ°€μΉ¨μ λ§κ°€λ ›νΈ',0),(3770,'λ¬΄κ±°μ΄ μ¤λ μ¤',0),(3771,'μ‚¬λ‚μ΄ λΉ λ‹¤μ½”μ½”λ‚«',0),(3772,'μ²λ‘¥ κ°™μ€ κΏ€κ½λ°°κΈ°',0),(3773,'ν™•κ³ ν• ν‚·μΊ£',0),(3774,'μ°¨κ°€μ΄ ν”„λ§κΈ€μ¤',0),(3775,'μ² μ €ν• μ¤λ¨',0),(3776,'κ΄‘ν­ν• ν¬ν…ν† μΉ©',0),(3777,'κ³Όκ°ν• ν™λ°λ³Ό',0),(3778,'λ¬΄μ„μ΄ λ²„ν„°μΏ ν‚¤',0),(3779,'κΉμ€ λΉ…νμ΄',0),(3780,'μ¤‘ν›„ν• μ΄μ½”ν•μ„',0),(3781,'μ΄μ›”μ μΈ κΏ€κ½λ°°κΈ°',0),(3782,'μ²ν•λ¬΄μ μ κ°€λ‚νμ΄',0),(3783,'μ„λ€ν• μ£ λ¦¬ν',0),(3784,'μ•”ν‘μ μ•Όμ±„νƒ€μ„',0),(3785,'λ‹Ήλ‹Ήν• κΌ¬κΉ”μ½',0),(3786,'λ¬΄μ μ κΏ€κ½λ°°κΈ°',0),(3787,'κΈ‰κ²©ν• μ½μ΄',0),(3788,'λΉν‹μ—†λ” μ¤κ°μ',0),(3789,'μ €λμ μΈ μ•μƒμ°μΉ©',0),(3790,'νμ°¬ κΏ€κ½λ°°κΈ°',0),(3791,'λ¶ν¨μ μκ°μΉ',0),(3792,'λ‹¨λ‹¨ν• ν¬ν…ν† μΉ©',0),(3793,'ν­λ°μ μΈ μ΄μ½”νμ΄',0),(3794,'μ‚¬λ‚μ΄ μ¤λ μ¤',0),(3795,'κ³Όκ°ν• λ§κ°€λ ›νΈ',0),(3796,'ν¬μ² ν• μ΄μ½”νμ΄',0),(3797,'μ•”ν‘μ λΉ λ‹¤μ½”μ½”λ‚«',0),(3798,'μ°¨κ°€μ΄ νƒ±ν¬λ³΄μ΄',0),(3799,'λκ°™μ€ ν—λ‹λ²„ν„°μΉ©',0),(3800,'κ°€νΉν• μ›¨ν•μ¤',0),(3801,'κΉμ€ μ¬μΉ©',0),(3802,'μ‹ λ…μ ν—λ‹λ²„ν„°μΉ©',0),(3803,'κµ³κ±΄ν• μ½μ΄',0),(3804,'μ°¨κ°€μ΄ λΉ λ‹¤μ½”μ½”λ‚«',0),(3805,'μΉλ…μ μΈ μ΄μ½”μΉ©μΏ ν‚¤',0),(3806,'κ°•λ ¥ν• μ¤μ™μΉ©',0),(3807,'κ²©λ ¬ν• μμΌλ¦¬ν†¨',0),(3808,'λ¶μ‚¬μ‹ μ ν‚·μΊ£',0),(3809,'ν—μ¤€ν• λ‚μµΈ',0),(3810,'κµ‰μ¥ν• μ•μƒμ°μΉ©',0),(3811,'μ”νΉν• ν•λ¦¬λ³΄',0),(3812,'μ‹ λ…μ μ£ λ¦¬ν',0),(3813,'λ¶νƒ€λ” κ°€λ',0),(3814,'μμ›ν• ν‚·μΊ£',0),(3815,'κ°€νΉν• ν—λ‹λ²„ν„°μΉ©',0),(3816,'λΉ„μ¥ν• λ°€ν¬μΉ΄λΌλ©',0),(3817,'λ§¤μ„μ΄ λ²„ν„°μΏ ν‚¤',0),(3818,'κ°€μ°¨μ—†λ” μΏ ν¬λ‹¤μ¤',0),(3819,'μ•…λ…ν• κ³ λλ°¥',0),(3820,'κ²°μ—°ν• νΈμ…μ¤',0),(3821,'μ‹ λ…μ μ¤λ μ¤',0),(3822,'μ΄κ°•λ ¥ν• ν›„λ μΉνμ΄',0),(3823,'λ¶λ³€μ ν—λ‹λ²„ν„°μΉ©',0),(3824,'λκ°™μ€ λ°”λ‚λ‚ν‚¥',0),(3825,'κ°€μ°¨μ—†λ” λ°”λ‚λ‚ν‚¥',0),(3826,'μ•”ν‘μ μ—”μ΄',0),(3827,'κµ³κ±΄ν• ν¬ν…ν† μΉ©',0),(3828,'λ¬΄μλΉ„ν• ν‚·μΊ£',0),(3829,'κΈ΄λ°•ν• μ¤λ μ¤',0),(3830,'μΉΌλ‚  κ°™μ€ λ°”λ‚λ‚ν‚¥',0),(3831,'μΉμ—΄ν• μΉν† μ¤',0),(3832,'μ²λ‘¥ κ°™μ€ λ¦¬μΈ ',0),(3833,'μ λ€μ μΈ λ§μΉ΄λ΅±',0),(3834,'κΉμ€ ν¬ν…ν† μΉ©',0),(3835,'κ°€μ°¨μ—†λ” λ°€ν¬μΉ΄λΌλ©',0),(3836,'ν™©ν™€ν• μ£ μ¤λ°”',0),(3837,'λ¬΄μ‹λ¬΄μ‹ν• κµ¬κµ¬μ½',0),(3838,'μ°λ μ°¬ μ™€μ‚­λ°”',0),(3839,'μ•”ν‘μ μ¤λ¨',0),(3840,'μ΄μΈμ μΈ μ¤λ‹μ»¤μ¦',0),(3841,'λ‹Ήλ‹Ήν• λ§μΉ΄λ΅±',0),(3842,'λ¶μ‚¬μ‹ μ μ΄μ½”ν•μ„',0),(3843,'κ³Όκ°ν• λ¦¬μΈ ',0),(3844,'μ•…λ…ν• μ¤λ μ¤',0),(3845,'μ„λ€ν• ν•λ¦¬λ³΄',0),(3846,'ν­μ••μ μΈ ν™λ°λ³Ό',0),(3847,'λ¬΄μ‡ κ°™μ€ μ•μƒμ°μΉ©',0),(3848,'μ €λμ μΈ ν—λ‹λ²„ν„°μΉ©',0),(3849,'λ²”μ ‘ν•  μ μ—†λ” λ§μΉ΄λ΅±',0),(3850,'μΉλ…μ μΈ μ€λ΅λ³„',0),(3851,'μΉμ—΄ν• νλ λ΅λ΅μ‰',0),(3852,'μ°¨κ°€μ΄ μ ν¬',0),(3853,'μ§€λ…ν• μΉ΄μ¤νƒ€λ“',0),(3854,'μ„λ€ν• μΈμ λ―Έμ¤λ‚µ',0),(3855,'κΈ΄λ°•ν• μΏ ν¬λ‹¤μ¤',0),(3856,'κ°•μ§ν• μΉ™μ΄‰',0),(3857,'μΉμ—΄ν• λΉΌλΉΌλ΅',0),(3858,'κΉμ€ κΌ¬κΉ”μ½',0),(3859,'μ²λ‘¥ κ°™μ€ μμΌλ¦¬ν†¨',0),(3860,'λ‚ μΉ΄λ΅μ΄ ν”„λ§κΈ€μ¤',0),(3861,'λ€λ‹¨ν• λ²„ν„°μ™€ν”',0),(3862,'λ¬΄μ μ μ™€μ‚­λ°”',0),(3863,'μ΄μ›”μ μΈ μ¤λ¨',0),(3864,'μ°¨κ°€μ΄ μ›¨ν•μ¤',0),(3865,'λ¬΄μ •ν• ν™λ°λ³Ό',0),(3866,'λ¬΄κ±°μ΄ ν¬λμ»¤',0),(3867,'λ§¤μ„μ΄ ν›„λ μΉνμ΄',0),(3868,'μ² μ €ν• λ²„ν„°μ™€ν”',0),(3869,'μ΄μΈμ μΈ νλ λ΅λ΅μ‰',0),(3870,'λ¶ν¨μ μ£ λ¦¬ν',0),(3871,'λκ°™μ€ μ™€μ‚­λ°”',0),(3872,'κ°€μ°¨μ—†λ” ν—λ‹λ²„ν„°μΉ©',0),(3873,'ν¬μ² ν• λ§κ°€λ ›νΈ',0),(3874,'κΈ΄λ°•ν• μΉμ¦λ³Ό',0),(3875,'μ”νΉν• λΉ…νμ΄',0),(3876,'μ•”ν‘μ λ§μΉ΄λ΅±',0),(3877,'κµ³κ±΄ν• μ™€ν΄',0),(3878,'κΈ΄λ°•ν• ν—λ‹λ²„ν„°μΉ©',0),(3879,'ν­μ••μ μΈ μ£ λ¦¬ν',0),(3880,'ν­λ°μ μΈ ν¬λ°ν‚¤',0),(3881,'μ‚¬μ•…ν• μ ν¬',0),(3882,'κ²°μ—°ν• κµ¬κµ¬μ½',0),(3883,'κ°•μ§ν• μΏ ν¬λ‹¤μ¤',0),(3884,'λ‚ μΉ΄λ΅μ΄ κΏ€κ½λ°°κΈ°',0),(3885,'μ² μ €ν• κ°μκΉ΅',0),(3886,'κΈ‰κ²©ν• λ„λ„¤λ λ„¤',0),(3887,'λΉ„μ¥ν• μ½μ΄',0),(3888,'μΉλ…μ μΈ κ³ λλ°¥',0),(3889,'μΉλ…μ μΈ μ£ λ¦¬ν',0),(3890,'κ·Ήμ•…ν• μΉν† μ¤',0),(3891,'λ¶μ‚¬μ‹ μ λ΅―λ°μƒλ“',0),(3892,'μ²λ‘¥ κ°™μ€ μΉ™μ΄‰',0),(3893,'ν­μ••μ μΈ μ™€μ‚­λ°”',0),(3894,'μ‚¬λ‚μ΄ μΉ΄μ¤νƒ€λ“',0),(3895,'κ²¬κ³ ν• μ— μ•¤μ— μ¦',0),(3896,'μ¤‘ν›„ν• λΉ λ‹¤μ½”μ½”λ‚«',0),(3897,'μ΄μ›”μ μΈ μΉ™μ΄‰',0),(3898,'κΉμ€ λ¦¬μΈ ',0),(3899,'λμ§κΈ΄ μΉν† μ¤',0),(3900,'λ¶μ‚¬μ‹ μ μ¤λ‹μ»¤μ¦',0),(3901,'μ λ€μ μΈ μΏ ν¬λ‹¤μ¤',0),(3902,'λ€λ‹΄ν• ν›„λ μΉνμ΄',0),(3903,'μ›…μ¥ν• μΉΈμµΈ',0),(3904,'μ λ€μ μΈ ν¬ν…ν† μΉ©',0),(3905,'μ•”ν‘μ κ³ μ†λ―Έ',0),(3906,'κµ‰μ¥ν• κµ¬μ΄κ°μ',0),(3907,'κ³ λ…ν• κ°€λ',0),(3908,'κ·Ήμ•…ν• λ„λ„¤λ λ„¤',0),(3909,'λ¶λ³€μ μΉν† μ¤',0),(3910,'κ³ λ…ν• μΏ ν¬λ‹¤μ¤',0),(3911,'λ¶κµ΄μ μ—μ΄μ¤',0),(3912,'λ¬΄μν• ν¬ν…ν† μΉ©',0),(3913,'μ² μ €ν• μƒμ°κΉ΅',0),(3914,'μ‚¬λ‚μ΄ μ‚¬λΈλ ',0),(3915,'μ—­λ™μ μΈ ν¬μΉ΄μΉ©',0),(3916,'μ²μ ν• μΉ™μ΄‰',0),(3917,'λ“μ„Ό μ›¨ν•μ¤',0),(3918,'λ‹¨λ‹¨ν• κ³ μ†λ―Έ',0),(3919,'κµ‰μ¥ν• μ•Όμ±„νƒ€μ„',0),(3920,'λ¶λ³€μ μ‚¬λΈλ ',0),(3921,'λ‚ μΉ΄λ΅μ΄ ν¬λ¦¬μ¤ν”Όλ΅¤',0),(3922,'μΉΌλ‚  κ°™μ€ μ™€μ‚­λ°”',0),(3923,'μ΄μ›”μ μΈ λ§μΉ΄λ΅±',0),(3924,'μ΄μΈμ μΈ ν¬λ°ν‚¤',0),(3925,'λ¬΄μ‹¬ν• μ΄μ½”μΉ©μΏ ν‚¤',0),(3926,'νμ°¬ μ•μƒμ°μΉ©',0),(3927,'μΉμ—΄ν• λ§κ°€λ ›νΈ',0),(3928,'λ¶ν¨μ μ›¨ν•μ¤',0),(3929,'κ·Ήμ•…ν• κ³ λλ°¥',0),(3930,'μμ›ν• νƒ±ν¬λ³΄μ΄',0),(3931,'μ¤‘ν›„ν• μ— μ•¤μ— μ¦',0),(3932,'κ΄‘ν­ν• λ¦¬μΈ ',0),(3933,'λ¬΄μ μ λ²„ν„°μ™€ν”',0),(3934,'λ¶κ°€μΉ¨μ μΉ΄μ¤νƒ€λ“',0),(3935,'κ°•λ ¥ν• μ£ μ¤λ°”',0),(3936,'μ‚¬μ•…ν• μ°Έν¬λμ»¤',0),(3937,'κ³ λ…ν• ν¬λ¦¬μ¤ν”Όλ΅¤',0),(3938,'κ°•λ ¥ν• λ°”λ‚λ‚ν‚¥',0),(3939,'μΉλ…μ μΈ λ°”λ‚λ‚ν‚¥',0),(3940,'μ΄μΈμ μΈ κ°μκΉ΅',0),(3941,'μ°¨κ°€μ΄ μ£ λ¦¬ν',0),(3942,'λ‹Ήλ‹Ήν• μ•Όμ±„νƒ€μ„',0),(3943,'μ €λμ μΈ μ΄μ½”μΉ©μΏ ν‚¤',0),(3944,'κ·Ήμ•…ν• ν¬ν…ν† μΉ©',0),(3945,'λ€λ‹¨ν• κΏ€κ½λ°°κΈ°',0),(3946,'κ³Όκ°ν• λ²„ν„°μ™€ν”',0),(3947,'ν—μ¤€ν• λ„λ„¤λ λ„¤',0),(3948,'λ‹¨λ‹¨ν• μ¬μΉ©',0),(3949,'κ³ λ…ν• μ—μ΄μ¤',0),(3950,'μ„λ€ν• κµ¬μ΄κ°μ',0),(3951,'λ§¤μ„μ΄ λΉ…νμ΄',0),(3952,'μ²λ‘¥ κ°™μ€ μ¤μ‚¬μ―”',0),(3953,'κ·Ήμ•…ν• λΉ…νμ΄',0),(3954,'μΉμ—΄ν• μ¤κ°μ',0),(3955,'λ¬΄μ‹¬ν• λ²„ν„°μΏ ν‚¤',0),(3956,'λ¬΄μ μ μ¤μ‚¬μ―”',0),(3957,'λ‚ μΉ΄λ΅μ΄ μ¤λ μ¤',0),(3958,'κ°•μΈν• μ•Όμ±„νƒ€μ„',0),(3959,'λ§‰κ°•ν• λΉ…νμ΄',0),(3960,'λ¬΄κ±°μ΄ μƒμ°κΉ΅',0),(3961,'λ¬΄ν•ν• μ€λ΅λ³„',0),(3962,'μ΄κ°•λ ¥ν• μ΄μ½”μ†΅μ΄',0),(3963,'λ¬΄ν•ν• μΈμ λ―Έμ¤λ‚µ',0),(3964,'μ™„κ°•ν• ν¬λ¦¬μ¤ν”Όλ΅¤',0),(3965,'κ°•μΈν• κΌ¬κΉ”μ½',0),(3966,'μ΄μΈμ μΈ νΈμ…μ¤',0),(3967,'κ²¬κ³ ν• ν‚·μΊ£',0),(3968,'μ€λ°€ν• λ§μΉ΄λ΅±',0),(3969,'λ¶λ³€μ ν¬λμ»¤',0),(3970,'κ²°μ—°ν• λ½€λ',0),(3971,'λ‹¨νΈν• μΏ ν¬λ‹¤μ¤',0),(3972,'μ•”ν‘μ μ΄μ½”μΉ©μΏ ν‚¤',0),(3973,'κµ³κ±΄ν• λ²„ν„°μ™€ν”',0),(3974,'λ¶κµ΄μ λ΅―λ°μƒλ“',0),(3975,'λ‚ μΉ΄λ΅μ΄ μ΄μ½”μ†΅μ΄',0),(3976,'μ²μ ν• μ΄μ½”μΉ©μΏ ν‚¤',0),(3977,'κ²©λ ¬ν• μ¬μΉ©',0),(3978,'μ™„κ°•ν• μ¤κ°μ',0),(3979,'ν™©ν™€ν• μ™€μ‚­λ°”',0),(3980,'ν­μ••μ μΈ ν¬ν…ν† μΉ©',0),(3981,'κΉμ€ μΏ ν¬λ‹¤μ¤',0),(3982,'μ”νΉν• μ£ μ¤λ°”',0),(3983,'μ΄κ°•λ ¥ν• κ³ μ†λ―Έ',0),(3984,'λ¬΄μ‡ κ°™μ€ μ‚¬λΈλ ',0),(3985,'λ¬΄μλΉ„ν• λΉ μ‚­',0),(3986,'μ λ€μ μΈ μ•Όμ±„νƒ€μ„',0),(3987,'λ‹Ήλ‹Ήν• κ°€λ',0),(3988,'μΉΌλ‚  κ°™μ€ ν‚·μΊ£',0),(3989,'λ¶κµ΄μ ν¬ν…ν† μΉ©',0),(3990,'λ“μ„Ό μ¬μΉ©',0),(3991,'κΈ‰κ²©ν• μ•Όμ±„νƒ€μ„',0),(3992,'μ•…λ…ν• μ—”μ΄',0),(3993,'κ·Ήμ•…ν• μΏ ν¬λ‹¤μ¤',0),(3994,'μ•”ν‘μ ν™λ°λ³Ό',0),(3995,'νκ΄΄μ μΈ μΉ™μ΄‰',0),(3996,'λ§Ήλ ¬ν• ν•λ¦¬λ³΄',0),(3997,'μΉμ—΄ν• μΉ΄μ¤νƒ€λ“',0),(3998,'μ² μ €ν• λ„λ„¤λ λ„¤',0),(3999,'λ¶κ°€μΉ¨μ κ°μκΉ΅',0),(4000,'κµ³κ±΄ν• μ¤λ¨',0),(4001,'λ¶κµ΄μ μ€λ΅λ³„',0),(4002,'ν™©ν™€ν• μμΌλ¦¬ν†¨',0),(4003,'κ΄‘ν­ν• μ— μ•¤μ— μ¦',0),(4004,'μ°λ μ°¬ λ„λ„¤λ λ„¤',0),(4005,'λ¶νƒ€λ” νΈμ…μ¤',0),(4006,'λ€λ‹΄ν• μ¤λ‹μ»¤μ¦',0),(4007,'λ¬΄κ±°μ΄ λΉ λ‹¤μ½”μ½”λ‚«',0),(4008,'κ³Όκ°ν• μ•Όμ±„νƒ€μ„',0),(4009,'μ² μ €ν• λ²„ν„°μΏ ν‚¤',0),(4010,'λ¶ν¨μ ν¬μΉ΄μΉ©',0),(4011,'ν—μ•…ν• λ‚μµΈ',0),(4012,'ν­μ••μ μΈ μΉμ¦λ³Ό',0),(4013,'μ² μ €ν• λ΅―λ°μƒλ“',0),(4014,'μ¤‘ν›„ν• κ°€λ',0),(4015,'λ“μ„Ό λ§κ°€λ ›νΈ',0),(4016,'ν™•κ³ ν• λ°”λ‚λ‚ν‚¥',0),(4017,'μ›…μ¥ν• μ¤μ™μΉ©',0),(4018,'κ²©λ ¬ν• λ¨λ‚μΉ΄',0),(4019,'κ²°μ—°ν• μ—μ΄μ¤',0),(4020,'μ‚¬μ•…ν• κµ¬κµ¬μ½',0),(4021,'λ¶ν¨μ ν¬λμ»¤',0),(4022,'κΉμ€ λ½€λ',0),(4023,'μ”νΉν• κµ¬μ΄κ°μ',0),(4024,'μ§„μ§€ν• μ ν¬',0),(4025,'λ§¤μ„μ΄ μ΄μ½”μ†΅μ΄',0),(4026,'λ€λ‹΄ν• λ²„ν„°μΏ ν‚¤',0),(4027,'μ‹ λ…μ νλ λ΅λ΅μ‰',0),(4028,'ν—λ‚ν• νƒ±ν¬λ³΄μ΄',0),(4029,'μ‹ λ…μ κ³ λλ°¥',0),(4030,'λ€λ‹¨ν• κ°€λ‚νμ΄',0),(4031,'λ¶ν¨μ ν”„λ§κΈ€μ¤',0),(4032,'μ λ€μ μΈ λ¦¬μΈ ',0),(4033,'κ²©λ ¬ν• κµ¬μ΄κ°μ',0),(4034,'λ¬΄μ„μ΄ λ‚μµΈ',0),(4035,'λ¬΄μ„μ΄ λΉ μ‚­',0),(4036,'μμ›ν• ν¬ν…ν† μΉ©',0),(4037,'λ¬΄μ •ν• μ—”μ΄',0),(4038,'κ°€νΉν• κ³ λλ°¥',0),(4039,'μ§€λ…ν• λ²„ν„°μΏ ν‚¤',0),(4040,'ν­λ°μ μΈ κµ¬κµ¬μ½',0),(4041,'μΉΌλ‚  κ°™μ€ νλ λ΅λ΅μ‰',0),(4042,'μΉΌλ‚  κ°™μ€ κ³ μ†λ―Έ',0),(4043,'ν¬μ² ν• ν”„λ§κΈ€μ¤',0),(4044,'λ¬΄μλΉ„ν• μ¤λ¨',0),(4045,'μ‚¬μ•…ν• μ½μ΄',0),(4046,'λ¬΄μν• λ¦¬μΈ ',0),(4047,'λ¬΄μν• ν—λ‹λ²„ν„°μΉ©',0),(4048,'λ¶νƒ€λ” ν¬λ°ν‚¤',0),(4049,'μ••λ„μ μΈ λ¦¬μΈ ',0),(4050,'κ°•μ§ν• λ„λ„¤λ λ„¤',0),(4051,'μ‹ λ…μ μΏ ν¬λ‹¤μ¤',0),(4052,'ν­λ°μ μΈ ν¬λ¦¬μ¤ν”Όλ΅¤',0),(4053,'κΈ‰κ²©ν• μμΌλ¦¬ν†¨',0),(4054,'μ••λ„μ μΈ μ™€μ‚­λ°”',0),(4055,'ν™©ν™€ν• κΌ¬κΉ”μ½',0),(4056,'κΉμ€ μΉ™μ΄‰',0),(4057,'ν­μ••μ μΈ ν¬λμ»¤',0),(4058,'ν­μ••μ μΈ νλ λ΅λ΅μ‰',0),(4059,'μ°λ μ°¬ ν›„λ μΉνμ΄',0),(4060,'κ°€νΉν• μ•Όμ±„νƒ€μ„',0),(4061,'λ²”μ ‘ν•  μ μ—†λ” μ£ λ¦¬ν',0),(4062,'λ²”μ ‘ν•  μ μ—†λ” νΈμ…μ¤',0),(4063,'μ‹ λ…μ μ΄μ½”ν•μ„',0),(4064,'κ²©λ ¬ν• μ—”μ΄',0),(4065,'μ•”ν‘μ μ‚¬λΈλ ',0),(4066,'ν™•κ³ ν• ν”„λ§κΈ€μ¤',0),(4067,'κ°•λ ¥ν• μ€λ΅λ³„',0),(4068,'μ•…λ…ν• λ§κ°€λ ›νΈ',0),(4069,'μ°¨κ°€μ΄ μ–‘νλ§',0),(4070,'μ•…λ…ν• κ³ μ†λ―Έ',0),(4071,'κ³ λ…ν• μƒμ°κΉ΅',0),(4072,'λ¬΄μ‡ κ°™μ€ νƒ±ν¬λ³΄μ΄',0),(4073,'λ¬΄κ±°μ΄ λ΅―λ°μƒλ“',0),(4074,'λ¬΄μ •ν• λ§κ°€λ ›νΈ',0),(4075,'λ€λ‹¨ν• ν”„λ§κΈ€μ¤',0),(4076,'κ·Ήμ•…ν• ν—λ‹λ²„ν„°μΉ©',0),(4077,'λ“μ„Ό λ°”λ‚λ‚ν‚¥',0),(4078,'μ΄μ›”μ μΈ μμΌλ¦¬ν†¨',0),(4079,'λ‚ μΉ΄λ΅μ΄ ν›„λ μΉνμ΄',0),(4080,'ν¬μ² ν• μΉΈμµΈ',0),(4081,'μ°¨κ°€μ΄ κµ¬κµ¬μ½',0),(4082,'μ‚¬μ•…ν• λ΅―λ°μƒλ“',0),(4083,'μ΄μ›”μ μΈ νΈμ…μ¤',0),(4084,'ν—μ•…ν• κµ¬κµ¬μ½',0),(4085,'μ©λ§Ήν• μ΄μ½”μ†΅μ΄',0),(4086,'λ¬΄μ„μ΄ μƒμ°κΉ΅',0),(4087,'μ‚¬μ•…ν• ν¬λ¦¬μ¤ν”Όλ΅¤',0),(4088,'λ¬΄μ‡ κ°™μ€ μ¤μ™μΉ©',0),(4089,'μ€λ°€ν• λ²„ν„°μ™€ν”',0),(4090,'λ¬΄ν•ν• μ•Όμ±„νƒ€μ„',0),(4091,'μ©λ§Ήν• λ„λ„¤λ λ„¤',0),(4092,'ν™•κ³ ν• μ¬μΉ©',0),(4093,'κ΄‘ν­ν• λ¨λ‚μΉ΄',0),(4094,'κΉμ€ μκ°μΉ',0),(4095,'μ„λ€ν• μ‚¬λΈλ ',0),(4096,'λ“μ„Ό μ¤μ‚¬μ―”',0),(4097,'κ°€νΉν• ν”„λ§κΈ€μ¤',0),(4098,'μ°¨κ°€μ΄ λ¦¬μΈ ',0),(4099,'λ¶ν¨μ νƒ±ν¬λ³΄μ΄',0),(4100,'λ‚ μΉ΄λ΅μ΄ κ°μκΉ΅',0),(4101,'μ„λ€ν• λΉ λ‹¤μ½”μ½”λ‚«',0),(4102,'λ¬΄μ‡ κ°™μ€ κ°€λ',0),(4103,'λ¶νƒ€λ” λ‚μµΈ',0),(4104,'κ²©λ ¬ν• λ„λ„¤λ λ„¤',0),(4105,'κµ‰μ¥ν• λ΅―λ°μƒλ“',0),(4106,'ν­μ••μ μΈ μ—”μ΄',0),(4107,'μ§„μ§€ν• μΉ™μ΄‰',0),(4108,'λ¬΄ν•ν• κΌ¬κΉ”μ½',0),(4109,'μ§€λ…ν• λ΅―λ°μƒλ“',0),(4110,'κ°•μΈν• μ½μ΄',0),(4111,'μ‚¬λ‚μ΄ μ£ λ¦¬ν',0),(4112,'ν—λ‚ν• μκ°μΉ',0),(4113,'μ°¨κ°€μ΄ μ¤μ™μΉ©',0),(4114,'κ°•λ ¥ν• λ΅―λ°μƒλ“',0),(4115,'ν¬μ² ν• νΈμ…μ¤',0),(4116,'λ§‰κ°•ν• λΉ μ‚­',0),(4117,'λ¬΄μλΉ„ν• λΉ λ‹¤μ½”μ½”λ‚«',0),(4118,'μΉΌλ‚  κ°™μ€ μΉ΄μ¤νƒ€λ“',0),(4119,'κ²¬κ³ ν• ν—λ‹λ²„ν„°μΉ©',0),(4120,'μ›…μ¥ν• μ€λ΅λ³„',0),(4121,'μ‚¬μ•…ν• μΏ ν¬λ‹¤μ¤',0),(4122,'μΉλ…μ μΈ μ—μ΄μ¤',0),(4123,'μ”νΉν• ν¬λ¦¬μ¤ν”Όλ΅¤',0),(4124,'μ••λ„μ μΈ μΏ ν¬λ‹¤μ¤',0),(4125,'λμ—†λ” λΉ μ‚­',0),(4126,'μΉλ…μ μΈ μ•Όμ±„νƒ€μ„',0),(4127,'μ•…λ…ν• λΉΌλΉΌλ΅',0),(4128,'κ°€νΉν• μ΄μ½”νμ΄',0),(4129,'ν—μ•…ν• λΉ λ‹¤μ½”μ½”λ‚«',0),(4130,'μΉΌλ‚  κ°™μ€ ν•λ¦¬λ³΄',0),(4131,'κΈ‰κ²©ν• μ ν¬',0),(4132,'λΉ„μ¥ν• μΉ΄μ¤νƒ€λ“',0),(4133,'μ²ν•λ¬΄μ μ μ΄μ½”μ†΅μ΄',0),(4134,'κ΄‘ν­ν• μ¤λ¨',0),(4135,'μ°λ μ°¬ μ¤λ μ¤',0),(4136,'μ΄μΈμ μΈ μ¤κ°μ',0),(4137,'μ•”ν‘μ μ¬μΉ©',0),(4138,'λ¬΄μ‡ κ°™μ€ μ½μ΄',0),(4139,'λ§¤μ„μ΄ μ•μƒμ°μΉ©',0),(4140,'λ€λ‹΄ν• μ ν¬',0),(4141,'λ‹¨νΈν• λ½€λ',0),(4142,'μ•”ν‘μ μ£ λ¦¬ν',0),(4143,'λ¬΄μ„μ΄ μΉ™μ΄‰',0),(4144,'μ λ€μ μΈ ν›„λ μΉνμ΄',0),(4145,'λμ§κΈ΄ μ¤κ°μ',0),(4146,'μ•”ν‘μ μ™€μ‚­λ°”',0),(4147,'κΉμ€ λΉμΈ ',0),(4148,'ν™©ν™€ν• λ„λ„¤λ λ„¤',0),(4149,'ν­λ°μ μΈ μ–‘νλ§',0),(4150,'ν­μ••μ μΈ μ‚¬λΈλ ',0),(4151,'λ¬΄μ„μ΄ λ„λ„¤λ λ„¤',0),(4152,'μ§„μ§€ν• λ„λ„¤λ λ„¤',0),(4153,'λ¶κµ΄μ νƒ±ν¬λ³΄μ΄',0),(4154,'κΈ΄λ°•ν• λ¦¬μΈ ',0),(4155,'μ€λ°€ν• μΉΈμµΈ',0),(4156,'λμ§κΈ΄ μΉμ¦λ³Ό',0),(4157,'μ™„κ°•ν• ν¬λ°ν‚¤',0),(4158,'ν­μ••μ μΈ μ—μ΄μ¤',0),(4159,'μ©λ§Ήν• κΏ€κ½λ°°κΈ°',0),(4160,'μ΄μ›”μ μΈ μ‚¬λΈλ ',0),(4161,'λ¶νƒ€λ” νλ λ΅λ΅μ‰',0),(4162,'λ“μ„Ό μ™€μ‚­λ°”',0),(4163,'λ¬΄μ‹¬ν• μ΄μ½”ν•μ„',0),(4164,'μ§‘μ”ν• μ¤μ™μΉ©',0),(4165,'λ€λ‹΄ν• λ§κ°€λ ›νΈ',0),(4166,'λ¶μ‚¬μ‹ μ ν”„λ§κΈ€μ¤',0),(4167,'μ••λ„μ μΈ λΉ μ‚­',0),(4168,'μ”νΉν• ν¬λ°ν‚¤',0),(4169,'λ¶κµ΄μ μΏ ν¬λ‹¤μ¤',0),(4170,'μ€λ°€ν• μ¤λ μ¤',0),(4171,'μμ›ν• κΌ¬κΉ”μ½',0),(4172,'μ€λ°€ν• λΉ λ‹¤μ½”μ½”λ‚«',0),(4173,'λ¬΄μ‹¬ν• κ°μκΉ΅',0),(4174,'λ¶μ‚¬μ‹ μ κ°€λ',0),(4175,'μ‹ λ…μ ν¬λ¦¬μ¤ν”Όλ΅¤',0),(4176,'μ°¨κ°€μ΄ μ¤λ¨',0),(4177,'λμ—†λ” μ΄μ½”μΉ©μΏ ν‚¤',0),(4178,'ν—μ¤€ν• μ¤μ™μΉ©',0),(4179,'κ·Ήμ•…ν• μ—”μ΄',0),(4180,'μ² μ €ν• μ½μ΄',0),(4181,'κ°•λ ¬ν• λ½€λ',0),(4182,'κΈ΄λ°•ν• λΉμΈ ',0),(4183,'λ¬΄ν•ν• λ„λ„¤λ λ„¤',0),(4184,'λ§Ήλ ¬ν• μ΄μ½”νμ΄',0),(4185,'νκ΄΄μ μΈ μ¬μΉ©',0),(4186,'μ§€λ…ν• κµ¬κµ¬μ½',0),(4187,'κΈ΄λ°•ν• μ—μ΄μ¤',0),(4188,'λ¬΄ν•ν• μΉ΄μ¤νƒ€λ“',0),(4189,'λμ—†λ” λ°”λ‚λ‚ν‚¥',0),(4190,'ν—μ¤€ν• μ¤μ‚¬μ―”',0),(4191,'λ¬΄μ •ν• μ½μ΄',0),(4192,'μ²μ ν• ν¬ν…ν† μΉ©',0),(4193,'λ¬΄μ‹λ¬΄μ‹ν• κ³ μ†λ―Έ',0),(4194,'μ² μ €ν• μ°Έν¬λμ»¤',0),(4195,'κ³ λ…ν• νΈμ…μ¤',0),(4196,'μ² μ €ν• μκ°μΉ',0),(4197,'λ²”μ ‘ν•  μ μ—†λ” ν¬λ°ν‚¤',0),(4198,'ν—μ•…ν• μ£ λ¦¬ν',0),(4199,'λκ°™μ€ λΉ…νμ΄',0),(4200,'μ΄μ›”μ μΈ μ΄μ½”μΉ©μΏ ν‚¤',0),(4201,'κ²°μ—°ν• μƒμ°κΉ΅',0),(4202,'μ²ν•λ¬΄μ μ ν¬ν…ν† μΉ©',0),(4203,'λ€λ‹΄ν• μ•Όμ±„νƒ€μ„',0),(4204,'μ§€λ…ν• νΈμ…μ¤',0),(4205,'λ¶κ°€μΉ¨μ νΈμ…μ¤',0),(4206,'μΉλ…μ μΈ μκ°μΉ',0),(4207,'μ›…μ¥ν• μ£ λ¦¬ν',0),(4208,'ν™©ν™€ν• μ¬μΉ©',0),(4209,'λ¬΄μν• μ‚¬λΈλ ',0),(4210,'λ¬΄μ‹λ¬΄μ‹ν• μ΄μ½”νμ΄',0),(4211,'λ€λ‹΄ν• ν—λ‹λ²„ν„°μΉ©',0),(4212,'κ²¬κ³ ν• μΉΈμµΈ',0),(4213,'ν—μ¤€ν• νλ λ΅λ΅μ‰',0),(4214,'κ°€μ°¨μ—†λ” νΈμ…μ¤',0),(4215,'μ„λ€ν• νƒ±ν¬λ³΄μ΄',0),(4216,'λ¶κµ΄μ μ ν¬',0),(4217,'λμ§κΈ΄ ν¬λ¦¬μ¤ν”Όλ΅¤',0),(4218,'λ‹¨λ‹¨ν• λΉ λ‹¤μ½”μ½”λ‚«',0),(4219,'λ‚ μΉ΄λ΅μ΄ λΉμΈ ',0),(4220,'λ¬΄μ„μ΄ μ¤μ™μΉ©',0),(4221,'λ¶κµ΄μ κ°€λ',0),(4222,'λ²”μ ‘ν•  μ μ—†λ” μ¤μ‚¬μ―”',0),(4223,'μ‚¬λ‚μ΄ ν”„λ§κΈ€μ¤',0),(4224,'λμ—†λ” μ¤μ‚¬μ―”',0),(4225,'λμ—†λ” λ½€λ',0),(4226,'κΈ΄λ°•ν• μΈμ λ―Έμ¤λ‚µ',0),(4227,'μ²ν•λ¬΄μ μ μ½μ΄',0),(4228,'λμ§κΈ΄ μ΄μ½”νμ΄',0),(4229,'κ°•μΈν• μ•μƒμ°μΉ©',0),(4230,'λ¶νƒ€λ” κ°μκΉ΅',0),(4231,'λ¬΄μν• ν•λ¦¬λ³΄',0),(4232,'κ°•λ ¬ν• μ¬μΉ©',0),(4233,'μ‚¬λ‚μ΄ μΏ ν¬λ‹¤μ¤',0),(4234,'μ—­λ™μ μΈ μ£ λ¦¬ν',0),(4235,'λ¬΄μλΉ„ν• κ³ μ†λ―Έ',0),(4236,'μΉλ…μ μΈ κ°μκΉ΅',0),(4237,'κΉμ€ ν™λ°λ³Ό',0),(4238,'μ••λ„μ μΈ νƒ±ν¬λ³΄μ΄',0),(4239,'λμ—†λ” ν¬λ¦¬μ¤ν”Όλ΅¤',0),(4240,'λ²”μ ‘ν•  μ μ—†λ” ν¬μΉ΄μΉ©',0),(4241,'λ¶κµ΄μ λΉ μ‚­',0),(4242,'λ¶λ³€μ μ½μ΄',0),(4243,'λ¬΄μ •ν• λΉ λ‹¤μ½”μ½”λ‚«',0),(4244,'μ—­λ™μ μΈ λ½€λ',0),(4245,'λ‚ μΉ΄λ΅μ΄ μμΌλ¦¬ν†¨',0),(4246,'μ™„κ°•ν• νƒ±ν¬λ³΄μ΄',0),(4247,'λ§¤μ„μ΄ μ¬μΉ©',0),(4248,'λ¬΄μ •ν• μ¬μΉ©',0),(4249,'ν™•κ³ ν• μ™€μ‚­λ°”',0),(4250,'λ¶κµ΄μ κ°μκΉ΅',0),(4251,'κΉμ€ μ£ λ¦¬ν',0),(4252,'μ™„κ°•ν• μ™€ν΄',0),(4253,'λ‹¨νΈν• μΉ΄μ¤νƒ€λ“',0),(4254,'λ‹¨λ‹¨ν• μ΄μ½”μ†΅μ΄',0),(4255,'κ³ λ…ν• ν¬μΉ΄μΉ©',0),(4256,'μ²μ ν• κ°€λ‚νμ΄',0),(4257,'κΈ΄λ°•ν• μ΄μ½”μΉ©μΏ ν‚¤',0),(4258,'λ¶ν¨μ κ°μκΉ΅',0),(4259,'λ¬΄μλΉ„ν• λ‚μµΈ',0),(4260,'νκ΄΄μ μΈ μ–‘νλ§',0),(4261,'μ²λ‘¥ κ°™μ€ λ§μΉ΄λ΅±',0),(4262,'λ¶κ°€μΉ¨μ λ„λ„¤λ λ„¤',0),(4263,'κ΄‘ν­ν• ν•λ¦¬λ³΄',0),(4264,'λκ°™μ€ μμΌλ¦¬ν†¨',0),(4265,'λ¬΄μ‡ κ°™μ€ μ¤λ‹μ»¤μ¦',0),(4266,'λ¬΄ν•ν• μ•μƒμ°μΉ©',0),(4267,'ν­λ°μ μΈ μΉμ¦λ³Ό',0),(4268,'λ€λ‹΄ν• μ™€ν΄',0),(4269,'μ¤‘ν›„ν• ν—λ‹λ²„ν„°μΉ©',0),(4270,'λ¬΄μ‹¬ν• ν•λ¦¬λ³΄',0),(4271,'μ°¨κ°€μ΄ μκ°μΉ',0),(4272,'ν—λ‚ν• κ°€λ‚νμ΄',0),(4273,'ν¬μ² ν• μΉ™μ΄‰',0),(4274,'λ“μ„Ό λΉμΈ ',0),(4275,'μΉλ…μ μΈ ν¬λ°ν‚¤',0),(4276,'μΉμ—΄ν• μ΄μ½”μΉ©μΏ ν‚¤',0),(4277,'κ°€νΉν• μ¤λ μ¤',0),(4278,'μ§‘μ”ν• μ›¨ν•μ¤',0),(4279,'μ²ν•λ¬΄μ μ μ΄μ½”ν•μ„',0),(4280,'κΉμ€ μƒμ°κΉ΅',0),(4281,'μ—­λ™μ μΈ μ°Έν¬λμ»¤',0),(4282,'ν­μ••μ μΈ κ°€λ‚νμ΄',0),(4283,'λ¶μ‚¬μ‹ μ λ²„ν„°μΏ ν‚¤',0),(4284,'κ·Ήμ•…ν• λ²„ν„°μΏ ν‚¤',0),(4285,'μ΄μ›”μ μΈ κ³ λλ°¥',0),(4286,'λ€λ‹΄ν• λ°”λ‚λ‚ν‚¥',0),(4287,'μ—­λ™μ μΈ λΉ μ‚­',0),(4288,'λ¬΄κ±°μ΄ λ²„ν„°μ™€ν”',0),(4289,'μμ›ν• μ™€ν΄',0),(4290,'λ‚ μΉ΄λ΅μ΄ μ›¨ν•μ¤',0),(4291,'μ‹ λ…μ κµ¬κµ¬μ½',0),(4292,'μ€λ°€ν• μ€λ΅λ³„',0),(4293,'λΉν‹μ—†λ” μ€λ΅λ³„',0),(4294,'λΉν‹μ—†λ” μ¤λ‹μ»¤μ¦',0),(4295,'λ¶ν¨μ μΉ΄μ¤νƒ€λ“',0),(4296,'κ°€νΉν• λΉ…νμ΄',0),(4297,'μ›…μ¥ν• λΉ…νμ΄',0),(4298,'κ°€μ°¨μ—†λ” μ•Όμ±„νƒ€μ„',0),(4299,'κ°•μ§ν• λ΅―λ°μƒλ“',0),(4300,'λ‚ μΉ΄λ΅μ΄ λ§μΉ΄λ΅±',0),(4301,'λ²”μ ‘ν•  μ μ—†λ” μ›¨ν•μ¤',0),(4302,'μ‚¬μ•…ν• κ°μκΉ΅',0),(4303,'μ°λ μ°¬ μ•Όμ±„νƒ€μ„',0),(4304,'λ€λ‹¨ν• μ¤λ‹μ»¤μ¦',0),(4305,'κµ‰μ¥ν• μ›¨ν•μ¤',0),(4306,'λ¶κ°€μΉ¨μ μ΄μ½”μ†΅μ΄',0),(4307,'λ²”μ ‘ν•  μ μ—†λ” μΏ ν¬λ‹¤μ¤',0),(4308,'μ€λ°€ν• μΉμ¦λ³Ό',0),(4309,'ν­λ°μ μΈ μ™€μ‚­λ°”',0),(4310,'μ•…λ…ν• μΉΈμµΈ',0),(4311,'κ²©λ ¬ν• λΉμΈ ',0),(4312,'λ¬΄μ‡ κ°™μ€ ν•λ¦¬λ³΄',0),(4313,'λ“μ„Ό μ΄μ½”μΉ©μΏ ν‚¤',0),(4314,'κ°€μ°¨μ—†λ” μκ°μΉ',0),(4315,'μ² μ €ν• κµ¬μ΄κ°μ',0),(4316,'κ³ λ…ν• μ¤κ°μ',0),(4317,'ν­μ••μ μΈ μ¤μ‚¬μ―”',0),(4318,'λ²”μ ‘ν•  μ μ—†λ” κ°€λ',0),(4319,'μ—­λ™μ μΈ λ¦¬μΈ ',0),(4320,'ν™©ν™€ν• μ›¨ν•μ¤',0),(4321,'μ§€λ…ν• λ§μΉ΄λ΅±',0),(4322,'λ¶λ³€μ κ°μκΉ΅',0),(4323,'κ·Ήμ•…ν• λ¨λ‚μΉ΄',0),(4324,'λ“μ„Ό μ£ μ¤λ°”',0),(4325,'μ›…μ¥ν• λΉμΈ ',0),(4326,'λ‹¨λ‹¨ν• λ°€ν¬μΉ΄λΌλ©',0),(4327,'κ°€μ°¨μ—†λ” ν¬λ°ν‚¤',0),(4328,'μ©λ§Ήν• μ‚¬λΈλ ',0),(4329,'μ²ν•λ¬΄μ μ λ²„ν„°μΏ ν‚¤',0),(4330,'λ¬΄μ‹¬ν• μΉ™μ΄‰',0),(4331,'μ‹ λ…μ λ§μΉ΄λ΅±',0),(4332,'λ‚ μΉ΄λ΅μ΄ μΈμ λ―Έμ¤λ‚µ',0),(4333,'μ”νΉν• μ™€μ‚­λ°”',0),(4334,'μ”νΉν• κ°€λ‚νμ΄',0),(4335,'κΉμ€ μ•μƒμ°μΉ©',0),(4336,'μ‹ λ…μ μ¬μΉ©',0),(4337,'μΉΌλ‚  κ°™μ€ κΌ¬κΉ”μ½',0),(4338,'λ‚ μΉ΄λ΅μ΄ μ¤λ‹μ»¤μ¦',0),(4339,'μΉμ—΄ν• κΌ¬κΉ”μ½',0),(4340,'λ§¤μ„μ΄ μΈμ λ―Έμ¤λ‚µ',0),(4341,'μΉμ—΄ν• λ²„ν„°μΏ ν‚¤',0),(4342,'μ΄μΈμ μΈ λ°€ν¬μΉ΄λΌλ©',0),(4343,'λ¬΄μ„μ΄ μ΄μ½”ν•μ„',0),(4344,'κΉμ€ ν¬λμ»¤',0),(4345,'λ§Ήλ ¬ν• μ½μ΄',0),(4346,'μ©λ§Ήν• λΉ…νμ΄',0),(4347,'μ‹ λ…μ μ½μ΄',0),(4348,'μ‹ λ…μ κ°μκΉ΅',0),(4349,'λ¬΄κ±°μ΄ μΉμ¦λ³Ό',0),(4350,'κ°•μΈν• μ΄μ½”νμ΄',0),(4351,'λ€λ‹΄ν• μ—μ΄μ¤',0),(4352,'μ§„μ§€ν• μΏ ν¬λ‹¤μ¤',0),(4353,'μ°¨κ°€μ΄ λ½€λ',0),(4354,'λ¶μ‚¬μ‹ μ κΌ¬κΉ”μ½',0),(4355,'λ¬΄μ •ν• ν›„λ μΉνμ΄',0),(4356,'λμ—†λ” μ™€μ‚­λ°”',0),(4357,'μ‚¬λ‚μ΄ μ›¨ν•μ¤',0),(4358,'μΉλ…μ μΈ λ§μΉ΄λ΅±',0),(4359,'λ‹¨λ‹¨ν• λ§μΉ΄λ΅±',0),(4360,'κ²¬κ³ ν• μ‚¬λΈλ ',0),(4361,'μ²λ‘¥ κ°™μ€ μ¬μΉ©',0),(4362,'μμ›ν• νλ λ΅λ΅μ‰',0),(4363,'λ¬΄ν•ν• μΉμ¦λ³Ό',0),(4364,'λ‹Ήλ‹Ήν• νƒ±ν¬λ³΄μ΄',0),(4365,'νκ΄΄μ μΈ κ³ λλ°¥',0),(4366,'λ‹Ήλ‹Ήν• μ¤μ‚¬μ―”',0),(4367,'λ¶κµ΄μ μ¤κ°μ',0),(4368,'λ¬΄μ μ κµ¬μ΄κ°μ',0),(4369,'μ§‘μ”ν• μ—”μ΄',0),(4370,'λ§‰κ°•ν• κ°μκΉ΅',0),(4371,'ν¬μ² ν• λ¦¬μΈ ',0),(4372,'ν—μ•…ν• μΈμ λ―Έμ¤λ‚µ',0),(4373,'κ³Όκ°ν• μ£ μ¤λ°”',0),(4374,'λ¶κµ΄μ μ•μƒμ°μΉ©',0),(4375,'μ¤‘ν›„ν• μ‚¬λΈλ ',0),(4376,'λ‹¨λ‹¨ν• κΏ€κ½λ°°κΈ°',0),(4377,'κ°•μΈν• ν—λ‹λ²„ν„°μΉ©',0),(4378,'κ³Όκ°ν• μ΄μ½”νμ΄',0),(4379,'μΉλ…μ μΈ μΉμ¦λ³Ό',0),(4380,'λ§Ήλ ¬ν• μ£ μ¤λ°”',0),(4381,'λ¶κ°€μΉ¨μ λ¦¬μΈ ',0),(4382,'λ¬΄μ‡ κ°™μ€ κµ¬κµ¬μ½',0),(4383,'μ€λ°€ν• κ°μκΉ΅',0),(4384,'λμ§κΈ΄ ν—λ‹λ²„ν„°μΉ©',0),(4385,'λ“μ„Ό λ¨λ‚μΉ΄',0),(4386,'λΉ„μ¥ν• λ‚μµΈ',0),(4387,'λΉ„μ¥ν• μ¤μ™μΉ©',0),(4388,'λ‹¨νΈν• λ°€ν¬μΉ΄λΌλ©',0),(4389,'κ°•λ ¥ν• μ΄μ½”μΉ©μΏ ν‚¤',0),(4390,'λ¶κµ΄μ ν¬μΉ΄μΉ©',0),(4391,'μ¤‘ν›„ν• λΉ…νμ΄',0),(4392,'κ°€νΉν• νƒ±ν¬λ³΄μ΄',0),(4393,'κ²¬κ³ ν• λ‚μµΈ',0),(4394,'μ¤‘ν›„ν• κΏ€κ½λ°°κΈ°',0),(4395,'λ¬΄μ„μ΄ μμΌλ¦¬ν†¨',0),(4396,'μ§‘μ”ν• νΈμ…μ¤',0),(4397,'μ•”ν‘μ μ—μ΄μ¤',0),(4398,'λ¬΄μ„μ΄ λ½€λ',0),(4399,'κ²©λ ¬ν• λ°€ν¬μΉ΄λΌλ©',0),(4400,'μ‹ λ…μ ν¬μΉ΄μΉ©',0),(4401,'μ΄μ›”μ μΈ λ§κ°€λ ›νΈ',0),(4402,'μΉμ—΄ν• ν™λ°λ³Ό',0),(4403,'μ•”ν‘μ μΉ΄μ¤νƒ€λ“',0),(4404,'λ¬΄μν• ν›„λ μΉνμ΄',0),(4405,'κ°•λ ¥ν• ν¬λ°ν‚¤',0),(4406,'ν—μ•…ν• λ°”λ‚λ‚ν‚¥',0),(4407,'λ¶λ³€μ μ΄μ½”μ†΅μ΄',0),(4408,'λ§¤μ„μ΄ λΉ λ‹¤μ½”μ½”λ‚«',0),(4409,'κµ³κ±΄ν• λ§κ°€λ ›νΈ',0),(4410,'μ—­λ™μ μΈ νλ λ΅λ΅μ‰',0),(4411,'μ°¨κ°€μ΄ μΉΈμµΈ',0),(4412,'μ΄μΈμ μΈ ν—λ‹λ²„ν„°μΉ©',0),(4413,'μ‚¬μ•…ν• ν¬ν…ν† μΉ©',0),(4414,'κ°•λ ¥ν• μ™€μ‚­λ°”',0),(4415,'κµ³κ±΄ν• λ„λ„¤λ λ„¤',0),(4416,'κ°•μ§ν• μ ν¬',0),(4417,'ν¬μ² ν• μ— μ•¤μ— μ¦',0),(4418,'κ²°μ—°ν• μ¬μΉ©',0),(4419,'μ λ€μ μΈ λ²„ν„°μ™€ν”',0),(4420,'μ‚¬λ‚μ΄ λ‚μµΈ',0),(4421,'λκ°™μ€ ν¬λ°ν‚¤',0),(4422,'ν—λ‚ν• λ„λ„¤λ λ„¤',0),(4423,'κµ‰μ¥ν• μ¤λ μ¤',0),(4424,'μ¤‘ν›„ν• λ°”λ‚λ‚ν‚¥',0),(4425,'λ¶ν¨μ μ ν¬',0),(4426,'λ¬΄μ‹¬ν• μ¬μΉ©',0),(4427,'μ² μ €ν• μ‚¬λΈλ ',0),(4428,'μ΄μ›”μ μΈ μ¬μΉ©',0),(4429,'λ¬΄μ •ν• μ›¨ν•μ¤',0),(4430,'μ©λ§Ήν• μ ν¬',0),(4431,'λ²”μ ‘ν•  μ μ—†λ” λ„λ„¤λ λ„¤',0),(4432,'μ‹ λ…μ μ ν¬',0),(4433,'μ² μ €ν• μ€λ΅λ³„',0),(4434,'μ™„κ°•ν• κΏ€κ½λ°°κΈ°',0),(4435,'μ™„κ°•ν• μΈμ λ―Έμ¤λ‚µ',0),(4436,'λ¬΄μν• λ½€λ',0),(4437,'λ¬΄μ‡ κ°™μ€ ν™λ°λ³Ό',0),(4438,'μ™„κ°•ν• κ°€λ',0),(4439,'λκ°™μ€ λ¦¬μΈ ',0),(4440,'μ² μ €ν• μ™€μ‚­λ°”',0),(4441,'λ¶κµ΄μ λ²„ν„°μΏ ν‚¤',0),(4442,'νμ°¬ ν™λ°λ³Ό',0),(4443,'μ§„μ§€ν• ν›„λ μΉνμ΄',0),(4444,'λ¶κµ΄μ μ— μ•¤μ— μ¦',0),(4445,'μ΄κ°•λ ¥ν• κ°€λ',0),(4446,'λ€λ‹¨ν• ν—λ‹λ²„ν„°μΉ©',0),(4447,'λ¬΄μ‹¬ν• ν¬λμ»¤',0),(4448,'ν—μ¤€ν• μ¤λ‹μ»¤μ¦',0),(4449,'κΈ΄λ°•ν• μ΄μ½”ν•μ„',0),(4450,'λ¶μ‚¬μ‹ μ μ›¨ν•μ¤',0),(4451,'κ²°μ—°ν• μ¤λ μ¤',0),(4452,'λ“μ„Ό μ½μ΄',0),(4453,'μ²λ‘¥ κ°™μ€ μ°Έν¬λμ»¤',0),(4454,'ν™•κ³ ν• κµ¬κµ¬μ½',0),(4455,'ν­μ••μ μΈ μ½μ΄',0),(4456,'μ‚¬μ•…ν• ν¬μΉ΄μΉ©',0),(4457,'μ™„κ°•ν• μ½μ΄',0),(4458,'κ²¬κ³ ν• ν¬μΉ΄μΉ©',0),(4459,'κµ³κ±΄ν• λΉΌλΉΌλ΅',0),(4460,'λ¬΄μ •ν• μ΄μ½”ν•μ„',0),(4461,'κ²¬κ³ ν• κ°€λ',0),(4462,'κ°•λ ¥ν• μ¤κ°μ',0),(4463,'μ™„κ°•ν• ν™λ°λ³Ό',0),(4464,'κ°€μ°¨μ—†λ” μ›¨ν•μ¤',0),(4465,'λ‹¨νΈν• μ‚¬λΈλ ',0),(4466,'μΉμ—΄ν• μ΄μ½”νμ΄',0),(4467,'λ€λ‹¨ν• λ²„ν„°μΏ ν‚¤',0),(4468,'μ²ν•λ¬΄μ μ ν™λ°λ³Ό',0),(4469,'λΉ„μ¥ν• μ— μ•¤μ— μ¦',0),(4470,'λ¬΄μ‹λ¬΄μ‹ν• μ΄μ½”μΉ©μΏ ν‚¤',0),(4471,'λ‹Ήλ‹Ήν• ν¬λμ»¤',0),(4472,'λ§¤μ„μ΄ κΌ¬κΉ”μ½',0),(4473,'ν™•κ³ ν• μ›¨ν•μ¤',0),(4474,'λκ°™μ€ μƒμ°κΉ΅',0),(4475,'κΈ‰κ²©ν• μΏ ν¬λ‹¤μ¤',0),(4476,'λ¬΄μ μ λ°€ν¬μΉ΄λΌλ©',0),(4477,'μΉΌλ‚  κ°™μ€ ν”„λ§κΈ€μ¤',0),(4478,'λ¬΄μν• μ¬μΉ©',0),(4479,'ν™•κ³ ν• κ³ λλ°¥',0),(4480,'νκ΄΄μ μΈ μΏ ν¬λ‹¤μ¤',0),(4481,'μ²μ ν• λ°€ν¬μΉ΄λΌλ©',0),(4482,'κµ³κ±΄ν• λ°€ν¬μΉ΄λΌλ©',0),(4483,'μ‚¬μ•…ν• μ£ μ¤λ°”',0),(4484,'λ¶κ°€μΉ¨μ ν›„λ μΉνμ΄',0),(4485,'κ²°μ—°ν• κΏ€κ½λ°°κΈ°',0),(4486,'ν­λ°μ μΈ μ¤μ™μΉ©',0),(4487,'λ¬΄μ •ν• μΉμ¦λ³Ό',0),(4488,'λ‹Ήλ‹Ήν• λ„λ„¤λ λ„¤',0),(4489,'λ¬΄κ±°μ΄ λ½€λ',0),(4490,'λ§‰κ°•ν• μ¤λ¨',0),(4491,'κ°•μ§ν• ν‚·μΊ£',0),(4492,'λ¬΄μ„μ΄ μΉ΄μ¤νƒ€λ“',0),(4493,'κΉμ€ κµ¬κµ¬μ½',0),(4494,'κΈ΄λ°•ν• μ–‘νλ§',0),(4495,'λ¬΄κ±°μ΄ μ΄μ½”ν•μ„',0),(4496,'λ¬΄μλΉ„ν• μ•Όμ±„νƒ€μ„',0),(4497,'μΉΌλ‚  κ°™μ€ μκ°μΉ',0),(4498,'μ‚¬λ‚μ΄ μΈμ λ―Έμ¤λ‚µ',0),(4499,'ν­λ°μ μΈ μ¤μ‚¬μ―”',0),(4500,'κµ‰μ¥ν• λ¦¬μΈ ',0),(4501,'λ‹¨νΈν• λ¦¬μΈ ',0),(4502,'ν—μ¤€ν• λ§κ°€λ ›νΈ',0),(4503,'μ§„μ§€ν• λ¨λ‚μΉ΄',0),(4504,'λ“μ„Ό λΉ…νμ΄',0),(4505,'νμ°¬ μ–‘νλ§',0),(4506,'κ°•λ ¬ν• κµ¬κµ¬μ½',0),(4507,'ν¬μ² ν• λΉ λ‹¤μ½”μ½”λ‚«',0),(4508,'λ€λ‹΄ν• λΉ λ‹¤μ½”μ½”λ‚«',0),(4509,'λ¶ν¨μ νΈμ…μ¤',0),(4510,'μ €λμ μΈ κ³ μ†λ―Έ',0),(4511,'ν—μ•…ν• μΉν† μ¤',0),(4512,'μ €λμ μΈ λ¨λ‚μΉ΄',0),(4513,'μ² μ €ν• λΉμΈ ',0),(4514,'λ¶λ³€μ μ¤λ‹μ»¤μ¦',0),(4515,'μ λ€μ μΈ μ΄μ½”ν•μ„',0),(4516,'λ¶ν¨μ λ½€λ',0),(4517,'ν—μ•…ν• μ΄μ½”ν•μ„',0),(4518,'λ‚ μΉ΄λ΅μ΄ λΉ…νμ΄',0),(4519,'λ‹Ήλ‹Ήν• μ—μ΄μ¤',0),(4520,'μ›…μ¥ν• ν¬μΉ΄μΉ©',0),(4521,'μ—­λ™μ μΈ μ‚¬λΈλ ',0),(4522,'λ¶ν¨μ μΉν† μ¤',0),(4523,'λ‹¨νΈν• μ½μ΄',0),(4524,'μμ›ν• κµ¬κµ¬μ½',0),(4525,'ν—μ•…ν• μ— μ•¤μ— μ¦',0),(4526,'λ‹¨λ‹¨ν• κµ¬μ΄κ°μ',0),(4527,'λ‹¨λ‹¨ν• μ–‘νλ§',0),(4528,'μΉμ—΄ν• ν¬μΉ΄μΉ©',0),(4529,'λ§Ήλ ¬ν• λΉ μ‚­',0),(4530,'μ‚¬λ‚μ΄ ν¬μΉ΄μΉ©',0),(4531,'μ”νΉν• μ‚¬λΈλ ',0),(4532,'μ λ€μ μΈ κ³ λλ°¥',0),(4533,'κ°•μΈν• ν•λ¦¬λ³΄',0),(4534,'λ‹¨λ‹¨ν• μΉ™μ΄‰',0),(4535,'λ‚ μΉ΄λ΅μ΄ μΉ™μ΄‰',0),(4536,'μ²λ‘¥ κ°™μ€ λΉ λ‹¤μ½”μ½”λ‚«',0),(4537,'κ²¬κ³ ν• μ€λ΅λ³„',0),(4538,'ν™•κ³ ν• μ¤λ¨',0),(4539,'μ²μ ν• ν”„λ§κΈ€μ¤',0),(4540,'μ΄μΈμ μΈ μΉμ¦λ³Ό',0),(4541,'μ‚¬λ‚μ΄ μ¤λ‹μ»¤μ¦',0),(4542,'μ€λ°€ν• μ¤μ™μΉ©',0),(4543,'λ¬΄μ‡ κ°™μ€ μ— μ•¤μ— μ¦',0),(4544,'λ¬΄κ±°μ΄ μ— μ•¤μ— μ¦',0),(4545,'λμ§κΈ΄ μκ°μΉ',0),(4546,'ν­μ••μ μΈ λ§μΉ΄λ΅±',0),(4547,'ν—λ‚ν• μΉ΄μ¤νƒ€λ“',0),(4548,'μ²μ ν• μΏ ν¬λ‹¤μ¤',0),(4549,'μ™„κ°•ν• νΈμ…μ¤',0),(4550,'μΉλ…μ μΈ μΉ™μ΄‰',0),(4551,'μ²ν•λ¬΄μ μ λΉ μ‚­',0),(4552,'μΉμ—΄ν• κµ¬μ΄κ°μ',0),(4553,'κ³Όκ°ν• μ΄μ½”μ†΅μ΄',0),(4554,'μ°¨κ°€μ΄ κ°€λ‚νμ΄',0),(4555,'λ‹Ήλ‹Ήν• μƒμ°κΉ΅',0),(4556,'μ λ€μ μΈ κΌ¬κΉ”μ½',0),(4557,'ν™©ν™€ν• κΏ€κ½λ°°κΈ°',0),(4558,'λ¬΄μν• νƒ±ν¬λ³΄μ΄',0),(4559,'νμ°¬ λΉμΈ ',0),(4560,'λ¬΄μ μ κ°€λ',0),(4561,'κ°•μΈν• λΉμΈ ',0),(4562,'μ²λ‘¥ κ°™μ€ λ°”λ‚λ‚ν‚¥',0),(4563,'μ΄μ›”μ μΈ μ½μ΄',0),(4564,'λ¶κ°€μΉ¨μ ν¬λ¦¬μ¤ν”Όλ΅¤',0),(4565,'μ€λ°€ν• ν—λ‹λ²„ν„°μΉ©',0),(4566,'κ·Ήμ•…ν• ν¬λ¦¬μ¤ν”Όλ΅¤',0),(4567,'κ°€νΉν• μ¤λ¨',0),(4568,'μΉμ—΄ν• μΏ ν¬λ‹¤μ¤',0),(4569,'νκ΄΄μ μΈ μ›¨ν•μ¤',0),(4570,'ν—λ‚ν• κΌ¬κΉ”μ½',0),(4571,'κΈ‰κ²©ν• κ³ μ†λ―Έ',0),(4572,'λ²”μ ‘ν•  μ μ—†λ” μƒμ°κΉ΅',0),(4573,'μΉΌλ‚  κ°™μ€ λ²„ν„°μ™€ν”',0),(4574,'κ°•μ§ν• κ°€λ',0),(4575,'κ²¬κ³ ν• μ ν¬',0),(4576,'νκ΄΄μ μΈ μΉΈμµΈ',0),(4577,'λ¬΄μ‹λ¬΄μ‹ν• μΈμ λ―Έμ¤λ‚µ',0),(4578,'μ‚¬μ•…ν• λ¦¬μΈ ',0),(4579,'ν—μ¤€ν• κ°μκΉ΅',0),(4580,'μ¤‘ν›„ν• μκ°μΉ',0),(4581,'λ‹Ήλ‹Ήν• μ£ λ¦¬ν',0),(4582,'κ°€νΉν• κµ¬κµ¬μ½',0),(4583,'κ²°μ—°ν• ν—λ‹λ²„ν„°μΉ©',0),(4584,'κΈ΄λ°•ν• ν¬λ¦¬μ¤ν”Όλ΅¤',0),(4585,'μ•…λ…ν• μ•Όμ±„νƒ€μ„',0),(4586,'λκ°™μ€ κ°€λ‚νμ΄',0),(4587,'λ¬΄μ‹λ¬΄μ‹ν• λΉ…νμ΄',0),(4588,'κ²°μ—°ν• μΈμ λ―Έμ¤λ‚µ',0),(4589,'μ‚¬λ‚μ΄ κΏ€κ½λ°°κΈ°',0),(4590,'κ²¬κ³ ν• ν¬λμ»¤',0),(4591,'μΉμ—΄ν• μΉ™μ΄‰',0),(4592,'κ°•λ ¬ν• κ³ μ†λ―Έ',0),(4593,'κ°•μ§ν• μκ°μΉ',0),(4594,'κµ³κ±΄ν• μΉ™μ΄‰',0),(4595,'λ§Ήλ ¬ν• κΌ¬κΉ”μ½',0),(4596,'μ„λ€ν• ν¬λ°ν‚¤',0),(4597,'νκ΄΄μ μΈ λΉ μ‚­',0),(4598,'κ°€νΉν• μ ν¬',0),(4599,'κ°€μ°¨μ—†λ” μ¤λ¨',0),(4600,'μ°λ μ°¬ μ°Έν¬λμ»¤',0),(4601,'κΈ΄λ°•ν• νƒ±ν¬λ³΄μ΄',0),(4602,'λ¶νƒ€λ” λ„λ„¤λ λ„¤',0),(4603,'λ¶λ³€μ νΈμ…μ¤',0),(4604,'μΉμ—΄ν• ν¬λ°ν‚¤',0),(4605,'μ² μ €ν• μΈμ λ―Έμ¤λ‚µ',0),(4606,'μ¤‘ν›„ν• μ΄μ½”μΉ©μΏ ν‚¤',0),(4607,'λ¬΄κ±°μ΄ μ£ μ¤λ°”',0),(4608,'λκ°™μ€ ν¬ν…ν† μΉ©',0),(4609,'κµ³κ±΄ν• λ‚μµΈ',0),(4610,'μ €λμ μΈ νƒ±ν¬λ³΄μ΄',0),(4611,'μΉλ…μ μΈ νλ λ΅λ΅μ‰',0),(4612,'λ€λ‹΄ν• μ¤μ‚¬μ―”',0),(4613,'μ§€λ…ν• μ•μƒμ°μΉ©',0),(4614,'μ² μ €ν• μ¤λ μ¤',0),(4615,'μ©λ§Ήν• μ¤λ‹μ»¤μ¦',0),(4616,'μ¤‘ν›„ν• μ΄μ½”νμ΄',0),(4617,'κ²°μ—°ν• μ¤κ°μ',0),(4618,'κ°€νΉν• μκ°μΉ',0),(4619,'λμ—†λ” λ΅―λ°μƒλ“',0),(4620,'κ³Όκ°ν• μ½μ΄',0),(4621,'μ‚¬μ•…ν• μƒμ°κΉ΅',0),(4622,'μ•”ν‘μ μ¤λ‹μ»¤μ¦',0),(4623,'μ€λ°€ν• μ΄μ½”μΉ©μΏ ν‚¤',0),(4624,'μ²ν•λ¬΄μ μ λΉμΈ ',0),(4625,'λ¶κµ΄μ λ§κ°€λ ›νΈ',0),(4626,'ν­μ••μ μΈ ν¬μΉ΄μΉ©',0),(4627,'μΉΌλ‚  κ°™μ€ κµ¬κµ¬μ½',0),(4628,'κ²°μ—°ν• λ§μΉ΄λ΅±',0),(4629,'μ²ν•λ¬΄μ μ μ€λ΅λ³„',0),(4630,'μ”νΉν• μ¤μ‚¬μ―”',0),(4631,'ν™©ν™€ν• μΏ ν¬λ‹¤μ¤',0),(4632,'μ¤‘ν›„ν• μ¬μΉ©',0),(4633,'λ¶ν¨μ μ΄μ½”ν•μ„',0),(4634,'λ‹¨λ‹¨ν• μΏ ν¬λ‹¤μ¤',0),(4635,'μΉΌλ‚  κ°™μ€ λ½€λ',0),(4636,'μ²μ ν• μ£ λ¦¬ν',0),(4637,'νμ°¬ μ£ λ¦¬ν',0),(4638,'λ¬΄μ‹λ¬΄μ‹ν• μΉμ¦λ³Ό',0),(4639,'λ‹¨λ‹¨ν• ν¬μΉ΄μΉ©',0),(4640,'κ²°μ—°ν• μΉ΄μ¤νƒ€λ“',0),(4641,'κΉμ€ κµ¬μ΄κ°μ',0),(4642,'λ¬΄μλΉ„ν• ν›„λ μΉνμ΄',0),(4643,'λ¬΄μλΉ„ν• μ ν¬',0),(4644,'λ¬΄μ •ν• κµ¬κµ¬μ½',0),(4645,'κµ‰μ¥ν• μ¤μ‚¬μ―”',0),(4646,'λΉ„μ¥ν• μ¤λ‹μ»¤μ¦',0),(4647,'ν­λ°μ μΈ λΉ μ‚­',0),(4648,'μ§„μ§€ν• μ¤λ μ¤',0),(4649,'μ¤‘ν›„ν• λΉμΈ ',0),(4650,'μ—­λ™μ μΈ μ΄μ½”ν•μ„',0),(4651,'ν­λ°μ μΈ μΈμ λ―Έμ¤λ‚µ',0),(4652,'μ©λ§Ήν• μ΄μ½”μΉ©μΏ ν‚¤',0),(4653,'λ¬΄μ‹λ¬΄μ‹ν• μ—μ΄μ¤',0),(4654,'κ°•μΈν• κ³ λλ°¥',0),(4655,'λ¶ν¨μ ν¬ν…ν† μΉ©',0),(4656,'κΉμ€ μ¤μ™μΉ©',0),(4657,'λ¬΄κ±°μ΄ νƒ±ν¬λ³΄μ΄',0),(4658,'ν­λ°μ μΈ νλ λ΅λ΅μ‰',0),(4659,'κ΄‘ν­ν• μ°Έν¬λμ»¤',0),(4660,'μ”νΉν• μ¬μΉ©',0),(4661,'λ§‰κ°•ν• ν•λ¦¬λ³΄',0),(4662,'μ² μ €ν• ν¬ν…ν† μΉ©',0),(4663,'λ¬΄μ„μ΄ νΈμ…μ¤',0),(4664,'μ©λ§Ήν• μ£ λ¦¬ν',0),(4665,'λ¶κ°€μΉ¨μ μ— μ•¤μ— μ¦',0),(4666,'κ°•μΈν• λ„λ„¤λ λ„¤',0),(4667,'κ°€νΉν• νΈμ…μ¤',0),(4668,'μ›…μ¥ν• μ΄μ½”μΉ©μΏ ν‚¤',0),(4669,'λ“μ„Ό μΉν† μ¤',0),(4670,'λμ—†λ” μ¤λ‹μ»¤μ¦',0),(4671,'λ¬΄μ‹¬ν• κ°€λ',0),(4672,'μ²λ‘¥ κ°™μ€ μ½μ΄',0),(4673,'μ€λ°€ν• μ΄μ½”μ†΅μ΄',0),(4674,'κ°•λ ¥ν• νΈμ…μ¤',0),(4675,'κ°•λ ¬ν• μƒμ°κΉ΅',0),(4676,'λ€λ‹¨ν• μ›¨ν•μ¤',0),(4677,'μ„λ€ν• κ³ μ†λ―Έ',0),(4678,'λ¬΄μν• μ¤κ°μ',0),(4679,'κ·Ήμ•…ν• λΉ μ‚­',0),(4680,'μ•…λ…ν• ν™λ°λ³Ό',0),(4681,'λ‹¨λ‹¨ν• μΉΈμµΈ',0),(4682,'λ¬΄μ •ν• νΈμ…μ¤',0),(4683,'μ¤‘ν›„ν• λ¨λ‚μΉ΄',0),(4684,'κ°•λ ¬ν• μ¤λ‹μ»¤μ¦',0),(4685,'λ‹¨νΈν• μΉν† μ¤',0),(4686,'μ™„κ°•ν• λ§κ°€λ ›νΈ',0),(4687,'λ¬΄μ •ν• κΏ€κ½λ°°κΈ°',0),(4688,'μ‚¬μ•…ν• μ•Όμ±„νƒ€μ„',0),(4689,'μ©λ§Ήν• μ¤κ°μ',0),(4690,'λ‹¨λ‹¨ν• νλ λ΅λ΅μ‰',0),(4691,'μ²λ‘¥ κ°™μ€ λΉ…νμ΄',0),(4692,'λ‹¨νΈν• μ–‘νλ§',0),(4693,'λ¬΄μ μ ν‚·μΊ£',0),(4694,'λμ§κΈ΄ ν•λ¦¬λ³΄',0),(4695,'λ¬΄μ μ λ°”λ‚λ‚ν‚¥',0),(4696,'λμ§κΈ΄ λ‚μµΈ',0),(4697,'κ³ λ…ν• λ½€λ',0),(4698,'μ²ν•λ¬΄μ μ μ—”μ΄',0),(4699,'λ¬΄μλΉ„ν• νƒ±ν¬λ³΄μ΄',0),(4700,'μ΄μΈμ μΈ μ ν¬',0),(4701,'λ‚ μΉ΄λ΅μ΄ μ—”μ΄',0),(4702,'λ‹¨λ‹¨ν• λ²„ν„°μ™€ν”',0),(4703,'λ§Ήλ ¬ν• μ£ λ¦¬ν',0),(4704,'κ°•λ ¬ν• μμΌλ¦¬ν†¨',0),(4705,'μ΄κ°•λ ¥ν• λ°”λ‚λ‚ν‚¥',0),(4706,'κ°€νΉν• μ΄μ½”ν•μ„',0),(4707,'λ¬΄μ μ μ΄μ½”ν•μ„',0),(4708,'κ·Ήμ•…ν• λ§μΉ΄λ΅±',0),(4709,'λ§Ήλ ¬ν• λ°”λ‚λ‚ν‚¥',0),(4710,'μ›…μ¥ν• λ¨λ‚μΉ΄',0),(4711,'κµ³κ±΄ν• μ— μ•¤μ— μ¦',0),(4712,'λ¬΄μν• κ°μκΉ΅',0),(4713,'κ³ λ…ν• λ¦¬μΈ ',0),(4714,'λ²”μ ‘ν•  μ μ—†λ” μ°Έν¬λμ»¤',0),(4715,'μ°λ μ°¬ κ°€λ‚νμ΄',0),(4716,'μ”νΉν• μ¤λ‹μ»¤μ¦',0),(4717,'ν™©ν™€ν• ν¬λ¦¬μ¤ν”Όλ΅¤',0),(4718,'λ¬΄μ‹λ¬΄μ‹ν• μ¤κ°μ',0),(4719,'μ©λ§Ήν• λ‚μµΈ',0),(4720,'νμ°¬ λΉ λ‹¤μ½”μ½”λ‚«',0),(4721,'λΉν‹μ—†λ” μ ν¬',0),(4722,'κΈ‰κ²©ν• μ€λ΅λ³„',0),(4723,'λ¬΄μ‹¬ν• λ½€λ',0),(4724,'κ³ λ…ν• μ¤λ‹μ»¤μ¦',0),(4725,'μμ›ν• ν¬μΉ΄μΉ©',0),(4726,'μ²ν•λ¬΄μ μ μ΄μ½”νμ΄',0),(4727,'μ§‘μ”ν• κ°€λ‚νμ΄',0),(4728,'λ¶ν¨μ μ΄μ½”μΉ©μΏ ν‚¤',0),(4729,'λ¬΄μ •ν• μ•Όμ±„νƒ€μ„',0),(4730,'μ λ€μ μΈ μ½μ΄',0),(4731,'λ¶νƒ€λ” μ‚¬λΈλ ',0),(4732,'μ€λ°€ν• κ°€λ',0),(4733,'λ¬΄κ±°μ΄ μ€λ΅λ³„',0),(4734,'λ“μ„Ό λ‚μµΈ',0),(4735,'μΉΌλ‚  κ°™μ€ ν¬λμ»¤',0),(4736,'νμ°¬ κ³ μ†λ―Έ',0),(4737,'μΉμ—΄ν• λ²„ν„°μ™€ν”',0),(4738,'λ¶νƒ€λ” ν‚·μΊ£',0),(4739,'λμ—†λ” κµ¬μ΄κ°μ',0),(4740,'λΉν‹μ—†λ” μΈμ λ―Έμ¤λ‚µ',0),(4741,'ν—μ¤€ν• κ³ λλ°¥',0),(4742,'κµ‰μ¥ν• λ°”λ‚λ‚ν‚¥',0),(4743,'λκ°™μ€ μ€λ΅λ³„',0),(4744,'κ°•λ ¥ν• μΉ™μ΄‰',0),(4745,'λ¶νƒ€λ” μ•μƒμ°μΉ©',0),(4746,'λ¬΄μ„μ΄ μ½μ΄',0),(4747,'λ¬΄μ‡ κ°™μ€ νλ λ΅λ΅μ‰',0),(4748,'μ™„κ°•ν• λ²„ν„°μ™€ν”',0),(4749,'λμ—†λ” λ„λ„¤λ λ„¤',0),(4750,'ν­λ°μ μΈ μ΄μ½”ν•μ„',0),(4751,'λκ°™μ€ μ›¨ν•μ¤',0),(4752,'μ‹ λ…μ μκ°μΉ',0),(4753,'μ”νΉν• μΉ΄μ¤νƒ€λ“',0),(4754,'μ²λ‘¥ κ°™μ€ λ§κ°€λ ›νΈ',0),(4755,'λ€λ‹¨ν• μ—”μ΄',0),(4756,'κµ‰μ¥ν• μΉ™μ΄‰',0),(4757,'λ§‰κ°•ν• λ½€λ',0),(4758,'λκ°™μ€ κΌ¬κΉ”μ½',0),(4759,'κµ³κ±΄ν• ν•λ¦¬λ³΄',0),(4760,'λ¬΄μλΉ„ν• ν¬λμ»¤',0),(4761,'μ²λ‘¥ κ°™μ€ μ€λ΅λ³„',0),(4762,'λ‚ μΉ΄λ΅μ΄ ν—λ‹λ²„ν„°μΉ©',0),(4763,'κ²©λ ¬ν• ν•λ¦¬λ³΄',0),(4764,'λ¬΄μ‹¬ν• κΌ¬κΉ”μ½',0),(4765,'κΈ‰κ²©ν• ν¬μΉ΄μΉ©',0),(4766,'μ€λ°€ν• μ΄μ½”ν•μ„',0),(4767,'λ¬΄μ„μ΄ ν¬μΉ΄μΉ©',0),(4768,'λ¶λ³€μ ν¬μΉ΄μΉ©',0),(4769,'κ³Όκ°ν• ν¬λ¦¬μ¤ν”Όλ΅¤',0),(4770,'κ°•μΈν• ν‚·μΊ£',0),(4771,'λ¶μ‚¬μ‹ μ μΉ΄μ¤νƒ€λ“',0),(4772,'κµ‰μ¥ν• μ°Έν¬λμ»¤',0),(4773,'λ¬΄μ‡ κ°™μ€ κ°€λ‚νμ΄',0),(4774,'μ›…μ¥ν• μΏ ν¬λ‹¤μ¤',0),(4775,'ν—μ¤€ν• μ™€μ‚­λ°”',0),(4776,'λ“μ„Ό μ—”μ΄',0),(4777,'λ¶λ³€μ ν¬λ¦¬μ¤ν”Όλ΅¤',0),(4778,'λ¬΄μ μ ν—λ‹λ²„ν„°μΉ©',0),(4779,'λ§Ήλ ¬ν• λ§μΉ΄λ΅±',0),(4780,'λ¬΄μ„μ΄ μ¤λ‹μ»¤μ¦',0),(4781,'λ¬΄ν•ν• μΉΈμµΈ',0),(4782,'κ²©λ ¬ν• μκ°μΉ',0),(4783,'μ²μ ν• μ—μ΄μ¤',0),(4784,'μ§„μ§€ν• μ— μ•¤μ— μ¦',0),(4785,'κ΄‘ν­ν• μΉ™μ΄‰',0),(4786,'κ³ λ…ν• λΉΌλΉΌλ΅',0),(4787,'μ©λ§Ήν• ν™λ°λ³Ό',0),(4788,'λ¬΄κ±°μ΄ μΉΈμµΈ',0),(4789,'λμ—†λ” λΉΌλΉΌλ΅',0),(4790,'λ‹¨λ‹¨ν• μ ν¬',0),(4791,'λ¶κ°€μΉ¨μ μ™€ν΄',0),(4792,'μ λ€μ μΈ μΉΈμµΈ',0),(4793,'ν­λ°μ μΈ μ΄μ½”μΉ©μΏ ν‚¤',0),(4794,'λ¶μ‚¬μ‹ μ μ¤μ™μΉ©',0),(4795,'ν—λ‚ν• κΏ€κ½λ°°κΈ°',0),(4796,'λΉ„μ¥ν• λΉ μ‚­',0),(4797,'μ²ν•λ¬΄μ μ μ™€μ‚­λ°”',0),(4798,'κ³ λ…ν• μΉΈμµΈ',0),(4799,'λ‹¨νΈν• κµ¬κµ¬μ½',0),(4800,'λ¬΄μ‡ κ°™μ€ ν¬μΉ΄μΉ©',0),(4801,'λ¬΄μ •ν• μΉ΄μ¤νƒ€λ“',0),(4802,'λ‹¨λ‹¨ν• ν”„λ§κΈ€μ¤',0),(4803,'κ²©λ ¬ν• ν›„λ μΉνμ΄',0),(4804,'λ¶μ‚¬μ‹ μ μ¬μΉ©',0),(4805,'νκ΄΄μ μΈ λ§κ°€λ ›νΈ',0),(4806,'μ λ€μ μΈ μ£ μ¤λ°”',0),(4807,'ν—μ¤€ν• νƒ±ν¬λ³΄μ΄',0),(4808,'κµ³κ±΄ν• κµ¬μ΄κ°μ',0),(4809,'μ΄μ›”μ μΈ μ΄μ½”ν•μ„',0),(4810,'λ²”μ ‘ν•  μ μ—†λ” ν¬λμ»¤',0),(4811,'λ¶μ‚¬μ‹ μ μ΄μ½”νμ΄',0),(4812,'κΉμ€ μ¤λ μ¤',0),(4813,'κ°•λ ¬ν• λΉμΈ ',0),(4814,'ν—λ‚ν• μ¤μ™μΉ©',0),(4815,'μ•”ν‘μ ν”„λ§κΈ€μ¤',0),(4816,'κΈ΄λ°•ν• ν¬ν…ν† μΉ©',0),(4817,'λ‹¨λ‹¨ν• μ¤λ μ¤',0),(4818,'μΉΌλ‚  κ°™μ€ μ£ λ¦¬ν',0),(4819,'κ²°μ—°ν• μ°Έν¬λμ»¤',0),(4820,'λ§‰κ°•ν• ν¬λ°ν‚¤',0),(4821,'κ°€νΉν• λ¨λ‚μΉ΄',0),(4822,'μ§„μ§€ν• ν¬λμ»¤',0),(4823,'λμ—†λ” μΉ™μ΄‰',0),(4824,'ν—μ¤€ν• μ¤κ°μ',0),(4825,'μ°¨κ°€μ΄ κΏ€κ½λ°°κΈ°',0),(4826,'λ§¤μ„μ΄ μΉμ¦λ³Ό',0),(4827,'κ·Ήμ•…ν• λ½€λ',0),(4828,'μ™„κ°•ν• κ³ μ†λ―Έ',0),(4829,'μ™„κ°•ν• μ–‘νλ§',0),(4830,'λ‚ μΉ΄λ΅μ΄ ν™λ°λ³Ό',0),(4831,'μΉμ—΄ν• λΉμΈ ',0),(4832,'κ°•λ ¬ν• μ£ λ¦¬ν',0),(4833,'κΉμ€ ν•λ¦¬λ³΄',0),(4834,'λ¬΄μ‹λ¬΄μ‹ν• λΉ λ‹¤μ½”μ½”λ‚«',0),(4835,'μ‚¬μ•…ν• λ°€ν¬μΉ΄λΌλ©',0),(4836,'μ²μ ν• ν‚·μΊ£',0),(4837,'λ¬΄μλΉ„ν• μ¤μ™μΉ©',0),(4838,'λ§¤μ„μ΄ μΉ™μ΄‰',0),(4839,'λ¬΄μ‹λ¬΄μ‹ν• ν•λ¦¬λ³΄',0),(4840,'μ•”ν‘μ ν›„λ μΉνμ΄',0),(4841,'λΉ„μ¥ν• ν¬ν…ν† μΉ©',0),(4842,'λΉν‹μ—†λ” κ°€λ',0),(4843,'μ§‘μ”ν• λΉ λ‹¤μ½”μ½”λ‚«',0),(4844,'ν­λ°μ μΈ μ£ μ¤λ°”',0),(4845,'κ°€μ°¨μ—†λ” μ¤κ°μ',0),(4846,'μ€λ°€ν• μ•Όμ±„νƒ€μ„',0),(4847,'μ°¨κ°€μ΄ κµ¬μ΄κ°μ',0),(4848,'μ—­λ™μ μΈ μ£ μ¤λ°”',0),(4849,'μ™„κ°•ν• μ΄μ½”μΉ©μΏ ν‚¤',0),(4850,'κ°•μΈν• μ°Έν¬λμ»¤',0),(4851,'λμ—†λ” λΉμΈ ',0),(4852,'λ¶κµ΄μ λ°€ν¬μΉ΄λΌλ©',0),(4853,'μ©λ§Ήν• μ•μƒμ°μΉ©',0),(4854,'κµ³κ±΄ν• μ•Όμ±„νƒ€μ„',0),(4855,'λ¶κ°€μΉ¨μ κΌ¬κΉ”μ½',0),(4856,'κΈ‰κ²©ν• μ—”μ΄',0),(4857,'κ°•λ ¬ν• ν‚·μΊ£',0),(4858,'κ³ λ…ν• μΉν† μ¤',0),(4859,'λ¶κ°€μΉ¨μ μ¤μ™μΉ©',0),(4860,'μ”νΉν• μ›¨ν•μ¤',0),(4861,'λ‚ μΉ΄λ΅μ΄ λ„λ„¤λ λ„¤',0),(4862,'κ°•λ ¬ν• μ™€ν΄',0),(4863,'ν—λ‚ν• λ¨λ‚μΉ΄',0),(4864,'κ°€μ°¨μ—†λ” μΉν† μ¤',0),(4865,'μ›…μ¥ν• μ΄μ½”μ†΅μ΄',0),(4866,'λΉν‹μ—†λ” μ¤μ™μΉ©',0),(4867,'λ¬΄μ μ μƒμ°κΉ΅',0),(4868,'μ••λ„μ μΈ μ€λ΅λ³„',0),(4869,'μ°¨κ°€μ΄ μ—”μ΄',0),(4870,'λ¶ν¨μ κΏ€κ½λ°°κΈ°',0),(4871,'μ§€λ…ν• μ›¨ν•μ¤',0),(4872,'ν—μ•…ν• μ΄μ½”μ†΅μ΄',0),(4873,'λ‹¨λ‹¨ν• ν—λ‹λ²„ν„°μΉ©',0),(4874,'μ² μ €ν• μΉν† μ¤',0),(4875,'λ‹Ήλ‹Ήν• μκ°μΉ',0),(4876,'ν—μ•…ν• μ‚¬λΈλ ',0),(4877,'λ¶λ³€μ μ΄μ½”ν•μ„',0),(4878,'κ°•μ§ν• μ—”μ΄',0),(4879,'μ§„μ§€ν• λΉμΈ ',0),(4880,'μμ›ν• μΏ ν¬λ‹¤μ¤',0),(4881,'λ€λ‹΄ν• μ–‘νλ§',0),(4882,'λ€λ‹΄ν• λΉμΈ ',0),(4883,'μ§€λ…ν• μ°Έν¬λμ»¤',0),(4884,'μΉμ—΄ν• μ¤λ μ¤',0),(4885,'ν­λ°μ μΈ λ‚μµΈ',0),(4886,'λ¬΄μ‹λ¬΄μ‹ν• λΉ μ‚­',0),(4887,'λΉν‹μ—†λ” μΉ΄μ¤νƒ€λ“',0),(4888,'ν—λ‚ν• μ•Όμ±„νƒ€μ„',0),(4889,'μ—­λ™μ μΈ μ¬μΉ©',0),(4890,'λ¬΄μ •ν• λ½€λ',0),(4891,'μ‚¬μ•…ν• νƒ±ν¬λ³΄μ΄',0),(4892,'κ°€μ°¨μ—†λ” λ½€λ',0),(4893,'λ¬΄μ •ν• μ— μ•¤μ— μ¦',0),(4894,'κ΄‘ν­ν• μƒμ°κΉ΅',0),(4895,'λ¬΄μ •ν• μΉΈμµΈ',0),(4896,'μΉΌλ‚  κ°™μ€ μΉ™μ΄‰',0),(4897,'μ²μ ν• μΉ΄μ¤νƒ€λ“',0),(4898,'μ›…μ¥ν• μ¤λ μ¤',0),(4899,'μ°λ μ°¬ μ΄μ½”ν•μ„',0),(4900,'μ¤‘ν›„ν• μ—μ΄μ¤',0),(4901,'μ΄μΈμ μΈ μ΄μ½”μ†΅μ΄',0),(4902,'λ¶νƒ€λ” μ¤λ‹μ»¤μ¦',0),(4903,'μ΄μΈμ μΈ κµ¬μ΄κ°μ',0),(4904,'κ·Ήμ•…ν• μ΄μ½”μ†΅μ΄',0),(4905,'μ•”ν‘μ ν¬λ°ν‚¤',0),(4906,'μ²μ ν• κ°€λ',0),(4907,'κ²°μ—°ν• ν‚·μΊ£',0),(4908,'κ°€μ°¨μ—†λ” μ¤λ‹μ»¤μ¦',0),(4909,'λμ—†λ” μ—μ΄μ¤',0),(4910,'λ¶νƒ€λ” λ²„ν„°μΏ ν‚¤',0),(4911,'λ¬΄μλΉ„ν• ν™λ°λ³Ό',0),(4912,'λ€λ‹¨ν• ν•λ¦¬λ³΄',0),(4913,'λμ§κΈ΄ νλ λ΅λ΅μ‰',0),(4914,'μΉμ—΄ν• μ£ μ¤λ°”',0),(4915,'λ€λ‹¨ν• μ¤λ¨',0),(4916,'μ΄κ°•λ ¥ν• κµ¬μ΄κ°μ',0),(4917,'κ°•λ ¬ν• κ°μκΉ΅',0),(4918,'ν—λ‚ν• κ³ μ†λ―Έ',0),(4919,'λ‹¨λ‹¨ν• κ³ λλ°¥',0),(4920,'μ λ€μ μΈ λΉμΈ ',0),(4921,'λ¬΄μ‡ κ°™μ€ μΉ΄μ¤νƒ€λ“',0),(4922,'νμ°¬ μ•Όμ±„νƒ€μ„',0),(4923,'μ§„μ§€ν• νƒ±ν¬λ³΄μ΄',0),(4924,'μ‹ λ…μ λ΅―λ°μƒλ“',0),(4925,'κ°•μΈν• μκ°μΉ',0),(4926,'λ¬΄μ‹λ¬΄μ‹ν• μ—”μ΄',0),(4927,'μΉμ—΄ν• κ°€λ',0),(4928,'κ°•μ§ν• μ›¨ν•μ¤',0),(4929,'ν­μ••μ μΈ μ¤λ‹μ»¤μ¦',0),(4930,'λ‹¨λ‹¨ν• κµ¬κµ¬μ½',0),(4931,'μ—­λ™μ μΈ μ•Όμ±„νƒ€μ„',0),(4932,'λ¶κµ΄μ λΉ…νμ΄',0),(4933,'μ λ€μ μΈ ν™λ°λ³Ό',0),(4934,'ν—μ¤€ν• μ£ μ¤λ°”',0),(4935,'μ§€λ…ν• λΉΌλΉΌλ΅',0),(4936,'λ¬΄μ‹¬ν• λ§μΉ΄λ΅±',0),(4937,'λ‹Ήλ‹Ήν• νλ λ΅λ΅μ‰',0),(4938,'μ΄μΈμ μΈ λ²„ν„°μΏ ν‚¤',0),(4939,'μ™„κ°•ν• μ›¨ν•μ¤',0),(4940,'μ €λμ μΈ μΉΈμµΈ',0),(4941,'μ²ν•λ¬΄μ μ ν¬λ¦¬μ¤ν”Όλ΅¤',0),(4942,'μ•”ν‘μ μ¤μ‚¬μ―”',0),(4943,'κ²°μ—°ν• μ–‘νλ§',0),(4944,'μ²μ ν• μμΌλ¦¬ν†¨',0),(4945,'μμ›ν• μ΄μ½”μΉ©μΏ ν‚¤',0),(4946,'ν­λ°μ μΈ κµ¬μ΄κ°μ',0),(4947,'μ΄μΈμ μΈ λ°”λ‚λ‚ν‚¥',0),(4948,'μ••λ„μ μΈ ν¬ν…ν† μΉ©',0),(4949,'λ§¤μ„μ΄ μ ν¬',0),(4950,'λ¬΄μλΉ„ν• μ£ μ¤λ°”',0),(4951,'λ¬΄μ‡ κ°™μ€ ν—λ‹λ²„ν„°μΉ©',0),(4952,'μΉΌλ‚  κ°™μ€ μ¤λ¨',0),(4953,'μ€λ°€ν• λΉΌλΉΌλ΅',0),(4954,'κ°€νΉν• μ•μƒμ°μΉ©',0),(4955,'μ²λ‘¥ κ°™μ€ λ΅―λ°μƒλ“',0),(4956,'κ²°μ—°ν• μ™€μ‚­λ°”',0),(4957,'λ¶κµ΄μ λ„λ„¤λ λ„¤',0),(4958,'λ¬΄μ •ν• μ¤μ‚¬μ―”',0),(4959,'μ§„μ§€ν• μ£ λ¦¬ν',0),(4960,'μ²λ‘¥ κ°™μ€ ν¬λμ»¤',0),(4961,'μ²λ‘¥ κ°™μ€ μ¤λ μ¤',0),(4962,'λ¶νƒ€λ” ν•λ¦¬λ³΄',0),(4963,'κ³ λ…ν• μ™€μ‚­λ°”',0),(4964,'λ€λ‹¨ν• μΉ΄μ¤νƒ€λ“',0),(4965,'μ™„κ°•ν• μ•Όμ±„νƒ€μ„',0),(4966,'μ¤‘ν›„ν• μ¤λ‹μ»¤μ¦',0),(4967,'λΉν‹μ—†λ” μ—μ΄μ¤',0),(4968,'κ³Όκ°ν• μ΄μ½”μΉ©μΏ ν‚¤',0),(4969,'κΈ΄λ°•ν• λΉΌλΉΌλ΅',0),(4970,'μ›…μ¥ν• μ— μ•¤μ— μ¦',0),(4971,'λ¬΄μ μ λΉΌλΉΌλ΅',0),(4972,'λ¬΄κ±°μ΄ κΌ¬κΉ”μ½',0),(4973,'λ¶νƒ€λ” μΉ΄μ¤νƒ€λ“',0),(4974,'μΉΌλ‚  κ°™μ€ μ¤λ‹μ»¤μ¦',0),(4975,'κΈ‰κ²©ν• ν—λ‹λ²„ν„°μΉ©',0),(4976,'λ‹Ήλ‹Ήν• κ³ μ†λ―Έ',0),(4977,'λ¶κµ΄μ ν•λ¦¬λ³΄',0),(4978,'λμ—†λ” λ¨λ‚μΉ΄',0),(4979,'μ΄μ›”μ μΈ μ¤μ‚¬μ―”',0),(4980,'μ§€λ…ν• μ€λ΅λ³„',0),(4981,'λ¶λ³€μ μ–‘νλ§',0),(4982,'νμ°¬ μ¬μΉ©',0),(4983,'μ΄μ›”μ μΈ μ–‘νλ§',0),(4984,'κ°€νΉν• κ³ μ†λ―Έ',0),(4985,'μ€λ°€ν• μ£ μ¤λ°”',0),(4986,'κΈ΄λ°•ν• μΉν† μ¤',0),(4987,'λ‹Ήλ‹Ήν• λ°€ν¬μΉ΄λΌλ©',0),(4988,'μΉλ…μ μΈ μ¤λ‹μ»¤μ¦',0),(4989,'μ‚¬μ•…ν• μ΄μ½”νμ΄',0),(4990,'λ¬΄μλΉ„ν• μ¤λ‹μ»¤μ¦',0),(4991,'λ¬΄μλΉ„ν• μΉ™μ΄‰',0),(4992,'μ‹ λ…μ λ½€λ',0),(4993,'κ°€μ°¨μ—†λ” ν•λ¦¬λ³΄',0),(4994,'κ²©λ ¬ν• μΉΈμµΈ',0),(4995,'λ¬΄μ μ μ ν¬',0),(4996,'λΉ„μ¥ν• μ΄μ½”μΉ©μΏ ν‚¤',0),(4997,'κ°•μΈν• μΉΈμµΈ',0),(4998,'μ²μ ν• μΉν† μ¤',0),(4999,'λ¶ν¨μ μ–‘νλ§',0),(5000,'κ²°μ—°ν• λ΅―λ°μƒλ“',0),(5001,'λ¶κµ΄μ λ¦¬μΈ ',0),(5002,'μΉΌλ‚  κ°™μ€ μΉν† μ¤',0),(5003,'μ•…λ…ν• νƒ±ν¬λ³΄μ΄',0),(5004,'ν­λ°μ μΈ λ§κ°€λ ›νΈ',0),(5005,'κ²°μ—°ν• λ‚μµΈ',0),(5006,'μμ›ν• μ—μ΄μ¤',0),(5007,'κ²¬κ³ ν• μ¬μΉ©',0),(5008,'μ§‘μ”ν• λΉμΈ ',0),(5009,'κ²¬κ³ ν• λ°€ν¬μΉ΄λΌλ©',0),(5010,'μ΄μ›”μ μΈ λΉ λ‹¤μ½”μ½”λ‚«',0),(5011,'μ©λ§Ήν• μ¤λ¨',0),(5012,'λ“μ„Ό μ°Έν¬λμ»¤',0),(5013,'μ§€λ…ν• μ¤μ‚¬μ―”',0),(5014,'λ¬΄μν• μΈμ λ―Έμ¤λ‚µ',0),(5015,'μμ›ν• λ§μΉ΄λ΅±',0),(5016,'ν—μ¤€ν• μ— μ•¤μ— μ¦',0),(5017,'μ•…λ…ν• ν›„λ μΉνμ΄',0),(5018,'λΉ„μ¥ν• μ›¨ν•μ¤',0),(5019,'λ¶ν¨μ μ•μƒμ°μΉ©',0),(5020,'μ¤‘ν›„ν• λ°€ν¬μΉ΄λΌλ©',0),(5021,'ν—λ‚ν• ν•λ¦¬λ³΄',0),(5022,'λ‹¨λ‹¨ν• νƒ±ν¬λ³΄μ΄',0),(5023,'λ¬΄μ •ν• κ°€λ',0),(5024,'μ°¨κ°€μ΄ νλ λ΅λ΅μ‰',0),(5025,'μ§€λ…ν• λ°”λ‚λ‚ν‚¥',0),(5026,'νμ°¬ μΏ ν¬λ‹¤μ¤',0),(5027,'κ³Όκ°ν• κ³ λλ°¥',0),(5028,'κ°•λ ¬ν• ν›„λ μΉνμ΄',0),(5029,'ν¬μ² ν• μ€λ΅λ³„',0),(5030,'μ΄κ°•λ ¥ν• λ‚μµΈ',0),(5031,'λ§¤μ„μ΄ μ°Έν¬λμ»¤',0),(5032,'κµ³κ±΄ν• λ½€λ',0),(5033,'μ²ν•λ¬΄μ μ νƒ±ν¬λ³΄μ΄',0),(5034,'λμ§κΈ΄ μ™€ν΄',0),(5035,'λ§Ήλ ¬ν• μ¤μ‚¬μ―”',0),(5036,'μ•…λ…ν• λΉ μ‚­',0),(5037,'νκ΄΄μ μΈ κµ¬μ΄κ°μ',0),(5038,'ν™•κ³ ν• μ¤λ μ¤',0),(5039,'μ €λμ μΈ κ°μκΉ΅',0),(5040,'λΉν‹μ—†λ” κ°μκΉ΅',0),(5041,'κ°•μΈν• λΉΌλΉΌλ΅',0),(5042,'κ°€μ°¨μ—†λ” ν¬μΉ΄μΉ©',0),(5043,'λ¶μ‚¬μ‹ μ κ°μκΉ΅',0),(5044,'ν—μ•…ν• μΉμ¦λ³Ό',0),(5045,'μ›…μ¥ν• μ¤μ‚¬μ―”',0),(5046,'λ‹¨νΈν• κΌ¬κΉ”μ½',0),(5047,'μ©λ§Ήν• λ½€λ',0),(5048,'λΉν‹μ—†λ” ν¬λ¦¬μ¤ν”Όλ΅¤',0),(5049,'μ‚¬μ•…ν• μ›¨ν•μ¤',0),(5050,'μ‚¬λ‚μ΄ λ²„ν„°μΏ ν‚¤',0),(5051,'νμ°¬ κµ¬μ΄κ°μ',0),(5052,'μμ›ν• ν›„λ μΉνμ΄',0),(5053,'λ¬΄μ‹¬ν• μ›¨ν•μ¤',0),(5054,'μ••λ„μ μΈ ν•λ¦¬λ³΄',0),(5055,'ν—μ¤€ν• μΉν† μ¤',0),(5056,'μ‚¬λ‚μ΄ μ£ μ¤λ°”',0),(5057,'κ°€νΉν• μ¤λ‹μ»¤μ¦',0),(5058,'μ§€λ…ν• κµ¬μ΄κ°μ',0),(5059,'μΉλ…μ μΈ μƒμ°κΉ΅',0),(5060,'λ¶μ‚¬μ‹ μ μ¤λ¨',0),(5061,'λ€λ‹΄ν• κΏ€κ½λ°°κΈ°',0),(5062,'μ‚¬μ•…ν• κΌ¬κΉ”μ½',0),(5063,'μ λ€μ μΈ κΏ€κ½λ°°κΈ°',0),(5064,'ν¬μ² ν• μ°Έν¬λμ»¤',0),(5065,'μ΄μΈμ μΈ μ— μ•¤μ— μ¦',0),(5066,'λ¶ν¨μ μΉΈμµΈ',0),(5067,'κΉμ€ μ™€μ‚­λ°”',0),(5068,'μ©λ§Ήν• μ¤μ™μΉ©',0),(5069,'μ΄μ›”μ μΈ ν¬λμ»¤',0),(5070,'κ°•λ ¥ν• μ΄μ½”ν•μ„',0),(5071,'λ¶κ°€μΉ¨μ μ¤λ¨',0),(5072,'κ²°μ—°ν• μ—”μ΄',0),(5073,'ν™•κ³ ν• ν•λ¦¬λ³΄',0),(5074,'κΉμ€ μ¤λ‹μ»¤μ¦',0),(5075,'μ—­λ™μ μΈ μκ°μΉ',0),(5076,'λ‹¨νΈν• ν”„λ§κΈ€μ¤',0),(5077,'μ €λμ μΈ μ ν¬',0),(5078,'λ¶μ‚¬μ‹ μ λ‚μµΈ',0),(5079,'λ²”μ ‘ν•  μ μ—†λ” μ•μƒμ°μΉ©',0),(5080,'μ΄μΈμ μΈ κ°€λ',0),(5081,'λ€λ‹΄ν• μ¬μΉ©',0),(5082,'ν™•κ³ ν• μ£ μ¤λ°”',0),(5083,'λ¬΄μλΉ„ν• μ™€μ‚­λ°”',0),(5084,'κΈ΄λ°•ν• λ°”λ‚λ‚ν‚¥',0),(5085,'μ²ν•λ¬΄μ μ λ°”λ‚λ‚ν‚¥',0),(5086,'μ΄μ›”μ μΈ μƒμ°κΉ΅',0),(5087,'λ§‰κ°•ν• μΉ΄μ¤νƒ€λ“',0),(5088,'μ•…λ…ν• μ™€μ‚­λ°”',0),(5089,'μ••λ„μ μΈ μ›¨ν•μ¤',0),(5090,'ν­μ••μ μΈ λΉ μ‚­',0),(5091,'μ΄κ°•λ ¥ν• μƒμ°κΉ΅',0),(5092,'μ°λ μ°¬ ν¬λ¦¬μ¤ν”Όλ΅¤',0),(5093,'ν—μ•…ν• μ¤μ™μΉ©',0),(5094,'λ¬΄κ±°μ΄ μ΄μ½”μ†΅μ΄',0),(5095,'μ¤‘ν›„ν• μ›¨ν•μ¤',0),(5096,'κ°•μΈν• μ¤μ™μΉ©',0),(5097,'λ¬΄μλΉ„ν• ν¬λ¦¬μ¤ν”Όλ΅¤',0),(5098,'λ¶κµ΄μ μ™€μ‚­λ°”',0),(5099,'κΉμ€ κ°€λ',0),(5100,'κ°€μ°¨μ—†λ” μ΄μ½”μ†΅μ΄',0),(5101,'μΉμ—΄ν• ν—λ‹λ²„ν„°μΉ©',0),(5102,'μ²ν•λ¬΄μ μ μƒμ°κΉ΅',0),(5103,'λΉ„μ¥ν• κ°€λ‚νμ΄',0),(5104,'νμ°¬ λ„λ„¤λ λ„¤',0),(5105,'λ§‰κ°•ν• κ°€λ',0),(5106,'λ¬΄κ±°μ΄ ν—λ‹λ²„ν„°μΉ©',0),(5107,'μ΄κ°•λ ¥ν• μ¤λ μ¤',0),(5108,'μ‚¬μ•…ν• μκ°μΉ',0),(5109,'μ²λ‘¥ κ°™μ€ κ°€λ',0),(5110,'μ©λ§Ήν• λΉΌλΉΌλ΅',0),(5111,'λ¬΄μ‹λ¬΄μ‹ν• μΉν† μ¤',0),(5112,'λ‹¨λ‹¨ν• λ°”λ‚λ‚ν‚¥',0),(5113,'λ‚ μΉ΄λ΅μ΄ μ¬μΉ©',0),(5114,'ν¬μ² ν• ν¬λ°ν‚¤',0),(5115,'λ¬΄μ •ν• μ•μƒμ°μΉ©',0),(5116,'κ°€μ°¨μ—†λ” λ‚μµΈ',0),(5117,'ν™©ν™€ν• λ§μΉ΄λ΅±',0),(5118,'μ λ€μ μΈ ν—λ‹λ²„ν„°μΉ©',0),(5119,'μ©λ§Ήν• μ™€μ‚­λ°”',0),(5120,'μΉλ…μ μΈ λ²„ν„°μΏ ν‚¤',0),(5121,'μ§‘μ”ν• ν‚·μΊ£',0),(5122,'κ³Όκ°ν• μ—μ΄μ¤',0),(5123,'μ„λ€ν• λ΅―λ°μƒλ“',0),(5124,'κ°€νΉν• λ¦¬μΈ ',0),(5125,'μ² μ €ν• μ¤κ°μ',0),(5126,'λ“μ„Ό μ— μ•¤μ— μ¦',0),(5127,'ν—μ•…ν• λ§μΉ΄λ΅±',0),(5128,'μ¤‘ν›„ν• μ£ μ¤λ°”',0),(5129,'μΉμ—΄ν• μ™€μ‚­λ°”',0),(5130,'λ¶νƒ€λ” λΉ μ‚­',0),(5131,'κ°•μΈν• μμΌλ¦¬ν†¨',0),(5132,'λΉ„μ¥ν• νƒ±ν¬λ³΄μ΄',0),(5133,'λ§Ήλ ¬ν• μ¬μΉ©',0),(5134,'λ‹Ήλ‹Ήν• μ΄μ½”νμ΄',0),(5135,'λ²”μ ‘ν•  μ μ—†λ” λ²„ν„°μ™€ν”',0),(5136,'λ¬΄μ‹¬ν• λ¦¬μΈ ',0),(5137,'μ•”ν‘μ μ΄μ½”μ†΅μ΄',0),(5138,'κ°€μ°¨μ—†λ” κ°μκΉ΅',0),(5139,'λμ—†λ” λ²„ν„°μΏ ν‚¤',0),(5140,'νκ΄΄μ μΈ λ½€λ',0),(5141,'κ°€νΉν• μ–‘νλ§',0),(5142,'κ°€νΉν• μ½μ΄',0),(5143,'ν™©ν™€ν• ν—λ‹λ²„ν„°μΉ©',0),(5144,'μ•”ν‘μ μμΌλ¦¬ν†¨',0),(5145,'λ§Ήλ ¬ν• λ‚μµΈ',0),(5146,'ν™•κ³ ν• λΉ…νμ΄',0),(5147,'λ‹¨λ‹¨ν• μ½μ΄',0),(5148,'μ €λμ μΈ κ³ λλ°¥',0),(5149,'μ™„κ°•ν• μΉΈμµΈ',0),(5150,'μ§„μ§€ν• μ°Έν¬λμ»¤',0),(5151,'λκ°™μ€ μ‚¬λΈλ ',0),(5152,'μ λ€μ μΈ νΈμ…μ¤',0),(5153,'μ••λ„μ μΈ λΉΌλΉΌλ΅',0),(5154,'νμ°¬ μ—”μ΄',0),(5155,'κµ‰μ¥ν• ν¬λ¦¬μ¤ν”Όλ΅¤',0),(5156,'μ² μ €ν• λΉ μ‚­',0),(5157,'ν™©ν™€ν• μ‚¬λΈλ ',0),(5158,'μ²λ‘¥ κ°™μ€ μκ°μΉ',0),(5159,'κ³Όκ°ν• λΉ…νμ΄',0),(5160,'μ§‘μ”ν• μ¤λ μ¤',0),(5161,'λ¶ν¨μ μ΄μ½”νμ΄',0),(5162,'μΉΌλ‚  κ°™μ€ μ— μ•¤μ— μ¦',0),(5163,'κ°•μΈν• μ€λ΅λ³„',0),(5164,'λ§¤μ„μ΄ λ§μΉ΄λ΅±',0),(5165,'κ°•μ§ν• ν”„λ§κΈ€μ¤',0),(5166,'κ°•λ ¬ν• μ— μ•¤μ— μ¦',0),(5167,'κ°€μ°¨μ—†λ” μ£ μ¤λ°”',0),(5168,'κ²°μ—°ν• κ³ μ†λ―Έ',0),(5169,'μ°¨κ°€μ΄ λ§μΉ΄λ΅±',0),(5170,'λκ°™μ€ λ½€λ',0),(5171,'λκ°™μ€ μ•μƒμ°μΉ©',0),(5172,'μ•”ν‘μ μ¤λ μ¤',0),(5173,'μΉλ…μ μΈ μ™€μ‚­λ°”',0),(5174,'λ¶λ³€μ κΏ€κ½λ°°κΈ°',0),(5175,'μΉμ—΄ν• ν•λ¦¬λ³΄',0),(5176,'λ¬΄μ‡ κ°™μ€ ν¬λ°ν‚¤',0),(5177,'λ¶κµ΄μ μ½μ΄',0),(5178,'λκ°™μ€ λ‚μµΈ',0),(5179,'κ°•μ§ν• μΈμ λ―Έμ¤λ‚µ',0),(5180,'λμ—†λ” νλ λ΅λ΅μ‰',0),(5181,'λΉ„μ¥ν• μ¤λ μ¤',0),(5182,'λ¬΄μ μ λ„λ„¤λ λ„¤',0),(5183,'μ§„μ§€ν• μ™€ν΄',0),(5184,'μ΄κ°•λ ¥ν• μ¬μΉ©',0),(5185,'μ΄κ°•λ ¥ν• μ¤μ‚¬μ―”',0),(5186,'μμ›ν• ν”„λ§κΈ€μ¤',0),(5187,'λκ°™μ€ μΉμ¦λ³Ό',0),(5188,'μ €λμ μΈ λ¦¬μΈ ',0),(5189,'κ²©λ ¬ν• ν¬λ°ν‚¤',0),(5190,'μ΄κ°•λ ¥ν• λΉΌλΉΌλ΅',0),(5191,'μ°¨κ°€μ΄ μƒμ°κΉ΅',0),(5192,'λ¶λ³€μ μ¤λ¨',0),(5193,'ν™©ν™€ν• ν”„λ§κΈ€μ¤',0),(5194,'κµ³κ±΄ν• μΉμ¦λ³Ό',0),(5195,'λ¬΄μ μ μ¤μ™μΉ©',0),(5196,'μ§„μ§€ν• μ•μƒμ°μΉ©',0),(5197,'μ••λ„μ μΈ μ΄μ½”νμ΄',0),(5198,'λ§‰κ°•ν• ν›„λ μΉνμ΄',0),(5199,'λΉ„μ¥ν• νΈμ…μ¤',0),(5200,'λ¶μ‚¬μ‹ μ μΏ ν¬λ‹¤μ¤',0),(5201,'μ”νΉν• κ³ μ†λ―Έ',0),(5202,'λ‹Ήλ‹Ήν• λ¨λ‚μΉ΄',0),(5203,'κΈ΄λ°•ν• μ›¨ν•μ¤',0),(5204,'ν™•κ³ ν• ν¬ν…ν† μΉ©',0),(5205,'κµ‰μ¥ν• νƒ±ν¬λ³΄μ΄',0),(5206,'ν™©ν™€ν• μ€λ΅λ³„',0),(5207,'λ¬΄μ„μ΄ μ™€ν΄',0),(5208,'λ€λ‹¨ν• μ¤μ™μΉ©',0),(5209,'κ²¬κ³ ν• λ¦¬μΈ ',0),(5210,'μ€λ°€ν• λΉμΈ ',0),(5211,'μ§€λ…ν• μ¬μΉ©',0),(5212,'μ¤‘ν›„ν• μΈμ λ―Έμ¤λ‚µ',0),(5213,'μ™„κ°•ν• μΉμ¦λ³Ό',0),(5214,'λ¶κ°€μΉ¨μ λ½€λ',0),(5215,'κ²©λ ¬ν• μ›¨ν•μ¤',0),(5216,'μ›…μ¥ν• νλ λ΅λ΅μ‰',0),(5217,'κ°•μΈν• λ¦¬μΈ ',0),(5218,'ν—μ¤€ν• λ¦¬μΈ ',0),(5219,'μ—­λ™μ μΈ κ°μκΉ΅',0),(5220,'μ™„κ°•ν• μΉ΄μ¤νƒ€λ“',0),(5221,'λμ§κΈ΄ μ£ μ¤λ°”',0),(5222,'μ²λ‘¥ κ°™μ€ μ‚¬λΈλ ',0),(5223,'κ·Ήμ•…ν• μΉ΄μ¤νƒ€λ“',0),(5224,'λ§¤μ„μ΄ κµ¬κµ¬μ½',0),(5225,'λ¶μ‚¬μ‹ μ μƒμ°κΉ΅',0),(5226,'νκ΄΄μ μΈ λ°€ν¬μΉ΄λΌλ©',0),(5227,'λ¬΄μ •ν• μ™€μ‚­λ°”',0),(5228,'κ°•μΈν• μΏ ν¬λ‹¤μ¤',0),(5229,'μ™„κ°•ν• λΉ…νμ΄',0),(5230,'κ°•μΈν• μ–‘νλ§',0),(5231,'κΈ‰κ²©ν• μ•μƒμ°μΉ©',0),(5232,'λ€λ‹¨ν• ν‚·μΊ£',0),(5233,'λ¶κµ΄μ ν”„λ§κΈ€μ¤',0),(5234,'μ•…λ…ν• λ½€λ',0),(5235,'μ΄μΈμ μΈ μ¤λ¨',0),(5236,'μ λ€μ μΈ μ¤λ‹μ»¤μ¦',0),(5237,'κµ‰μ¥ν• μΏ ν¬λ‹¤μ¤',0),(5238,'κ°•λ ¥ν• λΉΌλΉΌλ΅',0),(5239,'λ‹¨νΈν• λ§κ°€λ ›νΈ',1),(5240,'λ¶νƒ€λ” λΉ…νμ΄',0),(5241,'μ›…μ¥ν• μΈμ λ―Έμ¤λ‚µ',0),(5242,'κ°•μ§ν• λΉΌλΉΌλ΅',0),(5243,'κ°€μ°¨μ—†λ” νƒ±ν¬λ³΄μ΄',0),(5244,'μΉΌλ‚  κ°™μ€ μ—”μ΄',0),(5245,'λ²”μ ‘ν•  μ μ—†λ” μ΄μ½”μ†΅μ΄',0),(5246,'λΉν‹μ—†λ” μΉμ¦λ³Ό',0),(5247,'μ‚¬μ•…ν• μ—”μ΄',0),(5248,'κµ‰μ¥ν• μ—”μ΄',0),(5249,'λμ§κΈ΄ λΉμΈ ',0),(5250,'ν—μ¤€ν• μ°Έν¬λμ»¤',0),(5251,'λ¬΄μλΉ„ν• κΏ€κ½λ°°κΈ°',0),(5252,'μ€λ°€ν• λΉ μ‚­',0),(5253,'ν™•κ³ ν• λ¨λ‚μΉ΄',0),(5254,'κ°€νΉν• μ€λ΅λ³„',0),(5255,'λ¶κµ΄μ ν¬λμ»¤',0),(5256,'λ¶λ³€μ λ¦¬μΈ ',0),(5257,'μ”νΉν• λΉμΈ ',0),(5258,'μ—­λ™μ μΈ μΉ΄μ¤νƒ€λ“',0),(5259,'λ¶ν¨μ μΏ ν¬λ‹¤μ¤',0),(5260,'μ•…λ…ν• μ¤μ‚¬μ―”',0),(5261,'λ¬΄μ‹¬ν• μ—”μ΄',0),(5262,'κ³ λ…ν• λ§μΉ΄λ΅±',0),(5263,'μ €λμ μΈ μ£ μ¤λ°”',0),(5264,'λ¶ν¨μ μ™€μ‚­λ°”',0),(5265,'λ§¤μ„μ΄ κ°€λ',0),(5266,'νμ°¬ ν¬λ°ν‚¤',0),(5267,'μΉΌλ‚  κ°™μ€ μμΌλ¦¬ν†¨',0),(5268,'κ²°μ—°ν• κ°μκΉ΅',0),(5269,'λ¶μ‚¬μ‹ μ κ³ μ†λ―Έ',0),(5270,'λ§‰κ°•ν• κ°€λ‚νμ΄',0),(5271,'μ©λ§Ήν• μ–‘νλ§',0),(5272,'λ¬΄μν• λ‚μµΈ',0),(5273,'κ΄‘ν­ν• νλ λ΅λ΅μ‰',0),(5274,'λΉ„μ¥ν• λ„λ„¤λ λ„¤',0),(5275,'λ¬΄κ±°μ΄ μ΄μ½”μΉ©μΏ ν‚¤',0),(5276,'μ²λ‘¥ κ°™μ€ ν‚·μΊ£',0),(5277,'λ¶νƒ€λ” μΉμ¦λ³Ό',0),(5278,'κ°•λ ¥ν• λ²„ν„°μΏ ν‚¤',0),(5279,'λ¬΄μ‡ κ°™μ€ μκ°μΉ',0),(5280,'μ €λμ μΈ κ°€λ‚νμ΄',0),(5281,'μ•”ν‘μ μ™€ν΄',0),(5282,'λμ§κΈ΄ μ›¨ν•μ¤',0),(5283,'μ €λμ μΈ λ½€λ',0),(5284,'λ‹¨νΈν• μ¤μ™μΉ©',0),(5285,'λ¬΄μ‡ κ°™μ€ κ°μκΉ΅',0),(5286,'μ²λ‘¥ κ°™μ€ ν•λ¦¬λ³΄',0),(5287,'λ§¤μ„μ΄ μκ°μΉ',0),(5288,'μ©λ§Ήν• λ΅―λ°μƒλ“',0),(5289,'μ”νΉν• μ¤κ°μ',0),(5290,'μ°¨κ°€μ΄ μ•μƒμ°μΉ©',0),(5291,'μ΄κ°•λ ¥ν• κ°€λ‚νμ΄',0),(5292,'λ“μ„Ό μ¤λ‹μ»¤μ¦',0),(5293,'λ¬΄μ μ λ‚μµΈ',0),(5294,'ν™©ν™€ν• μ•μƒμ°μΉ©',0),(5295,'μ›…μ¥ν• νΈμ…μ¤',0),(5296,'λ§¤μ„μ΄ μΉν† μ¤',0),(5297,'λ¬΄μ‹¬ν• μ¤λ‹μ»¤μ¦',0),(5298,'κ²°μ—°ν• νλ λ΅λ΅μ‰',0),(5299,'κ°€μ°¨μ—†λ” νλ λ΅λ΅μ‰',0),(5300,'κ²°μ—°ν• μ€λ΅λ³„',0),(5301,'μ΄κ°•λ ¥ν• ν™λ°λ³Ό',0),(5302,'νκ΄΄μ μΈ μ™€μ‚­λ°”',0),(5303,'μ—­λ™μ μΈ λ²„ν„°μ™€ν”',0),(5304,'μ‚¬λ‚μ΄ ν‚·μΊ£',0),(5305,'μ§„μ§€ν• μμΌλ¦¬ν†¨',0),(5306,'μ°λ μ°¬ μ›¨ν•μ¤',0),(5307,'μ λ€μ μΈ λ°€ν¬μΉ΄λΌλ©',0),(5308,'κµ‰μ¥ν• μ–‘νλ§',0),(5309,'μΉλ…μ μΈ μΈμ λ―Έμ¤λ‚µ',0),(5310,'μμ›ν• μΉ™μ΄‰',0),(5311,'μ°¨κ°€μ΄ κ°μκΉ΅',0),(5312,'κ°€νΉν• κ°μκΉ΅',0),(5313,'μμ›ν• κ³ μ†λ―Έ',0),(5314,'λκ°™μ€ λ²„ν„°μΏ ν‚¤',0),(5315,'λ¶μ‚¬μ‹ μ μ΄μ½”μ†΅μ΄',0),(5316,'μ‚¬λ‚μ΄ μΉν† μ¤',0),(5317,'μ”νΉν• κ°μκΉ΅',0),(5318,'μ°λ μ°¬ λ°€ν¬μΉ΄λΌλ©',0),(5319,'λ¬΄μ μ κµ¬κµ¬μ½',0),(5320,'μ©λ§Ήν• μΉ™μ΄‰',0),(5321,'μ°¨κ°€μ΄ μ£ μ¤λ°”',0),(5322,'μ§‘μ”ν• λ½€λ',0),(5323,'κ°•μΈν• μ¤κ°μ',0),(5324,'μ”νΉν• μ—μ΄μ¤',0),(5325,'λμ—†λ” μƒμ°κΉ΅',0),(5326,'κ²°μ—°ν• κ°€λ',0),(5327,'λ§‰κ°•ν• ν¬μΉ΄μΉ©',0),(5328,'μ΄κ°•λ ¥ν• μ£ μ¤λ°”',0),(5329,'λΉν‹μ—†λ” ν”„λ§κΈ€μ¤',0),(5330,'ν—μ•…ν• κ³ μ†λ―Έ',0),(5331,'νκ΄΄μ μΈ ν™λ°λ³Ό',0),(5332,'μ΄μΈμ μΈ μ‚¬λΈλ ',0),(5333,'μ΄κ°•λ ¥ν• λ„λ„¤λ λ„¤',0),(5334,'κ³Όκ°ν• λ°”λ‚λ‚ν‚¥',0),(5335,'μ²ν•λ¬΄μ μ ν—λ‹λ²„ν„°μΉ©',0),(5336,'μ§‘μ”ν• κ°μκΉ΅',0),(5337,'κ·Ήμ•…ν• μ™€μ‚­λ°”',0),(5338,'κ²©λ ¬ν• μΈμ λ―Έμ¤λ‚µ',0),(5339,'λ¬΄μ‹¬ν• μ¤κ°μ',0),(5340,'λ¬΄ν•ν• κ°€λ',0),(5341,'μ°λ μ°¬ μ ν¬',0),(5342,'μΉλ…μ μΈ λΉ μ‚­',0),(5343,'ν—μ¤€ν• λ΅―λ°μƒλ“',0),(5344,'λ€λ‹¨ν• κµ¬κµ¬μ½',0),(5345,'λΉ„μ¥ν• λ²„ν„°μΏ ν‚¤',0),(5346,'μ°λ μ°¬ λΉμΈ ',0),(5347,'κ°€μ°¨μ—†λ” μΉΈμµΈ',0),(5348,'λ¶μ‚¬μ‹ μ κΏ€κ½λ°°κΈ°',0),(5349,'ν—λ‚ν• μ¤λ μ¤',0),(5350,'μ²λ‘¥ κ°™μ€ λ²„ν„°μΏ ν‚¤',0),(5351,'λ¬΄μ μ μ—”μ΄',0),(5352,'ν¬μ² ν• μ¤λ¨',0),(5353,'μ„λ€ν• μΉμ¦λ³Ό',0),(5354,'ν—λ‚ν• μΉΈμµΈ',0),(5355,'λ¬΄κ±°μ΄ ν¬ν…ν† μΉ©',0),(5356,'κ²©λ ¬ν• λΉΌλΉΌλ΅',0),(5357,'λ€λ‹΄ν• μΈμ λ―Έμ¤λ‚µ',0),(5358,'κΉμ€ μ ν¬',0),(5359,'μ„λ€ν• λ²„ν„°μ™€ν”',0),(5360,'λ¬΄μ‡ κ°™μ€ μ™€μ‚­λ°”',0),(5361,'λμ—†λ” λΉ…νμ΄',0),(5362,'μ§€λ…ν• λ½€λ',0),(5363,'λ¬΄μν• κµ¬μ΄κ°μ',0),(5364,'λ€λ‹΄ν• ν¬λμ»¤',0),(5365,'μ²μ ν• λ²„ν„°μΏ ν‚¤',0),(5366,'μ΄μ›”μ μΈ μ¤μ™μΉ©',0),(5367,'ν—μ¤€ν• λ½€λ',0),(5368,'μ² μ €ν• λ§μΉ΄λ΅±',0),(5369,'λ¶νƒ€λ” μ½μ΄',0),(5370,'μ²μ ν• λ½€λ',0),(5371,'λ¶μ‚¬μ‹ μ μ΄μ½”μΉ©μΏ ν‚¤',0),(5372,'κ²©λ ¬ν• κ°€λ‚νμ΄',0),(5373,'ν™•κ³ ν• νƒ±ν¬λ³΄μ΄',0),(5374,'μ•…λ…ν• λ²„ν„°μ™€ν”',0),(5375,'λ‹Ήλ‹Ήν• ν—λ‹λ²„ν„°μΉ©',0),(5376,'μ² μ €ν• λ¦¬μΈ ',0),(5377,'μ λ€μ μΈ μ™€ν΄',0),(5378,'λ¬΄μλΉ„ν• λ„λ„¤λ λ„¤',0),(5379,'λ¬΄μ‡ κ°™μ€ λ°”λ‚λ‚ν‚¥',0),(5380,'λ§‰κ°•ν• ν¬ν…ν† μΉ©',0),(5381,'κ°•λ ¬ν• ν”„λ§κΈ€μ¤',0),(5382,'κµ‰μ¥ν• μ ν¬',0),(5383,'μ§„μ§€ν• λ§μΉ΄λ΅±',0),(5384,'λ¬΄ν•ν• λΉμΈ ',0),(5385,'λ¶κµ΄μ μΉν† μ¤',0),(5386,'ν—λ‚ν• ν¬λ¦¬μ¤ν”Όλ΅¤',0),(5387,'λ¬΄ν•ν• μκ°μΉ',0),(5388,'μ€λ°€ν• λ¦¬μΈ ',0),(5389,'κ³Όκ°ν• μ£ λ¦¬ν',0),(5390,'λμ§κΈ΄ μΉΈμµΈ',0),(5391,'ν—μ•…ν• μ›¨ν•μ¤',0),(5392,'ν™•κ³ ν• ν™λ°λ³Ό',0),(5393,'λ¬΄μ μ ν¬λ¦¬μ¤ν”Όλ΅¤',0),(5394,'μ°¨κ°€μ΄ λ¨λ‚μΉ΄',0),(5395,'λ¬΄μ‹¬ν• λ‚μµΈ',0),(5396,'μ§€λ…ν• μ™€μ‚­λ°”',0),(5397,'μΉΌλ‚  κ°™μ€ ν—λ‹λ²„ν„°μΉ©',0),(5398,'νμ°¬ κµ¬κµ¬μ½',0),(5399,'λ¶κ°€μΉ¨μ μ¤κ°μ',0),(5400,'μ‚¬μ•…ν• μ΄μ½”ν•μ„',0),(5401,'μ²λ‘¥ κ°™μ€ νλ λ΅λ΅μ‰',0),(5402,'ν™•κ³ ν• λΉμΈ ',0),(5403,'κ³ λ…ν• κµ¬μ΄κ°μ',0),(5404,'μ„λ€ν• μ½μ΄',0),(5405,'κ°€νΉν• ν¬λ¦¬μ¤ν”Όλ΅¤',0),(5406,'λ¬΄μ„μ΄ κΌ¬κΉ”μ½',0),(5407,'μ••λ„μ μΈ λΉ λ‹¤μ½”μ½”λ‚«',0),(5408,'κ·Ήμ•…ν• μ¤λ¨',0),(5409,'μΉμ—΄ν• μΉμ¦λ³Ό',0),(5410,'ν­λ°μ μΈ λ¨λ‚μΉ΄',0),(5411,'κ²¬κ³ ν• κ³ μ†λ―Έ',0),(5412,'κΈ΄λ°•ν• μ°Έν¬λμ»¤',0),(5413,'κ°•μ§ν• ν¬λ¦¬μ¤ν”Όλ΅¤',0),(5414,'νκ΄΄μ μΈ μΈμ λ―Έμ¤λ‚µ',0),(5415,'μ©λ§Ήν• κµ¬κµ¬μ½',0),(5416,'ν­λ°μ μΈ νƒ±ν¬λ³΄μ΄',0),(5417,'λ¶λ³€μ κ°€λ‚νμ΄',0),(5418,'ν­μ••μ μΈ λ‚μµΈ',0),(5419,'κ°•μ§ν• μ€λ΅λ³„',0),(5420,'μ§‘μ”ν• κµ¬κµ¬μ½',0),(5421,'μ›…μ¥ν• μƒμ°κΉ΅',0),(5422,'λ¬΄μ‡ κ°™μ€ μ€λ΅λ³„',0),(5423,'λ²”μ ‘ν•  μ μ—†λ” λ¨λ‚μΉ΄',0),(5424,'μ‚¬λ‚μ΄ νΈμ…μ¤',0),(5425,'μΉΌλ‚  κ°™μ€ κ°μκΉ΅',0),(5426,'ν­λ°μ μΈ κ³ μ†λ―Έ',0),(5427,'μ—­λ™μ μΈ μ΄μ½”μΉ©μΏ ν‚¤',0),(5428,'μ²ν•λ¬΄μ μ λΉΌλΉΌλ΅',0),(5429,'λΉ„μ¥ν• μ•Όμ±„νƒ€μ„',0),(5430,'νκ΄΄μ μΈ λΉΌλΉΌλ΅',0),(5431,'λ¬΄ν•ν• μ ν¬',0),(5432,'ν­λ°μ μΈ μ΄μ½”μ†΅μ΄',0),(5433,'λ§Ήλ ¬ν• κΏ€κ½λ°°κΈ°',0),(5434,'λ¶λ³€μ λ°€ν¬μΉ΄λΌλ©',0),(5435,'λ¶λ³€μ μ™€ν΄',0),(5436,'μ¤‘ν›„ν• μ¤λ μ¤',0),(5437,'ν™©ν™€ν• ν‚·μΊ£',0),(5438,'μΉλ…μ μΈ μ΄μ½”ν•μ„',0),(5439,'κ°•μΈν• μΉ™μ΄‰',0),(5440,'λ¬΄κ±°μ΄ μΈμ λ―Έμ¤λ‚µ',0),(5441,'λ¶ν¨μ ν™λ°λ³Ό',0),(5442,'λ“μ„Ό μ‚¬λΈλ ',0),(5443,'μ‚¬λ‚μ΄ λΉΌλΉΌλ΅',0),(5444,'κµ‰μ¥ν• ν›„λ μΉνμ΄',0),(5445,'μ²ν•λ¬΄μ μ κ°€λ',0),(5446,'λ€λ‹¨ν• μ΄μ½”μΉ©μΏ ν‚¤',0),(5447,'μ”νΉν• λ¨λ‚μΉ΄',0),(5448,'λ¶ν¨μ μ°Έν¬λμ»¤',0),(5449,'μ§„μ§€ν• λ½€λ',0),(5450,'κ΄‘ν­ν• ν™λ°λ³Ό',0),(5451,'λ‹¨λ‹¨ν• λ΅―λ°μƒλ“',0),(5452,'λΉ„μ¥ν• μ΄μ½”νμ΄',0),(5453,'κ°€νΉν• μ¬μΉ©',0),(5454,'λ¶ν¨μ μ‚¬λΈλ ',0),(5455,'λ¬΄μ‡ κ°™μ€ μ°Έν¬λμ»¤',0),(5456,'κ΄‘ν­ν• μκ°μΉ',0),(5457,'λ€λ‹΄ν• μ΄μ½”νμ΄',0),(5458,'μ΄μΈμ μΈ λ¦¬μΈ ',0),(5459,'λ¶νƒ€λ” μ¬μΉ©',0),(5460,'μ²λ‘¥ κ°™μ€ μ›¨ν•μ¤',0),(5461,'ν­μ••μ μΈ λ„λ„¤λ λ„¤',0),(5462,'μ°λ μ°¬ μΉν† μ¤',0),(5463,'κ΄‘ν­ν• λ²„ν„°μ™€ν”',0),(5464,'λ‚ μΉ΄λ΅μ΄ λΉ μ‚­',0),(5465,'μ™„κ°•ν• μ¤μ‚¬μ―”',0),(5466,'ν—μ•…ν• μ–‘νλ§',0),(5467,'λ¬΄ν•ν• ν¬λ¦¬μ¤ν”Όλ΅¤',0),(5468,'λ¶μ‚¬μ‹ μ ν¬λ°ν‚¤',0),(5469,'λ‹¨λ‹¨ν• μ—”μ΄',0),(5470,'μ§‘μ”ν• κµ¬μ΄κ°μ',0),(5471,'λ‹Ήλ‹Ήν• μ΄μ½”ν•μ„',0),(5472,'λ¬΄μ„μ΄ μ€λ΅λ³„',0),(5473,'κ°•μΈν• μ΄μ½”μΉ©μΏ ν‚¤',0),(5474,'νμ°¬ μΉΈμµΈ',0),(5475,'λΉ„μ¥ν• λ¨λ‚μΉ΄',0),(5476,'μΉΌλ‚  κ°™μ€ λ°€ν¬μΉ΄λΌλ©',0),(5477,'μ‚¬λ‚μ΄ μ ν¬',0),(5478,'μ••λ„μ μΈ μ–‘νλ§',0),(5479,'κ°•λ ¥ν• λ‚μµΈ',0),(5480,'λμ—†λ” μ‚¬λΈλ ',0),(5481,'ν™©ν™€ν• μ¤κ°μ',0),(5482,'λκ°™μ€ μ¬μΉ©',0),(5483,'μ‹ λ…μ κΌ¬κΉ”μ½',0),(5484,'λ¬΄μ‡ κ°™μ€ λ‚μµΈ',0),(5485,'λ¶κ°€μΉ¨μ μμΌλ¦¬ν†¨',0),(5486,'μ¤‘ν›„ν• λ‚μµΈ',0),(5487,'κ°•μΈν• λ΅―λ°μƒλ“',0),(5488,'ν­μ••μ μΈ μ— μ•¤μ— μ¦',0),(5489,'λ§Ήλ ¬ν• μ™€ν΄',0),(5490,'ν­λ°μ μΈ ν‚·μΊ£',0),(5491,'λμ—†λ” μ°Έν¬λμ»¤',0),(5492,'μΉΌλ‚  κ°™μ€ λ‚μµΈ',0),(5493,'λ‹¨νΈν• μ£ μ¤λ°”',0),(5494,'μ§„μ§€ν• νλ λ΅λ΅μ‰',0),(5495,'ν—μ•…ν• κΌ¬κΉ”μ½',0),(5496,'λ§¤μ„μ΄ μ΄μ½”νμ΄',0),(5497,'μ‚¬μ•…ν• μΈμ λ―Έμ¤λ‚µ',0),(5498,'λ¬΄μ‹λ¬΄μ‹ν• κΌ¬κΉ”μ½',0),(5499,'κ°€νΉν• κΏ€κ½λ°°κΈ°',0),(5500,'λ¬΄μ •ν• ν¬λ°ν‚¤',0),(5501,'κ°€νΉν• μ£ λ¦¬ν',0),(5502,'μ™„κ°•ν• λ²„ν„°μΏ ν‚¤',0),(5503,'λ‹¨νΈν• λ¨λ‚μΉ΄',0),(5504,'λ¶νƒ€λ” μ¤λ¨',0),(5505,'λ¬΄κ±°μ΄ λΉ…νμ΄',0),(5506,'ν—μ•…ν• μκ°μΉ',0),(5507,'μ••λ„μ μΈ μΉΈμµΈ',0),(5508,'κ°•μΈν• μΉ΄μ¤νƒ€λ“',0),(5509,'λ§‰κ°•ν• κΌ¬κΉ”μ½',0),(5510,'λ¬΄κ±°μ΄ λΉΌλΉΌλ΅',0),(5511,'κ²°μ—°ν• μ•Όμ±„νƒ€μ„',0),(5512,'κ°•μΈν• μ™€μ‚­λ°”',0),(5513,'λμ—†λ” ν”„λ§κΈ€μ¤',0),(5514,'κΉμ€ μΉν† μ¤',0),(5515,'λ¬΄μν• ν‚·μΊ£',0),(5516,'μ©λ§Ήν• λ°€ν¬μΉ΄λΌλ©',0),(5517,'μ„λ€ν• μ—μ΄μ¤',0),(5518,'μ•”ν‘μ ν¬ν…ν† μΉ©',0),(5519,'κ°•λ ¬ν• μ¤λ¨',0),(5520,'λ§Ήλ ¬ν• ν¬λ°ν‚¤',0),(5521,'κΈ΄λ°•ν• μ¤λ¨',0),(5522,'λ§‰κ°•ν• μ΄μ½”νμ΄',0),(5523,'ν™©ν™€ν• μκ°μΉ',0),(5524,'λ€λ‹΄ν• μ¤λ μ¤',0),(5525,'μ§‘μ”ν• μ΄μ½”μΉ©μΏ ν‚¤',0),(5526,'κ°•λ ¥ν• μ¬μΉ©',0),(5527,'μ‚¬μ•…ν• ν¬λμ»¤',0),(5528,'λ“μ„Ό ν™λ°λ³Ό',0),(5529,'λ¬΄μλΉ„ν• μ°Έν¬λμ»¤',0),(5530,'λΉν‹μ—†λ” λ§κ°€λ ›νΈ',0),(5531,'ν­μ••μ μΈ μ¤μ™μΉ©',0),(5532,'λ‹¨νΈν• μ°Έν¬λμ»¤',0),(5533,'λ€λ‹¨ν• κΌ¬κΉ”μ½',0),(5534,'λ‹¨λ‹¨ν• λΉμΈ ',0),(5535,'ν™©ν™€ν• ν›„λ μΉνμ΄',0),(5536,'μ—­λ™μ μΈ μ΄μ½”μ†΅μ΄',0),(5537,'λ‹¨λ‹¨ν• μμΌλ¦¬ν†¨',0),(5538,'λ¬΄μν• μƒμ°κΉ΅',0),(5539,'λ¬΄μ‡ κ°™μ€ λ§κ°€λ ›νΈ',0),(5540,'λ‚ μΉ΄λ΅μ΄ λΉ λ‹¤μ½”μ½”λ‚«',0),(5541,'μ•”ν‘μ ν—λ‹λ²„ν„°μΉ©',0),(5542,'κ°•λ ¥ν• μ£ λ¦¬ν',0),(5543,'μ™„κ°•ν• λ§μΉ΄λ΅±',0),(5544,'ν—λ‚ν• μ΄μ½”μ†΅μ΄',0),(5545,'κΉμ€ λ§κ°€λ ›νΈ',0),(5546,'κ·Ήμ•…ν• λ΅―λ°μƒλ“',0),(5547,'μ²λ‘¥ κ°™μ€ λ²„ν„°μ™€ν”',0),(5548,'κ³Όκ°ν• μƒμ°κΉ΅',0),(5549,'μ²λ‘¥ κ°™μ€ ν¬λ°ν‚¤',0),(5550,'ν­μ••μ μΈ ν›„λ μΉνμ΄',0),(5551,'λ¬΄μν• μ—”μ΄',0),(5552,'λΉν‹μ—†λ” μ¬μΉ©',0),(5553,'λ¬΄ν•ν• κµ¬μ΄κ°μ',0),(5554,'λμ§κΈ΄ μ°Έν¬λμ»¤',0),(5555,'μ‚¬μ•…ν• κ°€λ‚νμ΄',0),(5556,'ν¬μ² ν• λ²„ν„°μΏ ν‚¤',0),(5557,'κΉμ€ λ§μΉ΄λ΅±',0),(5558,'κΈ‰κ²©ν• μΉΈμµΈ',0),(5559,'μ§€λ…ν• μΏ ν¬λ‹¤μ¤',0),(5560,'λ¬΄μ •ν• ν•λ¦¬λ³΄',0),(5561,'λ¬΄μ •ν• μ—μ΄μ¤',0),(5562,'μ΄μ›”μ μΈ λ½€λ',0),(5563,'μ—­λ™μ μΈ λΉ λ‹¤μ½”μ½”λ‚«',0),(5564,'μΉΌλ‚  κ°™μ€ λ§μΉ΄λ΅±',0),(5565,'κ°•μΈν• ν¬ν…ν† μΉ©',0),(5566,'λ¶νƒ€λ” ν¬ν…ν† μΉ©',0),(5567,'μ €λμ μΈ μ— μ•¤μ— μ¦',0),(5568,'μ•”ν‘μ λ¦¬μΈ ',0),(5569,'λ¶λ³€μ μ£ μ¤λ°”',0),(5570,'μ¤‘ν›„ν• ν¬λμ»¤',0),(5571,'λ¬΄μ μ ν¬λμ»¤',0),(5572,'λ¶ν¨μ μ—μ΄μ¤',0),(5573,'κµ‰μ¥ν• λ½€λ',0),(5574,'μ‹ λ…μ μ—”μ΄',0),(5575,'μ¤‘ν›„ν• κ³ μ†λ―Έ',0),(5576,'λ¬΄κ±°μ΄ μ½μ΄',0),(5577,'κ°€μ°¨μ—†λ” λ§κ°€λ ›νΈ',0),(5578,'ν­μ••μ μΈ μΉ΄μ¤νƒ€λ“',0),(5579,'κ°•λ ¥ν• μ¤λ¨',0),(5580,'μ¤‘ν›„ν• κΌ¬κΉ”μ½',0),(5581,'λ§Ήλ ¬ν• κµ¬κµ¬μ½',0),(5582,'κ΄‘ν­ν• μ΄μ½”νμ΄',0),(5583,'μ λ€μ μΈ μ›¨ν•μ¤',0),(5584,'μ™„κ°•ν• ν—λ‹λ²„ν„°μΉ©',0),(5585,'λ¶νƒ€λ” ν¬μΉ΄μΉ©',0),(5586,'λ¶νƒ€λ” μ΄μ½”νμ΄',0),(5587,'λ¬΄μν• λ΅―λ°μƒλ“',0),(5588,'μ”νΉν• κ³ λλ°¥',0),(5589,'ν™•κ³ ν• μΉ™μ΄‰',0),(5590,'κ°€μ°¨μ—†λ” μ΄μ½”ν•μ„',0),(5591,'ν™©ν™€ν• μ—”μ΄',0),(5592,'μ™„κ°•ν• ν›„λ μΉνμ΄',0),(5593,'κ·Ήμ•…ν• κµ¬μ΄κ°μ',0),(5594,'μ„λ€ν• λΉ…νμ΄',0),(5595,'λ‹¨λ‹¨ν• μ—μ΄μ¤',0),(5596,'νμ°¬ λ¦¬μΈ ',0),(5597,'μΉλ…μ μΈ λ§κ°€λ ›νΈ',0),(5598,'μ„λ€ν• ν”„λ§κΈ€μ¤',0),(5599,'κ°•λ ¬ν• μ—μ΄μ¤',0),(5600,'λ‹Ήλ‹Ήν• μ ν¬',0),(5601,'κ³ λ…ν• λ΅―λ°μƒλ“',0),(5602,'κ²°μ—°ν• μ•μƒμ°μΉ©',0),(5603,'μΉλ…μ μΈ μ΄μ½”μ†΅μ΄',0),(5604,'κΈ΄λ°•ν• λ²„ν„°μΏ ν‚¤',0),(5605,'κ°•λ ¥ν• μ— μ•¤μ— μ¦',0),(5606,'κ³Όκ°ν• μ— μ•¤μ— μ¦',0),(5607,'λ‚ μΉ΄λ΅μ΄ ν¬ν…ν† μΉ©',0),(5608,'μ΄κ°•λ ¥ν• μΉ™μ΄‰',0),(5609,'ν—λ‚ν• μ™€μ‚­λ°”',0),(5610,'λ“μ„Ό μΉΈμµΈ',1),(5611,'μ²λ‘¥ κ°™μ€ κ°€λ‚νμ΄',0),(5612,'νμ°¬ μ¤κ°μ',0),(5613,'λ¬΄μ μ μμΌλ¦¬ν†¨',0),(5614,'κ²°μ—°ν• ν™λ°λ³Ό',0),(5615,'κµ³κ±΄ν• μ¤λ‹μ»¤μ¦',0),(5616,'λ¶λ³€μ ν•λ¦¬λ³΄',0),(5617,'λ¬΄μν• λ²„ν„°μΏ ν‚¤',0),(5618,'μΉΌλ‚  κ°™μ€ μ°Έν¬λμ»¤',0),(5619,'λ“μ„Ό λΉ λ‹¤μ½”μ½”λ‚«',0),(5620,'μ΄μ›”μ μΈ μκ°μΉ',0),(5621,'κ³ λ…ν• μ™€ν΄',0),(5622,'λ§‰κ°•ν• λ²„ν„°μΏ ν‚¤',0),(5623,'λΉν‹μ—†λ” μ•Όμ±„νƒ€μ„',0),(5624,'κΈ‰κ²©ν• ν›„λ μΉνμ΄',0),(5625,'κ°•λ ¥ν• μμΌλ¦¬ν†¨',0),(5626,'ν­λ°μ μΈ μ°Έν¬λμ»¤',0),(5627,'μ‚¬λ‚μ΄ λ§κ°€λ ›νΈ',0),(5628,'κ°•λ ¥ν• λ§μΉ΄λ΅±',0),(5629,'μ €λμ μΈ λ°”λ‚λ‚ν‚¥',0),(5630,'λ¬΄μ μ μ¬μΉ©',1),(5631,'μμ›ν• ν—λ‹λ²„ν„°μΉ©',0),(5632,'κ³ λ…ν• ν•λ¦¬λ³΄',0),(5633,'μ²λ‘¥ κ°™μ€ κµ¬κµ¬μ½',0),(5634,'νκ΄΄μ μΈ λΉμΈ ',0),(5635,'μ™„κ°•ν• μ£ μ¤λ°”',0),(5636,'μ”νΉν• μ•μƒμ°μΉ©',0),(5637,'ν­λ°μ μΈ μΉΈμµΈ',0),(5638,'μ„λ€ν• μ™€ν΄',0),(5639,'μ•…λ…ν• λΉ λ‹¤μ½”μ½”λ‚«',0),(5640,'λ§¤μ„μ΄ ν¬λμ»¤',0),(5641,'κ°•μ§ν• μ£ μ¤λ°”',0),(5642,'λ‹¨λ‹¨ν• κ°μκΉ΅',0),(5643,'λ¬΄κ±°μ΄ ν•λ¦¬λ³΄',0),(5644,'μμ›ν• κ°€λ',0),(5645,'μ΄μ›”μ μΈ μΉ΄μ¤νƒ€λ“',0),(5646,'λ¬΄μ •ν• κΌ¬κΉ”μ½',0),(5647,'λ¬΄μ‹¬ν• μ— μ•¤μ— μ¦',0),(5648,'λ‹¨νΈν• λΉ λ‹¤μ½”μ½”λ‚«',0),(5649,'μ΄μΈμ μΈ μ›¨ν•μ¤',0),(5650,'μ²μ ν• λΉ μ‚­',0),(5651,'νκ΄΄μ μΈ ν›„λ μΉνμ΄',0),(5652,'λΉν‹μ—†λ” ν—λ‹λ²„ν„°μΉ©',0),(5653,'λΉ„μ¥ν• μ–‘νλ§',0),(5654,'λ¬΄μ μ λΉ λ‹¤μ½”μ½”λ‚«',0),(5655,'λ¬΄μ‹λ¬΄μ‹ν• μ£ μ¤λ°”',0),(5656,'ν—μ¤€ν• μ΄μ½”νμ΄',0),(5657,'λ¬΄μ μ μ›¨ν•μ¤',0),(5658,'κ²°μ—°ν• λΉ…νμ΄',0),(5659,'κ°•λ ¬ν• μ€λ΅λ³„',0),(5660,'ν—λ‚ν• μ¤λ‹μ»¤μ¦',0),(5661,'κ³ λ…ν• μ–‘νλ§',0),(5662,'λ‹Ήλ‹Ήν• μ¤λ‹μ»¤μ¦',0),(5663,'κΈ‰κ²©ν• μ΄μ½”μΉ©μΏ ν‚¤',0),(5664,'μ¤‘ν›„ν• μ™€μ‚­λ°”',0),(5665,'μ²ν•λ¬΄μ μ ν›„λ μΉνμ΄',0),(5666,'λ¶κµ΄μ κ³ λλ°¥',0),(5667,'μ”νΉν• μ ν¬',0),(5668,'λ‹¨νΈν• μ—”μ΄',0),(5669,'μ›…μ¥ν• ν¬λ°ν‚¤',0),(5670,'λ¬΄κ±°μ΄ μ–‘νλ§',0),(5671,'ν—μ¤€ν• λ²„ν„°μ™€ν”',0),(5672,'λ¬΄κ±°μ΄ μ¤λ¨',0),(5673,'μ΄μΈμ μΈ μ¤μ‚¬μ―”',0),(5674,'λ¶κµ΄μ λ‚μµΈ',0),(5675,'μ•…λ…ν• μƒμ°κΉ΅',0),(5676,'λ€λ‹¨ν• ν¬ν…ν† μΉ©',0),(5677,'μ©λ§Ήν• λ²„ν„°μΏ ν‚¤',0),(5678,'λμ§κΈ΄ νΈμ…μ¤',0),(5679,'ν—λ‚ν• μΉν† μ¤',0),(5680,'λ¬΄μν• μμΌλ¦¬ν†¨',0),(5681,'κ²¬κ³ ν• κµ¬μ΄κ°μ',0),(5682,'μ§€λ…ν• μ—μ΄μ¤',0),(5683,'μΉμ—΄ν• νΈμ…μ¤',0),(5684,'λ¬΄μ‹λ¬΄μ‹ν• μ ν¬',0),(5685,'κµ‰μ¥ν• λΉ μ‚­',0),(5686,'μ΄μ›”μ μΈ μ›¨ν•μ¤',0),(5687,'κ°€μ°¨μ—†λ” μ΄μ½”μΉ©μΏ ν‚¤',0),(5688,'κ°•λ ¬ν• ν¬λ¦¬μ¤ν”Όλ΅¤',0),(5689,'κ°•λ ¥ν• μ•Όμ±„νƒ€μ„',0),(5690,'λΉ„μ¥ν• λ§κ°€λ ›νΈ',0),(5691,'μ€λ°€ν• ν•λ¦¬λ³΄',0),(5692,'ν™©ν™€ν• λ²„ν„°μ™€ν”',0),(5693,'λ¬΄μ •ν• λ°€ν¬μΉ΄λΌλ©',0),(5694,'μ¤‘ν›„ν• λ²„ν„°μ™€ν”',0),(5695,'μ€λ°€ν• ν™λ°λ³Ό',0),(5696,'λ§Ήλ ¬ν• μ™€μ‚­λ°”',0),(5697,'μ••λ„μ μΈ λ²„ν„°μ™€ν”',0),(5698,'κ·Ήμ•…ν• μƒμ°κΉ΅',0),(5699,'λ¶κ°€μΉ¨μ κ°€λ',0),(5700,'λ‹Ήλ‹Ήν• μ‚¬λΈλ ',0),(5701,'λ€λ‹΄ν• λ΅―λ°μƒλ“',0),(5702,'λ§¤μ„μ΄ ν‚·μΊ£',0),(5703,'μ² μ €ν• ν•λ¦¬λ³΄',0),(5704,'μ§€λ…ν• μ΄μ½”μ†΅μ΄',0),(5705,'μ‚¬λ‚μ΄ νƒ±ν¬λ³΄μ΄',0),(5706,'νμ°¬ λ§μΉ΄λ΅±',0),(5707,'μμ›ν• λΉΌλΉΌλ΅',0),(5708,'μ—­λ™μ μΈ κµ¬κµ¬μ½',0),(5709,'κµ‰μ¥ν• μ™€ν΄',0),(5710,'μ€λ°€ν• κ³ μ†λ―Έ',0),(5711,'ν™•κ³ ν• μ‚¬λΈλ ',0),(5712,'λ¬΄κ±°μ΄ νΈμ…μ¤',0),(5713,'μ€λ°€ν• κ³ λλ°¥',0),(5714,'κ°€μ°¨μ—†λ” λΉΌλΉΌλ΅',0),(5715,'λ¬΄μν• μ΄μ½”μΉ©μΏ ν‚¤',0),(5716,'μ‚¬μ•…ν• ν™λ°λ³Ό',0),(5717,'μ²ν•λ¬΄μ μ μΉ΄μ¤νƒ€λ“',0),(5718,'λ¬΄μ‹¬ν• μ™€ν΄',0),(5719,'μ™„κ°•ν• λ΅―λ°μƒλ“',0),(5720,'μ²μ ν• μ¤μ™μΉ©',0),(5721,'λ¬΄κ±°μ΄ κ°€λ‚νμ΄',0),(5722,'μ²ν•λ¬΄μ μ κ³ μ†λ―Έ',0),(5723,'κ²©λ ¬ν• ν™λ°λ³Ό',0),(5724,'κ°€μ°¨μ—†λ” λ§μΉ΄λ΅±',0),(5725,'μ”νΉν• ν¬μΉ΄μΉ©',0),(5726,'λ€λ‹¨ν• λ΅―λ°μƒλ“',0),(5727,'λ‹Ήλ‹Ήν• μ¤λ¨',0),(5728,'λ§‰κ°•ν• μ‚¬λΈλ ',0),(5729,'κ΄‘ν­ν• κ°μκΉ΅',0),(5730,'λ¬΄μ‡ κ°™μ€ ν›„λ μΉνμ΄',0),(5731,'ν™©ν™€ν• μΉν† μ¤',0),(5732,'λ²”μ ‘ν•  μ μ—†λ” λΉ…νμ΄',0),(5733,'λ¶μ‚¬μ‹ μ ν¬ν…ν† μΉ©',0),(5734,'λμ§κΈ΄ ν™λ°λ³Ό',0),(5735,'λ‚ μΉ΄λ΅μ΄ ν¬λμ»¤',0),(5736,'μΉλ…μ μΈ μ ν¬',0),(5737,'λκ°™μ€ μ°Έν¬λμ»¤',0),(5738,'λ€λ‹¨ν• λΉ λ‹¤μ½”μ½”λ‚«',0),(5739,'λ‚ μΉ΄λ΅μ΄ μ–‘νλ§',0),(5740,'μΉμ—΄ν• λΉ μ‚­',0),(5741,'μ¤‘ν›„ν• ν¬λ°ν‚¤',0),(5742,'νκ΄΄μ μΈ κ°€λ',0),(5743,'λ¬΄μν• νΈμ…μ¤',0),(5744,'λΉν‹μ—†λ” λ‚μµΈ',0),(5745,'ν™©ν™€ν• ν™λ°λ³Ό',0),(5746,'κµ‰μ¥ν• μκ°μΉ',0),(5747,'μ΄μ›”μ μΈ νƒ±ν¬λ³΄μ΄',0),(5748,'λ¶μ‚¬μ‹ μ μ•μƒμ°μΉ©',0),(5749,'λ¬΄μ μ ν¬λ°ν‚¤',0),(5750,'νμ°¬ μ¤λ μ¤',0),(5751,'λ¶λ³€μ λΉΌλΉΌλ΅',0),(5752,'κ·Ήμ•…ν• κ³ μ†λ―Έ',0),(5753,'ν™©ν™€ν• μ΄μ½”νμ΄',0),(5754,'λ¶μ‚¬μ‹ μ κ°€λ‚νμ΄',0),(5755,'λ¬΄μ‹λ¬΄μ‹ν• ν‚·μΊ£',0),(5756,'λ‹¨νΈν• μ—μ΄μ¤',0),(5757,'μ΄μΈμ μΈ μ—”μ΄',0),(5758,'λ¬΄μλΉ„ν• κ°μκΉ΅',0),(5759,'λ§‰κ°•ν• μΉν† μ¤',0),(5760,'λΉ„μ¥ν• μ€λ΅λ³„',0),(5761,'λ€λ‹¨ν• μΈμ λ―Έμ¤λ‚µ',0),(5762,'μΉμ—΄ν• μ°Έν¬λμ»¤',0),(5763,'μ €λμ μΈ λΉμΈ ',0),(5764,'μΉλ…μ μΈ μ—”μ΄',0),(5765,'ν­μ••μ μΈ κµ¬μ΄κ°μ',0),(5766,'λ¬΄κ±°μ΄ μ¬μΉ©',0),(5767,'κ°•μΈν• μ—”μ΄',0),(5768,'μ§€λ…ν• κ³ μ†λ―Έ',0),(5769,'ν™©ν™€ν• λΉ…νμ΄',0),(5770,'μ••λ„μ μΈ κ³ μ†λ―Έ',0),(5771,'λ¶νƒ€λ” κ³ λλ°¥',0),(5772,'λ“μ„Ό μ ν¬',0),(5773,'λ€λ‹΄ν• ν•λ¦¬λ³΄',0),(5774,'μ²λ‘¥ κ°™μ€ μ¤λ¨',0),(5775,'λ¬΄μ •ν• λΉΌλΉΌλ΅',0),(5776,'μ°λ μ°¬ μ•μƒμ°μΉ©',0),(5777,'ν—μ¤€ν• λ§μΉ΄λ΅±',0),(5778,'μ΄μΈμ μΈ μμΌλ¦¬ν†¨',0),(5779,'μ›…μ¥ν• ν¬λμ»¤',0),(5780,'λΉ„μ¥ν• μ¬μΉ©',0),(5781,'μ°λ μ°¬ λ΅―λ°μƒλ“',0),(5782,'μ‹ λ…μ μΈμ λ―Έμ¤λ‚µ',0),(5783,'μ΄κ°•λ ¥ν• ν¬μΉ΄μΉ©',0),(5784,'μΉλ…μ μΈ μ¬μΉ©',0),(5785,'λ¶μ‚¬μ‹ μ κµ¬μ΄κ°μ',0),(5786,'κ°•μΈν• ν™λ°λ³Ό',0),(5787,'μ‹ λ…μ λ¦¬μΈ ',0),(5788,'λ¬΄μλΉ„ν• μ¤κ°μ',0),(5789,'ν—λ‚ν• ν›„λ μΉνμ΄',0),(5790,'ν¬μ² ν• μ¬μΉ©',0),(5791,'ν™•κ³ ν• λ§μΉ΄λ΅±',0),(5792,'νμ°¬ λ΅―λ°μƒλ“',0),(5793,'μ°¨κ°€μ΄ λ‚μµΈ',0),(5794,'κΈ‰κ²©ν• νƒ±ν¬λ³΄μ΄',0),(5795,'μ•…λ…ν• μΉμ¦λ³Ό',0),(5796,'μμ›ν• κ³ λλ°¥',0),(5797,'λ§Ήλ ¬ν• λ§κ°€λ ›νΈ',0),(5798,'λ¶νƒ€λ” μ—”μ΄',0),(5799,'λ¬΄μ‡ κ°™μ€ κΌ¬κΉ”μ½',0),(5800,'λ²”μ ‘ν•  μ μ—†λ” μ¤μ™μΉ©',0),(5801,'κ΄‘ν­ν• μ¬μΉ©',0),(5802,'κµ‰μ¥ν• κ°μκΉ΅',0),(5803,'μ‚¬λ‚μ΄ λ²„ν„°μ™€ν”',0),(5804,'μ¤‘ν›„ν• νλ λ΅λ΅μ‰',0),(5805,'μ„λ€ν• λ½€λ',0),(5806,'κ°•λ ¥ν• κ°€λ‚νμ΄',0),(5807,'λ¶κµ΄μ μƒμ°κΉ΅',0),(5808,'κ·Ήμ•…ν• μ‚¬λΈλ ',0),(5809,'μ²μ ν• μ¤λ μ¤',0),(5810,'κ³Όκ°ν• ν”„λ§κΈ€μ¤',0),(5811,'λ‹¨νΈν• μΉμ¦λ³Ό',0),(5812,'νμ°¬ μ— μ•¤μ— μ¦',0),(5813,'λμ—†λ” λ§μΉ΄λ΅±',0),(5814,'λ¬΄μ‹¬ν• λΉΌλΉΌλ΅',0),(5815,'νκ΄΄μ μΈ μ ν¬',0),(5816,'κ°•λ ¬ν• κΏ€κ½λ°°κΈ°',0),(5817,'ν—λ‚ν• ν”„λ§κΈ€μ¤',0),(5818,'μ—­λ™μ μΈ λ°€ν¬μΉ΄λΌλ©',0),(5819,'ν™©ν™€ν• μ½μ΄',0),(5820,'ν—μ•…ν• κ°μκΉ΅',0),(5821,'ν¬μ² ν• νƒ±ν¬λ³΄μ΄',0),(5822,'κΈ΄λ°•ν• λΉ μ‚­',0),(5823,'μ—­λ™μ μΈ ν¬λ°ν‚¤',0),(5824,'κ²©λ ¬ν• μ—μ΄μ¤',0),(5825,'μ‚¬λ‚μ΄ κ°μκΉ΅',0),(5826,'κ°•μ§ν• μ΄μ½”μΉ©μΏ ν‚¤',0),(5827,'μ€λ°€ν• μ¤κ°μ',0),(5828,'λ¬΄μλΉ„ν• μμΌλ¦¬ν†¨',0),(5829,'κµ³κ±΄ν• ν›„λ μΉνμ΄',0),(5830,'κ·Ήμ•…ν• μΈμ λ―Έμ¤λ‚µ',0),(5831,'ν­μ••μ μΈ νƒ±ν¬λ³΄μ΄',0),(5832,'λ‹¨λ‹¨ν• μΉν† μ¤',0),(5833,'κ°•μ§ν• λΉ λ‹¤μ½”μ½”λ‚«',0),(5834,'κ³ λ…ν• ν‚·μΊ£',0),(5835,'μΉΌλ‚  κ°™μ€ λΉΌλΉΌλ΅',0),(5836,'μ‹ λ…μ μ¤κ°μ',0),(5837,'μ‚¬λ‚μ΄ λ„λ„¤λ λ„¤',0),(5838,'λ¬΄μ •ν• λ§μΉ΄λ΅±',0),(5839,'κ΄‘ν­ν• μΉν† μ¤',0),(5840,'λ‹Ήλ‹Ήν• κ°μκΉ΅',0),(5841,'μ²μ ν• μ¬μΉ©',0),(5842,'λ‹¨λ‹¨ν• μ•Όμ±„νƒ€μ„',0),(5843,'μ‚¬λ‚μ΄ μΉΈμµΈ',0),(5844,'κµ³κ±΄ν• μ΄μ½”μ†΅μ΄',0),(5845,'μ΄μ›”μ μΈ κ°€λ‚νμ΄',0),(5846,'μ™„κ°•ν• λ½€λ',0),(5847,'λ¶μ‚¬μ‹ μ λ¦¬μΈ ',0),(5848,'ν—λ‚ν• μ¤μ‚¬μ―”',0),(5849,'κΉμ€ μ°Έν¬λμ»¤',0),(5850,'λ“μ„Ό λΉΌλΉΌλ΅',0),(5851,'λ¬΄μ‡ κ°™μ€ μμΌλ¦¬ν†¨',0),(5852,'λ¶νƒ€λ” κ³ μ†λ―Έ',0),(5853,'ν­λ°μ μΈ λ½€λ',0),(5854,'μ•”ν‘μ μΉ™μ΄‰',0),(5855,'λ€λ‹¨ν• μ•Όμ±„νƒ€μ„',0),(5856,'μ΄κ°•λ ¥ν• λΉ λ‹¤μ½”μ½”λ‚«',0),(5857,'λ¶νƒ€λ” μ€λ΅λ³„',0),(5858,'μ‚¬μ•…ν• ν”„λ§κΈ€μ¤',0),(5859,'ν™•κ³ ν• μ΄μ½”νμ΄',0),(5860,'λ‹¨λ‹¨ν• ν™λ°λ³Ό',0),(5861,'λ¬΄μλΉ„ν• λ²„ν„°μ™€ν”',0),(5862,'μ‚¬λ‚μ΄ κ³ μ†λ―Έ',0),(5863,'μ••λ„μ μΈ ν¬λ¦¬μ¤ν”Όλ΅¤',0),(5864,'ν­λ°μ μΈ κ°€λ',0),(5865,'λ¶μ‚¬μ‹ μ λ°€ν¬μΉ΄λΌλ©',0),(5866,'λ¬΄μ‡ κ°™μ€ μ£ λ¦¬ν',0),(5867,'μ—­λ™μ μΈ μ¤μ™μΉ©',0),(5868,'μ„λ€ν• λ¨λ‚μΉ΄',0),(5869,'λ¬΄κ±°μ΄ ν”„λ§κΈ€μ¤',0),(5870,'μ™„κ°•ν• μ—”μ΄',0),(5871,'λ¶κµ΄μ μ΄μ½”ν•μ„',0),(5872,'μμ›ν• μμΌλ¦¬ν†¨',0),(5873,'ν—λ‚ν• λΉ λ‹¤μ½”μ½”λ‚«',0),(5874,'μ••λ„μ μΈ κ°€λ‚νμ΄',0),(5875,'λκ°™μ€ λ°€ν¬μΉ΄λΌλ©',0),(5876,'μ—­λ™μ μΈ κΌ¬κΉ”μ½',0),(5877,'μ§„μ§€ν• μ¤κ°μ',0),(5878,'μ°¨κ°€μ΄ ν¬λ¦¬μ¤ν”Όλ΅¤',0),(5879,'λ§¤μ„μ΄ μ¤λ¨',0),(5880,'μμ›ν• λ°€ν¬μΉ΄λΌλ©',0),(5881,'μ λ€μ μΈ μ¤μ‚¬μ―”',0),(5882,'λ§¤μ„μ΄ μ›¨ν•μ¤',0),(5883,'κ°•λ ¥ν• κ°μκΉ΅',0),(5884,'λ¬΄μ‹λ¬΄μ‹ν• κΏ€κ½λ°°κΈ°',0),(5885,'λ²”μ ‘ν•  μ μ—†λ” λ²„ν„°μΏ ν‚¤',0),(5886,'μ‚¬λ‚μ΄ λ΅―λ°μƒλ“',0),(5887,'κ²©λ ¬ν• μ™€μ‚­λ°”',0),(5888,'λ¬΄μ‹¬ν• λ°€ν¬μΉ΄λΌλ©',0),(5889,'κµ‰μ¥ν• κ³ μ†λ―Έ',0),(5890,'λ¬΄μλΉ„ν• μ¤μ‚¬μ―”',0),(5891,'ν™©ν™€ν• νΈμ…μ¤',0),(5892,'μ² μ €ν• μ—”μ΄',0),(5893,'λ¬΄μλΉ„ν• λ½€λ',0),(5894,'λ§¤μ„μ΄ μ£ μ¤λ°”',0),(5895,'μ λ€μ μΈ μ•μƒμ°μΉ©',0),(5896,'μ°λ μ°¬ μ€λ΅λ³„',0),(5897,'μ•…λ…ν• μ— μ•¤μ— μ¦',0),(5898,'κΈ΄λ°•ν• ν”„λ§κΈ€μ¤',0),(5899,'μ΄μ›”μ μΈ ν›„λ μΉνμ΄',0),(5900,'μ°λ μ°¬ ν¬ν…ν† μΉ©',0),(5901,'μ•”ν‘μ λ°”λ‚λ‚ν‚¥',0),(5902,'μ¤‘ν›„ν• μ¤μ‚¬μ―”',0),(5903,'λ€λ‹¨ν• λ°”λ‚λ‚ν‚¥',0),(5904,'μ¤‘ν›„ν• μ–‘νλ§',0),(5905,'λ¶κ°€μΉ¨μ μ΄μ½”νμ΄',0),(5906,'κ·Ήμ•…ν• μ—μ΄μ¤',0),(5907,'λ¶νƒ€λ” μ¤μ™μΉ©',0),(5908,'μ΄μΈμ μΈ λΉμΈ ',0),(5909,'μ €λμ μΈ μΉ΄μ¤νƒ€λ“',0),(5910,'λ‹Ήλ‹Ήν• ν”„λ§κΈ€μ¤',0),(5911,'μ©λ§Ήν• μ΄μ½”ν•μ„',0),(5912,'μ²ν•λ¬΄μ μ ν¬λμ»¤',0),(5913,'μ€λ°€ν• μ–‘νλ§',0),(5914,'κ°•λ ¥ν• λΉμΈ ',0),(5915,'μ—­λ™μ μΈ μΉ™μ΄‰',0),(5916,'ν™•κ³ ν• ν¬λμ»¤',0),(5917,'κ·Ήμ•…ν• κµ¬κµ¬μ½',0),(5918,'μ••λ„μ μΈ νλ λ΅λ΅μ‰',0),(5919,'ν¬μ² ν• μ΄μ½”μ†΅μ΄',0),(5920,'μ°¨κ°€μ΄ κ³ μ†λ―Έ',0),(5921,'λ¶κ°€μΉ¨μ μƒμ°κΉ΅',0),(5922,'νμ°¬ μ€λ΅λ³„',0),(5923,'μ‹ λ…μ ν¬λ°ν‚¤',0),(5924,'κ°•λ ¬ν• λ¦¬μΈ ',0),(5925,'λ¬΄κ±°μ΄ λ¦¬μΈ ',0),(5926,'μ‚¬μ•…ν• ν•λ¦¬λ³΄',0),(5927,'μ²λ‘¥ κ°™μ€ μΉΈμµΈ',0),(5928,'νμ°¬ ν¬λ¦¬μ¤ν”Όλ΅¤',0),(5929,'μ‚¬μ•…ν• λ¨λ‚μΉ΄',0),(5930,'λ‚ μΉ΄λ΅μ΄ μ ν¬',0),(5931,'μ›…μ¥ν• κ°€λ‚νμ΄',0),(5932,'λ¶μ‚¬μ‹ μ λ½€λ',0),(5933,'ν­λ°μ μΈ μ—μ΄μ¤',0),(5934,'λ¶ν¨μ μ¤λ¨',0),(5935,'μ”νΉν• μ°Έν¬λμ»¤',0),(5936,'λ‹Ήλ‹Ήν• μ— μ•¤μ— μ¦',0),(5937,'λ¬΄μ‹¬ν• μμΌλ¦¬ν†¨',0),(5938,'μ‹ λ…μ μ‚¬λΈλ ',0),(5939,'λ¬΄μ •ν• μ€λ΅λ³„',0),(5940,'λ¬΄ν•ν• λ΅―λ°μƒλ“',0),(5941,'λ¬΄μλΉ„ν• μ—μ΄μ¤',0),(5942,'λ¶ν¨μ λ²„ν„°μ™€ν”',0),(5943,'λ§Ήλ ¬ν• ν™λ°λ³Ό',0),(5944,'ν—μ•…ν• ν¬μΉ΄μΉ©',0),(5945,'μ΄μΈμ μΈ λΉ…νμ΄',0),(5946,'λ¬΄μλΉ„ν• λ°€ν¬μΉ΄λΌλ©',0),(5947,'λ²”μ ‘ν•  μ μ—†λ” λΉ μ‚­',0),(5948,'μ§€λ…ν• μ•Όμ±„νƒ€μ„',0),(5949,'μΉΌλ‚  κ°™μ€ μ¤λ μ¤',0),(5950,'μ²μ ν• νΈμ…μ¤',0),(5951,'κ³ λ…ν• μΉ™μ΄‰',0),(5952,'λ€λ‹΄ν• μΏ ν¬λ‹¤μ¤',0),(5953,'μ°¨κ°€μ΄ λ΅―λ°μƒλ“',0),(5954,'μ²ν•λ¬΄μ μ μ¤μ™μΉ©',0),(5955,'κ°•μ§ν• κ³ λλ°¥',0),(5956,'μ™„κ°•ν• κΌ¬κΉ”μ½',0),(5957,'κµ³κ±΄ν• μ–‘νλ§',0),(5958,'λ¶κµ΄μ μ£ λ¦¬ν',0),(5959,'λ€λ‹¨ν• μƒμ°κΉ΅',0),(5960,'μ•”ν‘μ ν¬λμ»¤',0),(5961,'μ²μ ν• μ— μ•¤μ— μ¦',0),(5962,'μ²ν•λ¬΄μ μ μ‚¬λΈλ ',0),(5963,'μ§‘μ”ν• μ–‘νλ§',0),(5964,'μ”νΉν• μ΄μ½”ν•μ„',0),(5965,'κ΄‘ν­ν• λ‚μµΈ',0),(5966,'μ €λμ μΈ μ™€μ‚­λ°”',0),(5967,'λμ—†λ” μΉν† μ¤',0),(5968,'μ €λμ μΈ ν”„λ§κΈ€μ¤',0),(5969,'μ‹ λ…μ ν¬ν…ν† μΉ©',0),(5970,'κ²©λ ¬ν• λ°”λ‚λ‚ν‚¥',0),(5971,'κ°•λ ¬ν• κµ¬μ΄κ°μ',0),(5972,'μ§„μ§€ν• μ™€μ‚­λ°”',0),(5973,'ν—μ•…ν• μ—μ΄μ¤',0),(5974,'κ°•μ§ν• μ¤μ™μΉ©',0),(5975,'μ λ€μ μΈ νλ λ΅λ΅μ‰',0),(5976,'ν™•κ³ ν• κΏ€κ½λ°°κΈ°',0),(5977,'μ••λ„μ μΈ μ—”μ΄',0),(5978,'μ λ€μ μΈ μΉ™μ΄‰',0),(5979,'λΉ„μ¥ν• μΉΈμµΈ',0),(5980,'λ‚ μΉ΄λ΅μ΄ μƒμ°κΉ΅',0),(5981,'λ¶κ°€μΉ¨μ κµ¬μ΄κ°μ',0),(5982,'κµ³κ±΄ν• μ›¨ν•μ¤',0),(5983,'λ¬΄μν• κµ¬κµ¬μ½',0),(5984,'κ·Ήμ•…ν• μ΄μ½”ν•μ„',0),(5985,'λ‹¨λ‹¨ν• ν¬λμ»¤',0),(5986,'λ§‰κ°•ν• μ•Όμ±„νƒ€μ„',0),(5987,'μ²ν•λ¬΄μ μ λ΅―λ°μƒλ“',0),(5988,'μ°λ μ°¬ ν‚·μΊ£',0),(5989,'λ¶κµ΄μ μΈμ λ―Έμ¤λ‚µ',0),(5990,'λ¬΄μ μ νƒ±ν¬λ³΄μ΄',0),(5991,'λ¬΄μ •ν• λ¨λ‚μΉ΄',0),(5992,'λ¶κ°€μΉ¨μ λ¨λ‚μΉ΄',0),(5993,'κ³Όκ°ν• ν›„λ μΉνμ΄',0),(5994,'μ΄κ°•λ ¥ν• μΉΈμµΈ',0),(5995,'λ¬΄μν• λ§μΉ΄λ΅±',0),(5996,'λ§Ήλ ¬ν• λΉ λ‹¤μ½”μ½”λ‚«',0),(5997,'νκ΄΄μ μΈ νƒ±ν¬λ³΄μ΄',0),(5998,'μ—­λ™μ μΈ μΈμ λ―Έμ¤λ‚µ',0),(5999,'λ¬΄μ„μ΄ μκ°μΉ',0),(6000,'μ••λ„μ μΈ μ¤μ™μΉ©',0),(6001,'μ§€λ…ν• λ„λ„¤λ λ„¤',0),(6002,'λ¬΄μ μ μκ°μΉ',0),(6003,'μ•”ν‘μ ν¬μΉ΄μΉ©',0),(6004,'ν—μ•…ν• λΉ…νμ΄',0),(6005,'λ‹Ήλ‹Ήν• μ¬μΉ©',0),(6006,'λμ—†λ” μΉ΄μ¤νƒ€λ“',0),(6007,'μ²λ‘¥ κ°™μ€ ν™λ°λ³Ό',0),(6008,'μ§€λ…ν• μ–‘νλ§',0),(6009,'μμ›ν• κ°μκΉ΅',0),(6010,'λ¬΄κ±°μ΄ ν‚·μΊ£',0),(6011,'μ€λ°€ν• μ‚¬λΈλ ',0),(6012,'μ΄κ°•λ ¥ν• ν¬ν…ν† μΉ©',0),(6013,'λ¬΄μλΉ„ν• μ΄μ½”ν•μ„',0),(6014,'μ‚¬μ•…ν• μ— μ•¤μ— μ¦',0),(6015,'μ‚¬μ•…ν• μΉ΄μ¤νƒ€λ“',0),(6016,'λ¬΄κ±°μ΄ μ™€ν΄',0),(6017,'μ„λ€ν• λ§κ°€λ ›νΈ',0),(6018,'ν—μ¤€ν• λΉΌλΉΌλ΅',0),(6019,'ν¬μ² ν• μ¤μ‚¬μ―”',0),(6020,'λ€λ‹¨ν• μ™€ν΄',0),(6021,'λ€λ‹¨ν• μ΄μ½”μ†΅μ΄',0),(6022,'κ°€μ°¨μ—†λ” μ¤λ μ¤',0),(6023,'μ²μ ν• μΉμ¦λ³Ό',0),(6024,'κ²°μ—°ν• μ¤μ™μΉ©',0),(6025,'μ§‘μ”ν• ν¬λ¦¬μ¤ν”Όλ΅¤',0),(6026,'λ‹Ήλ‹Ήν• ν™λ°λ³Ό',0),(6027,'κ²°μ—°ν• ν•λ¦¬λ³΄',0),(6028,'μ™„κ°•ν• ν”„λ§κΈ€μ¤',0),(6029,'μ§€λ…ν• μΉΈμµΈ',0),(6030,'κΉμ€ μ€λ΅λ³„',0),(6031,'ν­λ°μ μΈ μ¤λ¨',0),(6032,'λ€λ‹¨ν• λ¦¬μΈ ',0),(6033,'κ°€νΉν• κ°€λ‚νμ΄',0),(6034,'μ λ€μ μΈ μ€λ΅λ³„',0),(6035,'λμ§κΈ΄ μ€λ΅λ³„',0),(6036,'μ‚¬μ•…ν• λ°”λ‚λ‚ν‚¥',0),(6037,'μ•”ν‘μ λΉ…νμ΄',0),(6038,'μ°λ μ°¬ μ΄μ½”νμ΄',0),(6039,'ν­μ••μ μΈ κ³ μ†λ―Έ',0),(6040,'λμ§κΈ΄ ν¬λμ»¤',0),(6041,'μ„λ€ν• λ¦¬μΈ ',0),(6042,'μ€λ°€ν• κΏ€κ½λ°°κΈ°',0),(6043,'λ¬΄μ •ν• μ£ μ¤λ°”',0),(6044,'μΉμ—΄ν• κ°μκΉ΅',0),(6045,'λ§‰κ°•ν• μ΄μ½”μΉ©μΏ ν‚¤',0),(6046,'λμ§κΈ΄ λ½€λ',0),(6047,'λ¶κ°€μΉ¨μ κΏ€κ½λ°°κΈ°',0),(6048,'λΉν‹μ—†λ” νλ λ΅λ΅μ‰',0),(6049,'λμ§κΈ΄ λΉ λ‹¤μ½”μ½”λ‚«',0),(6050,'λ‹¨νΈν• μƒμ°κΉ΅',0),(6051,'κ²©λ ¬ν• μ΄μ½”μ†΅μ΄',0),(6052,'μ•…λ…ν• λΉμΈ ',0),(6053,'κµ‰μ¥ν• μ£ λ¦¬ν',0),(6054,'μΉΌλ‚  κ°™μ€ μ›¨ν•μ¤',0),(6055,'λμ§κΈ΄ λ°”λ‚λ‚ν‚¥',0),(6056,'μ—­λ™μ μΈ κ³ μ†λ―Έ',0),(6057,'μ²ν•λ¬΄μ μ ν•λ¦¬λ³΄',0),(6058,'ν­μ••μ μΈ λΉΌλΉΌλ΅',0),(6059,'κ²¬κ³ ν• μΉ΄μ¤νƒ€λ“',0),(6060,'λ‹¨νΈν• μ¤λ μ¤',0),(6061,'κΉμ€ λ‚μµΈ',0),(6062,'λ§¤μ„μ΄ μΏ ν¬λ‹¤μ¤',0),(6063,'λ¬΄μ‡ κ°™μ€ μ΄μ½”μΉ©μΏ ν‚¤',0),(6064,'μ €λμ μΈ λ²„ν„°μ™€ν”',0),(6065,'νμ°¬ νƒ±ν¬λ³΄μ΄',0),(6066,'λ¶μ‚¬μ‹ μ λ§κ°€λ ›νΈ',0),(6067,'λ¬΄μν• μ›¨ν•μ¤',0),(6068,'λμ—†λ” κµ¬κµ¬μ½',0),(6069,'λ¬΄μν• μ¤λ μ¤',0),(6070,'λ“μ„Ό ν—λ‹λ²„ν„°μΉ©',0),(6071,'μμ›ν• λ²„ν„°μΏ ν‚¤',0),(6072,'κ²¬κ³ ν• μ£ μ¤λ°”',0),(6073,'κ°€νΉν• μ΄μ½”μ†΅μ΄',0),(6074,'μ—­λ™μ μΈ λ§κ°€λ ›νΈ',0),(6075,'ν—μ•…ν• κ°€λ‚νμ΄',0),(6076,'μ λ€μ μΈ μ¤μ™μΉ©',0),(6077,'λ¬΄μ‹¬ν• μΏ ν¬λ‹¤μ¤',0),(6078,'κ΄‘ν­ν• μ•μƒμ°μΉ©',0),(6079,'λ¶ν¨μ μ— μ•¤μ— μ¦',0),(6080,'κΉμ€ μ΄μ½”νμ΄',0),(6081,'κΈ΄λ°•ν• μ™€ν΄',0),(6082,'λ¶νƒ€λ” μΏ ν¬λ‹¤μ¤',0),(6083,'μ—­λ™μ μΈ κ³ λλ°¥',0),(6084,'λ‹¨νΈν• μ•Όμ±„νƒ€μ„',0),(6085,'κ²©λ ¬ν• μΉ™μ΄‰',0),(6086,'λ‹¨λ‹¨ν• ν¬λ°ν‚¤',0),(6087,'λ§‰κ°•ν• μΉΈμµΈ',0),(6088,'μ§„μ§€ν• μ•Όμ±„νƒ€μ„',0),(6089,'κ°•λ ¬ν• λ„λ„¤λ λ„¤',0),(6090,'μ²ν•λ¬΄μ μ ν¬μΉ΄μΉ©',0),(6091,'λ€λ‹¨ν• μ¤μ‚¬μ―”',0),(6092,'λ¬΄μ •ν• ν¬λ¦¬μ¤ν”Όλ΅¤',0),(6093,'κ°•λ ¬ν• κΌ¬κΉ”μ½',0),(6094,'μΉΌλ‚  κ°™μ€ μ¤μ™μΉ©',0),(6095,'λ¬΄μν• κ°€λ‚νμ΄',0),(6096,'μ²μ ν• λ²„ν„°μ™€ν”',0),(6097,'μ„λ€ν• μ€λ΅λ³„',0),(6098,'ν—λ‚ν• μ΄μ½”νμ΄',0),(6099,'λ€λ‹΄ν• μ‚¬λΈλ ',0),(6100,'κ²¬κ³ ν• μ΄μ½”νμ΄',0),(6101,'μ‚¬λ‚μ΄ ν™λ°λ³Ό',0),(6102,'κµ‰μ¥ν• κ³ λλ°¥',0),(6103,'κµ‰μ¥ν• ν¬μΉ΄μΉ©',0),(6104,'λ‹¨λ‹¨ν• λ‚μµΈ',0),(6105,'λ§‰κ°•ν• λ‚μµΈ',0),(6106,'μ €λμ μΈ λ΅―λ°μƒλ“',0),(6107,'κΈ‰κ²©ν• κ³ λλ°¥',0),(6108,'μ‚¬μ•…ν• ν›„λ μΉνμ΄',0),(6109,'ν¬μ² ν• ν™λ°λ³Ό',0),(6110,'μ²λ‘¥ κ°™μ€ λ„λ„¤λ λ„¤',0),(6111,'κ·Ήμ•…ν• μ¤κ°μ',0),(6112,'λ‹¨λ‹¨ν• μ£ λ¦¬ν',0),(6113,'μ‚¬μ•…ν• λ²„ν„°μ™€ν”',0),(6114,'λΉν‹μ—†λ” λΉ λ‹¤μ½”μ½”λ‚«',0),(6115,'λ¶κ°€μΉ¨μ μ ν¬',0),(6116,'λμ—†λ” ν¬λμ»¤',0),(6117,'λ¬΄μ‹λ¬΄μ‹ν• κ°μκΉ΅',0),(6118,'κµ‰μ¥ν• λ§κ°€λ ›νΈ',0),(6119,'λ¬΄μ‹λ¬΄μ‹ν• μ‚¬λΈλ ',0),(6120,'λ€λ‹¨ν• μ½μ΄',0),(6121,'λ€λ‹΄ν• μκ°μΉ',0),(6122,'λ¬΄μ μ μ°Έν¬λμ»¤',0),(6123,'μ§„μ§€ν• μΈμ λ―Έμ¤λ‚µ',0),(6124,'λ‹¨νΈν• λΉμΈ ',0),(6125,'κ°•μ§ν• νλ λ΅λ΅μ‰',0),(6126,'μ•…λ…ν• μ¤κ°μ',0),(6127,'λ‹Ήλ‹Ήν• λ²„ν„°μ™€ν”',0),(6128,'μ²λ‘¥ κ°™μ€ μ™€ν΄',0),(6129,'μ‹ λ…μ ν”„λ§κΈ€μ¤',0),(6130,'νκ΄΄μ μΈ μ£ λ¦¬ν',0),(6131,'ν¬μ² ν• μΉ΄μ¤νƒ€λ“',0),(6132,'λ‹¨νΈν• λ‚μµΈ',0),(6133,'κ°•λ ¥ν• λ¦¬μΈ ',0),(6134,'λ¶κµ΄μ μ•Όμ±„νƒ€μ„',0),(6135,'μ•”ν‘μ μΉμ¦λ³Ό',0),(6136,'μΉΌλ‚  κ°™μ€ μ•μƒμ°μΉ©',0),(6137,'μ΄κ°•λ ¥ν• μΉ΄μ¤νƒ€λ“',0),(6138,'λ¶ν¨μ νλ λ΅λ΅μ‰',0),(6139,'κ²°μ—°ν• μ‚¬λΈλ ',0),(6140,'ν—μ¤€ν• μ¬μΉ©',0),(6141,'μ €λμ μΈ μ—μ΄μ¤',0),(6142,'μ›…μ¥ν• μ΄μ½”νμ΄',0),(6143,'λ¬΄μ‡ κ°™μ€ μ΄μ½”μ†΅μ΄',0),(6144,'λ¬΄ν•ν• λ¦¬μΈ ',0),(6145,'ν­λ°μ μΈ μ—”μ΄',0),(6146,'κµ‰μ¥ν• μ¤λ‹μ»¤μ¦',0),(6147,'μΉΌλ‚  κ°™μ€ μ€λ΅λ³„',0),(6148,'λ¬΄μν• λΉ μ‚­',0),(6149,'μ¤‘ν›„ν• μΉ™μ΄‰',0),(6150,'λ¬΄κ±°μ΄ λ§κ°€λ ›νΈ',0),(6151,'λ¬΄μ μ μΈμ λ―Έμ¤λ‚µ',0),(6152,'λ“μ„Ό κΌ¬κΉ”μ½',0),(6153,'λμ—†λ” νΈμ…μ¤',0),(6154,'λ¶μ‚¬μ‹ μ μ— μ•¤μ— μ¦',0),(6155,'λ“μ„Ό μ΄μ½”ν•μ„',0),(6156,'κ°•λ ¬ν• νƒ±ν¬λ³΄μ΄',0),(6157,'λ¬΄μ‡ κ°™μ€ λΉ…νμ΄',0),(6158,'ν—μ¤€ν• μ›¨ν•μ¤',0),(6159,'κΈ‰κ²©ν• μΈμ λ―Έμ¤λ‚µ',0),(6160,'λ‚ μΉ΄λ΅μ΄ λ¨λ‚μΉ΄',0),(6161,'μ°¨κ°€μ΄ μΈμ λ―Έμ¤λ‚µ',0),(6162,'λ€λ‹¨ν• μ–‘νλ§',0),(6163,'λ¬΄μ„μ΄ μ‚¬λΈλ ',0),(6164,'λ¶κµ΄μ μΉΈμµΈ',0),(6165,'λ‹¨λ‹¨ν• μκ°μΉ',0),(6166,'κµ³κ±΄ν• ν¬λμ»¤',0),(6167,'κ°€νΉν• λ²„ν„°μ™€ν”',0),(6168,'κ°€μ°¨μ—†λ” μ¤μ‚¬μ―”',0),(6169,'ν™©ν™€ν• λ°”λ‚λ‚ν‚¥',0),(6170,'μ¤‘ν›„ν• μ—”μ΄',0),(6171,'λΉ„μ¥ν• κΏ€κ½λ°°κΈ°',0),(6172,'μ—­λ™μ μΈ λ¨λ‚μΉ΄',0),(6173,'λ€λ‹΄ν• μΉ™μ΄‰',0),(6174,'κ°€νΉν• ν¬λμ»¤',0),(6175,'ν—μ•…ν• ν¬λμ»¤',0),(6176,'λ§‰κ°•ν• κΏ€κ½λ°°κΈ°',0),(6177,'ν™©ν™€ν• μ¤μ™μΉ©',0),(6178,'μ €λμ μΈ ν™λ°λ³Ό',0),(6179,'μ€λ°€ν• μ¤μ‚¬μ―”',0),(6180,'ν—λ‚ν• μ΄μ½”μΉ©μΏ ν‚¤',0),(6181,'κΈ‰κ²©ν• ν¬λμ»¤',0),(6182,'μ΄κ°•λ ¥ν• μ•μƒμ°μΉ©',0),(6183,'κ°€μ°¨μ—†λ” μ½μ΄',0),(6184,'λΉ„μ¥ν• μΈμ λ―Έμ¤λ‚µ',0),(6185,'λΉ„μ¥ν• κ³ λλ°¥',0),(6186,'λ“μ„Ό ν¬λμ»¤',0),(6187,'μΉλ…μ μΈ κΌ¬κΉ”μ½',0),(6188,'νκ΄΄μ μΈ νλ λ΅λ΅μ‰',0),(6189,'κΈ΄λ°•ν• ν¬λ°ν‚¤',0),(6190,'λ¬΄μν• λΉμΈ ',0),(6191,'ν™•κ³ ν• μ£ λ¦¬ν',0),(6192,'ν­λ°μ μΈ ν›„λ μΉνμ΄',0),(6193,'νκ΄΄μ μΈ μ¤κ°μ',0),(6194,'μμ›ν• μ ν¬',0),(6195,'ν™©ν™€ν• μ¤λ¨',0),(6196,'κ²¬κ³ ν• λ§κ°€λ ›νΈ',0),(6197,'μ²λ‘¥ κ°™μ€ λ°€ν¬μΉ΄λΌλ©',0),(6198,'ν™©ν™€ν• λ½€λ',0),(6199,'ν™•κ³ ν• λ§κ°€λ ›νΈ',0),(6200,'νκ΄΄μ μΈ κµ¬κµ¬μ½',0),(6201,'μ΄κ°•λ ¥ν• μ¤κ°μ',0),(6202,'κ°€μ°¨μ—†λ” ν”„λ§κΈ€μ¤',0),(6203,'μ›…μ¥ν• μκ°μΉ',0),(6204,'λ¬΄μλΉ„ν• κΌ¬κΉ”μ½',0),(6205,'ν—μ¤€ν• ν•λ¦¬λ³΄',0),(6206,'μ‚¬μ•…ν• μ¤λ μ¤',0),(6207,'κΉμ€ μ‚¬λΈλ ',0),(6208,'μ”νΉν• μ΄μ½”μ†΅μ΄',0),(6209,'λ²”μ ‘ν•  μ μ—†λ” λ½€λ',0),(6210,'κµ³κ±΄ν• μκ°μΉ',0),(6211,'λμ—†λ” κ³ λλ°¥',0),(6212,'λ¶μ‚¬μ‹ μ ν¬λ¦¬μ¤ν”Όλ΅¤',0),(6213,'λ€λ‹΄ν• μ€λ΅λ³„',0),(6214,'μ‚¬λ‚μ΄ κµ¬μ΄κ°μ',0),(6215,'μ‹ λ…μ λΉ μ‚­',0),(6216,'κΈ‰κ²©ν• μ°Έν¬λμ»¤',0),(6217,'λΉν‹μ—†λ” μ½μ΄',0),(6218,'κ³ λ…ν• μ‚¬λΈλ ',0),(6219,'μ§„μ§€ν• μ—”μ΄',0),(6220,'μ§„μ§€ν• λ²„ν„°μ™€ν”',0),(6221,'μ‚¬μ•…ν• λΉ μ‚­',0),(6222,'λμ§κΈ΄ κµ¬κµ¬μ½',0),(6223,'μ΄μΈμ μΈ μ¤μ™μΉ©',0),(6224,'μ°¨κ°€μ΄ μ΄μ½”μΉ©μΏ ν‚¤',0),(6225,'κ°€μ°¨μ—†λ” μ™€ν΄',0),(6226,'λ¬΄μ„μ΄ μ•μƒμ°μΉ©',0),(6227,'μ§‘μ”ν• μ£ λ¦¬ν',0),(6228,'ν™©ν™€ν• λ‚μµΈ',0),(6229,'κ°•μΈν• κµ¬κµ¬μ½',0),(6230,'νμ°¬ μ¤λ‹μ»¤μ¦',0),(6231,'μ΄κ°•λ ¥ν• μ•Όμ±„νƒ€μ„',0),(6232,'μ§„μ§€ν• λ§κ°€λ ›νΈ',0),(6233,'μ λ€μ μΈ μ— μ•¤μ— μ¦',0),(6234,'λ¬΄μ μ μΉΈμµΈ',0),(6235,'κ°€νΉν• μ‚¬λΈλ ',0),(6236,'μ΄κ°•λ ¥ν• μκ°μΉ',0),(6237,'μ‚¬μ•…ν• μ€λ΅λ³„',0),(6238,'λ¬΄κ±°μ΄ ν¬λ°ν‚¤',0),(6239,'λ¬΄ν•ν• μΉν† μ¤',0),(6240,'κ²°μ—°ν• μΏ ν¬λ‹¤μ¤',0),(6241,'λ¬΄μ μ λΉ…νμ΄',0),(6242,'μ©λ§Ήν• νΈμ…μ¤',0),(6243,'λ²”μ ‘ν•  μ μ—†λ” ν—λ‹λ²„ν„°μΉ©',0),(6244,'κ°€μ°¨μ—†λ” μ–‘νλ§',0),(6245,'λμ—†λ” μ¤λ¨',0),(6246,'μ•”ν‘μ κµ¬κµ¬μ½',0),(6247,'λ§‰κ°•ν• μΈμ λ―Έμ¤λ‚µ',0),(6248,'κ³Όκ°ν• λ„λ„¤λ λ„¤',0),(6249,'λ¬΄μ μ κ³ μ†λ―Έ',0),(6250,'μμ›ν• μ°Έν¬λμ»¤',0),(6251,'κ³ λ…ν• μΈμ λ―Έμ¤λ‚µ',0),(6252,'νκ΄΄μ μΈ μ°Έν¬λμ»¤',0),(6253,'μΉμ—΄ν• μƒμ°κΉ΅',0),(6254,'κ°•μ§ν• μ¤μ‚¬μ―”',0),(6255,'λ¬΄μ •ν• ν—λ‹λ²„ν„°μΉ©',0),(6256,'κ΄‘ν­ν• μ΄μ½”μΉ©μΏ ν‚¤',0),(6257,'λΉ„μ¥ν• κ°€λ',0),(6258,'κ°€νΉν• μΉ΄μ¤νƒ€λ“',0),(6259,'λ“μ„Ό λ§μΉ΄λ΅±',0),(6260,'μ€λ°€ν• ν¬μΉ΄μΉ©',0),(6261,'λ§¤μ„μ΄ κ°μκΉ΅',0),(6262,'λμ§κΈ΄ ν¬μΉ΄μΉ©',0),(6263,'μ•”ν‘μ λ§κ°€λ ›νΈ',0),(6264,'μ°λ μ°¬ μ£ μ¤λ°”',0),(6265,'λ§¤μ„μ΄ μƒμ°κΉ΅',0),(6266,'μ„λ€ν• ν¬λμ»¤',0),(6267,'λμ—†λ” λΉ λ‹¤μ½”μ½”λ‚«',0),(6268,'μ‚¬λ‚μ΄ λ½€λ',0),(6269,'μΉλ…μ μΈ λΉ…νμ΄',0),(6270,'μ©λ§Ήν• μ£ μ¤λ°”',0),(6271,'μ°¨κ°€μ΄ ν¬λ°ν‚¤',0),(6272,'λ§¤μ„μ΄ μΉ΄μ¤νƒ€λ“',0),(6273,'μ•…λ…ν• λ²„ν„°μΏ ν‚¤',0),(6274,'κ°•λ ¬ν• μΉν† μ¤',0),(6275,'λκ°™μ€ μ ν¬',0),(6276,'μμ›ν• μ— μ•¤μ— μ¦',0),(6277,'λ¬΄ν•ν• ν¬μΉ΄μΉ©',0),(6278,'μ²μ ν• μκ°μΉ',0),(6279,'λμ§κΈ΄ μ½μ΄',0),(6280,'μ„λ€ν• μ›¨ν•μ¤',0),(6281,'λ¬΄ν•ν• ν¬λμ»¤',0),(6282,'μ”νΉν• μ€λ΅λ³„',0),(6283,'μ—­λ™μ μΈ ν™λ°λ³Ό',0),(6284,'κ°•μ§ν• λ°”λ‚λ‚ν‚¥',0),(6285,'μ§„μ§€ν• ν¬ν…ν† μΉ©',0),(6286,'λ¶ν¨μ λΉΌλΉΌλ΅',0),(6287,'μ¤‘ν›„ν• ν›„λ μΉνμ΄',0),(6288,'λΉ„μ¥ν• μκ°μΉ',0),(6289,'ν—μ•…ν• λ΅―λ°μƒλ“',0),(6290,'κ²¬κ³ ν• ν”„λ§κΈ€μ¤',0),(6291,'κ²¬κ³ ν• λΉ…νμ΄',0),(6292,'λ¶νƒ€λ” λ΅―λ°μƒλ“',0),(6293,'κ²¬κ³ ν• νƒ±ν¬λ³΄μ΄',0),(6294,'μ€λ°€ν• λΉ…νμ΄',0),(6295,'κΈ΄λ°•ν• ν¬μΉ΄μΉ©',0),(6296,'μ€λ°€ν• μΉ™μ΄‰',0),(6297,'λ‹¨λ‹¨ν• λ¨λ‚μΉ΄',0),(6298,'κµ³κ±΄ν• μ•μƒμ°μΉ©',0),(6299,'κ³ λ…ν• μ΄μ½”μΉ©μΏ ν‚¤',0),(6300,'μ°¨κ°€μ΄ ν™λ°λ³Ό',0),(6301,'λ¬΄κ±°μ΄ μ¤μ™μΉ©',0),(6302,'λ€λ‹¨ν• ν¬λ°ν‚¤',0),(6303,'μ²ν•λ¬΄μ μ μμΌλ¦¬ν†¨',0),(6304,'μ²λ‘¥ κ°™μ€ μ΄μ½”μ†΅μ΄',0),(6305,'λ¬΄μ„μ΄ λ¦¬μΈ ',0),(6306,'μ©λ§Ήν• ν¬λ¦¬μ¤ν”Όλ΅¤',0),(6307,'κ°•λ ¬ν• μ¤λ μ¤',0),(6308,'λμ§κΈ΄ μΏ ν¬λ‹¤μ¤',0),(6309,'λ¶νƒ€λ” λ§μΉ΄λ΅±',0),(6310,'κ³Όκ°ν• κΏ€κ½λ°°κΈ°',0),(6311,'κ³ λ…ν• κΌ¬κΉ”μ½',0),(6312,'μ•…λ…ν• λΉ…νμ΄',0),(6313,'μ©λ§Ήν• μκ°μΉ',0),(6314,'κΈ΄λ°•ν• λ½€λ',0),(6315,'λ¶ν¨μ μΉ™μ΄‰',0),(6316,'κ°•λ ¬ν• μ¤μ‚¬μ―”',0),(6317,'λ²”μ ‘ν•  μ μ—†λ” κ°€λ‚νμ΄',0),(6318,'λ‚ μΉ΄λ΅μ΄ μΉΈμµΈ',0),(6319,'κ°•μΈν• μƒμ°κΉ΅',0),(6320,'μ λ€μ μΈ μ¤λ μ¤',0),(6321,'λΉν‹μ—†λ” ν¬λ°ν‚¤',0),(6322,'λ¬΄μν• μ–‘νλ§',0),(6323,'λ‹¨νΈν• κ³ μ†λ―Έ',0),(6324,'μ™„κ°•ν• λΉΌλΉΌλ΅',0),(6325,'μ‚¬λ‚μ΄ μΉμ¦λ³Ό',0),(6326,'μ••λ„μ μΈ λ‚μµΈ',0),(6327,'κ°€μ°¨μ—†λ” ν‚·μΊ£',0),(6328,'ν—λ‚ν• ν‚·μΊ£',0),(6329,'μ²λ‘¥ κ°™μ€ λΉ μ‚­',0),(6330,'μ°¨κ°€μ΄ μ•Όμ±„νƒ€μ„',0),(6331,'ν­μ••μ μΈ λΉμΈ ',0),(6332,'κ²©λ ¬ν• μ‚¬λΈλ ',0),(6333,'μ••λ„μ μΈ κµ¬μ΄κ°μ',0),(6334,'λ§¤μ„μ΄ λ½€λ',0),(6335,'λ²”μ ‘ν•  μ μ—†λ” λΉΌλΉΌλ΅',0),(6336,'λ¬΄κ±°μ΄ μ ν¬',0),(6337,'λ‹Ήλ‹Ήν• μ–‘νλ§',0),(6338,'λ¶ν¨μ ν›„λ μΉνμ΄',0),(6339,'μ°¨κ°€μ΄ ν•λ¦¬λ³΄',0),(6340,'λμ—†λ” λ°€ν¬μΉ΄λΌλ©',0),(6341,'κ²¬κ³ ν• μ¤μ‚¬μ―”',0),(6342,'λ§¤μ„μ΄ μ—”μ΄',0),(6343,'κ°•μΈν• ν¬μΉ΄μΉ©',0),(6344,'λ¬΄κ±°μ΄ λΉμΈ ',0),(6345,'μΉλ…μ μΈ κ°€λ‚νμ΄',0),(6346,'κ³ λ…ν• μΉμ¦λ³Ό',0),(6347,'μ—­λ™μ μΈ λ§μΉ΄λ΅±',0),(6348,'ν¬μ² ν• μμΌλ¦¬ν†¨',0),(6349,'λΉ„μ¥ν• κµ¬μ΄κ°μ',0),(6350,'μΉΌλ‚  κ°™μ€ κ³ λλ°¥',0),(6351,'κµ³κ±΄ν• μΈμ λ―Έμ¤λ‚µ',0),(6352,'κµ‰μ¥ν• λ§μΉ΄λ΅±',0),(6353,'λ‚ μΉ΄λ΅μ΄ ν¬λ°ν‚¤',0),(6354,'λ¬΄μ‹λ¬΄μ‹ν• μμΌλ¦¬ν†¨',0),(6355,'μ΄μ›”μ μΈ ν”„λ§κΈ€μ¤',0),(6356,'λ¶λ³€μ λ½€λ',0),(6357,'ν—μ¤€ν• μ¤λ¨',0),(6358,'λ§Ήλ ¬ν• μ•μƒμ°μΉ©',0),(6359,'μ΄μΈμ μΈ κµ¬κµ¬μ½',0),(6360,'μμ›ν• λ²„ν„°μ™€ν”',0),(6361,'λ€λ‹΄ν• μ— μ•¤μ— μ¦',0),(6362,'μ‹ λ…μ μΉ΄μ¤νƒ€λ“',0),(6363,'κ°•μΈν• κΏ€κ½λ°°κΈ°',0),(6364,'κΉμ€ μ΄μ½”μΉ©μΏ ν‚¤',0),(6365,'ν—μ¤€ν• κ³ μ†λ―Έ',0),(6366,'κ°•λ ¥ν• κ³ λλ°¥',0),(6367,'κΈ‰κ²©ν• μ™€μ‚­λ°”',0),(6368,'κΉμ€ ν›„λ μΉνμ΄',0),(6369,'κ·Ήμ•…ν• λ°”λ‚λ‚ν‚¥',0),(6370,'μΉΌλ‚  κ°™μ€ κµ¬μ΄κ°μ',0),(6371,'μ‚¬λ‚μ΄ ν•λ¦¬λ³΄',0),(6372,'κµ‰μ¥ν• μ‚¬λΈλ ',0),(6373,'μ €λμ μΈ μ›¨ν•μ¤',0),(6374,'λ¬΄μ •ν• νƒ±ν¬λ³΄μ΄',0),(6375,'μ‚¬μ•…ν• λΉμΈ ',0),(6376,'λ§¤μ„μ΄ μ½μ΄',0),(6377,'ν—μ•…ν• λ²„ν„°μ™€ν”',0),(6378,'λ€λ‹΄ν• μ•μƒμ°μΉ©',0),(6379,'μ €λμ μΈ νλ λ΅λ΅μ‰',0),(6380,'λ¶λ³€μ μΉ™μ΄‰',0),(6381,'λ¶μ‚¬μ‹ μ μ ν¬',0),(6382,'κ°•μ§ν• λΉμΈ ',0),(6383,'μ›…μ¥ν• μ—”μ΄',0),(6384,'ν™•κ³ ν• μ™€ν΄',0),(6385,'κ³ λ…ν• λ°”λ‚λ‚ν‚¥',0),(6386,'μ΄μΈμ μΈ κ°€λ‚νμ΄',0),(6387,'κ³ λ…ν• ν¬λμ»¤',0),(6388,'λκ°™μ€ ν™λ°λ³Ό',0),(6389,'μ••λ„μ μΈ κµ¬κµ¬μ½',0),(6390,'κµ³κ±΄ν• ν‚·μΊ£',0),(6391,'μ΄κ°•λ ¥ν• μ΄μ½”ν•μ„',0),(6392,'λ§Ήλ ¬ν• λ΅―λ°μƒλ“',0),(6393,'λ§Ήλ ¬ν• μ–‘νλ§',0),(6394,'κ³Όκ°ν• μΉν† μ¤',0),(6395,'κµ³κ±΄ν• μ—”μ΄',0),(6396,'μ•…λ…ν• ν•λ¦¬λ³΄',0),(6397,'νκ΄΄μ μΈ μΉ΄μ¤νƒ€λ“',0),(6398,'κ°•λ ¥ν• ν—λ‹λ²„ν„°μΉ©',0),(6399,'μ•…λ…ν• ν¬μΉ΄μΉ©',0),(6400,'λ¬΄μ‡ κ°™μ€ ν¬λ¦¬μ¤ν”Όλ΅¤',0),(6401,'μ²λ‘¥ κ°™μ€ μΉμ¦λ³Ό',0),(6402,'μΉμ—΄ν• κ°€λ‚νμ΄',0),(6403,'μ••λ„μ μΈ λ§κ°€λ ›νΈ',0),(6404,'κµ‰μ¥ν• μƒμ°κΉ΅',0),(6405,'κ°€μ°¨μ—†λ” κΏ€κ½λ°°κΈ°',0),(6406,'λ€λ‹΄ν• μ΄μ½”μΉ©μΏ ν‚¤',0),(6407,'κΈ‰κ²©ν• μƒμ°κΉ΅',0),(6408,'λ¬΄μ‡ κ°™μ€ μ™€ν΄',0),(6409,'μ€λ°€ν• μ•μƒμ°μΉ©',0),(6410,'λΉ„μ¥ν• κ°μκΉ΅',0),(6411,'κ³ λ…ν• κ°€λ‚νμ΄',0),(6412,'λ¬΄μ‹¬ν• κµ¬κµ¬μ½',0),(6413,'κ°•λ ¥ν• λΉ μ‚­',0),(6414,'λ¬΄μ‡ κ°™μ€ ν¬ν…ν† μΉ©',0),(6415,'λ¶νƒ€λ” κ°€λ‚νμ΄',0),(6416,'μ¤‘ν›„ν• λ§κ°€λ ›νΈ',0),(6417,'κ³ λ…ν• λΉ λ‹¤μ½”μ½”λ‚«',0),(6418,'μ›…μ¥ν• λ§μΉ΄λ΅±',0),(6419,'λ¶λ³€μ λΉ…νμ΄',0),(6420,'κ°•μ§ν• μ‚¬λΈλ ',0),(6421,'κΉμ€ μ΄μ½”μ†΅μ΄',0),(6422,'ν™•κ³ ν• κ³ μ†λ―Έ',0),(6423,'μμ›ν• λ°”λ‚λ‚ν‚¥',0),(6424,'ν—λ‚ν• ν—λ‹λ²„ν„°μΉ©',0),(6425,'μ••λ„μ μΈ μ½μ΄',0),(6426,'λ¬΄μ‡ κ°™μ€ μΉν† μ¤',0),(6427,'μ΄κ°•λ ¥ν• μ΄μ½”μΉ©μΏ ν‚¤',0),(6428,'μμ›ν• λ½€λ',0),(6429,'λ§Ήλ ¬ν• μƒμ°κΉ΅',0),(6430,'μ²ν•λ¬΄μ μ κ³ λλ°¥',0),(6431,'νμ°¬ μΉ΄μ¤νƒ€λ“',0),(6432,'κ²©λ ¬ν• λΉ μ‚­',0),(6433,'κ²¬κ³ ν• ν›„λ μΉνμ΄',0),(6434,'λ²”μ ‘ν•  μ μ—†λ” ν¬ν…ν† μΉ©',0),(6435,'κ°•λ ¬ν• μ΄μ½”νμ΄',0),(6436,'λΉ„μ¥ν• μ ν¬',0),(6437,'μ„λ€ν• λΉμΈ ',0),(6438,'λ¶κµ΄μ μ–‘νλ§',0),(6439,'λ‹¨λ‹¨ν• κ°€λ',0),(6440,'λ§¤μ„μ΄ ν—λ‹λ²„ν„°μΉ©',0),(6441,'μ² μ €ν• μ¤μ‚¬μ―”',0),(6442,'μ €λμ μΈ κΏ€κ½λ°°κΈ°',0),(6443,'κ²¬κ³ ν• μ—μ΄μ¤',0),(6444,'λ¬΄μν• μ΄μ½”ν•μ„',0),(6445,'ν¬μ² ν• μΈμ λ―Έμ¤λ‚µ',0),(6446,'μ•…λ…ν• μ°Έν¬λμ»¤',0),(6447,'μ²ν•λ¬΄μ μ μ•Όμ±„νƒ€μ„',0),(6448,'μ—­λ™μ μΈ μμΌλ¦¬ν†¨',0),(6449,'ν­μ••μ μΈ μμΌλ¦¬ν†¨',0),(6450,'λ§Ήλ ¬ν• μ΄μ½”ν•μ„',0),(6451,'μ €λμ μΈ μƒμ°κΉ΅',0),(6452,'μμ›ν• μ€λ΅λ³„',0),(6453,'κ°€μ°¨μ—†λ” λ²„ν„°μΏ ν‚¤',0),(6454,'λ¬΄μ‹λ¬΄μ‹ν• μ™€μ‚­λ°”',0),(6455,'μ¤‘ν›„ν• μΉΈμµΈ',0),(6456,'λ¬΄μ‡ κ°™μ€ λ¦¬μΈ ',0),(6457,'λ¬΄ν•ν• κ³ λλ°¥',0),(6458,'μ €λμ μΈ μ™€ν΄',0),(6459,'μ²μ ν• μ™€μ‚­λ°”',0),(6460,'λμ—†λ” μ΄μ½”μ†΅μ΄',0),(6461,'λ‹¨νΈν• νƒ±ν¬λ³΄μ΄',0),(6462,'κ°•μ§ν• ν¬λ°ν‚¤',0),(6463,'μ„λ€ν• κΌ¬κΉ”μ½',0),(6464,'μ²μ ν• μ¤μ‚¬μ―”',0),(6465,'ν­μ••μ μΈ νΈμ…μ¤',0),(6466,'κ°€νΉν• λ„λ„¤λ λ„¤',0),(6467,'κ°•λ ¥ν• λ¨λ‚μΉ΄',0),(6468,'λΉ„μ¥ν• μ™€ν΄',0),(6469,'μ΄κ°•λ ¥ν• μ¤μ™μΉ©',0),(6470,'ν—λ‚ν• λ‚μµΈ',0),(6471,'κµ³κ±΄ν• ν™λ°λ³Ό',0),(6472,'κ°•μΈν• μ¤λ¨',0),(6473,'μ›…μ¥ν• λ‚μµΈ',0),(6474,'νμ°¬ μΈμ λ―Έμ¤λ‚µ',0),(6475,'μ²μ ν• κ³ λλ°¥',0),(6476,'κΈ΄λ°•ν• κ³ μ†λ―Έ',0),(6477,'λ‹¨λ‹¨ν• λΉΌλΉΌλ΅',0),(6478,'λ¶κ°€μΉ¨μ λΉΌλΉΌλ΅',0),(6479,'μ™„κ°•ν• μ΄μ½”μ†΅μ΄',0),(6480,'κ°€νΉν• μΉμ¦λ³Ό',0),(6481,'λΉν‹μ—†λ” μ£ μ¤λ°”',0),(6482,'μ›…μ¥ν• λ¦¬μΈ ',0),(6483,'ν­μ••μ μΈ κ°μκΉ΅',0),(6484,'μ©λ§Ήν• μΉν† μ¤',0),(6485,'κΈ΄λ°•ν• κΏ€κ½λ°°κΈ°',0),(6486,'κ²°μ—°ν• λ²„ν„°μ™€ν”',0),(6487,'μ§€λ…ν• μ¤κ°μ',0),(6488,'μ•”ν‘μ κ°μκΉ΅',0),(6489,'λ€λ‹¨ν• λΉΌλΉΌλ΅',0),(6490,'μ²μ ν• μ£ μ¤λ°”',0),(6491,'λΉν‹μ—†λ” μ¤λ¨',0),(6492,'κ³Όκ°ν• μ¤κ°μ',0),(6493,'κΈ΄λ°•ν• λΉ…νμ΄',0),(6494,'μ²ν•λ¬΄μ μ κΏ€κ½λ°°κΈ°',0),(6495,'λ¶νƒ€λ” μ— μ•¤μ— μ¦',0),(6496,'μ €λμ μΈ μκ°μΉ',0),(6497,'λ¬΄μ‹¬ν• μ™€μ‚­λ°”',0),(6498,'μ©λ§Ήν• κµ¬μ΄κ°μ',0),(6499,'μ—­λ™μ μΈ μΏ ν¬λ‹¤μ¤',0),(6500,'κµ‰μ¥ν• μ¤κ°μ',0),(6501,'μ™„κ°•ν• μ™€μ‚­λ°”',0),(6502,'λ¬΄μλΉ„ν• μ™€ν΄',0),(6503,'μ›…μ¥ν• μ½μ΄',0),(6504,'λ¬΄μ‹¬ν• μΈμ λ―Έμ¤λ‚µ',0),(6505,'κ³ λ…ν• μ£ μ¤λ°”',0),(6506,'λ¬΄ν•ν• λΉ μ‚­',0),(6507,'κ²°μ—°ν• μ΄μ½”ν•μ„',0),(6508,'μ•…λ…ν• μΈμ λ―Έμ¤λ‚µ',0),(6509,'μ²ν•λ¬΄μ μ λΉ λ‹¤μ½”μ½”λ‚«',0),(6510,'μ €λμ μΈ λΉ λ‹¤μ½”μ½”λ‚«',0),(6511,'μ‚¬μ•…ν• μΉ™μ΄‰',0),(6512,'λ‚ μΉ΄λ΅μ΄ λ°€ν¬μΉ΄λΌλ©',0),(6513,'λ¶κ°€μΉ¨μ μΉν† μ¤',0),(6514,'λκ°™μ€ νƒ±ν¬λ³΄μ΄',0),(6515,'λ§¤μ„μ΄ μΉΈμµΈ',0),(6516,'κ°•λ ¥ν• λ°€ν¬μΉ΄λΌλ©',0),(6517,'μ§‘μ”ν• νƒ±ν¬λ³΄μ΄',0),(6518,'νκ΄΄μ μΈ μ¤μ‚¬μ―”',0),(6519,'μ••λ„μ μΈ μ£ λ¦¬ν',0),(6520,'μΉΌλ‚  κ°™μ€ μƒμ°κΉ΅',0),(6521,'λ‹Ήλ‹Ήν• μ°Έν¬λμ»¤',0),(6522,'νκ΄΄μ μΈ μΉμ¦λ³Ό',0),(6523,'κ³ λ…ν• μ¤μ™μΉ©',0),(6524,'λ¬΄κ±°μ΄ κ°€λ',0),(6525,'λ¶κµ΄μ κΏ€κ½λ°°κΈ°',0),(6526,'λ¬΄μ‡ κ°™μ€ μ›¨ν•μ¤',0),(6527,'λ¬΄μν• μ•μƒμ°μΉ©',0),(6528,'μ•”ν‘μ νλ λ΅λ΅μ‰',0),(6529,'κ·Ήμ•…ν• νλ λ΅λ΅μ‰',0),(6530,'λ§‰κ°•ν• λΉΌλΉΌλ΅',0),(6531,'ν­λ°μ μΈ λ²„ν„°μΏ ν‚¤',0),(6532,'μΉμ—΄ν• ν¬λμ»¤',0),(6533,'λ¬΄μ μ μ•μƒμ°μΉ©',0),(6534,'λΉν‹μ—†λ” λΉμΈ ',0),(6535,'μ²λ‘¥ κ°™μ€ κ³ μ†λ―Έ',0),(6536,'μ°λ μ°¬ κΌ¬κΉ”μ½',0),(6537,'λ§Ήλ ¬ν• μ•Όμ±„νƒ€μ„',0),(6538,'κ°€νΉν• μμΌλ¦¬ν†¨',0),(6539,'λ¬΄μ‹λ¬΄μ‹ν• λΉΌλΉΌλ΅',0),(6540,'λμ—†λ” κ°€λ',0),(6541,'μ²ν•λ¬΄μ μ μΉΈμµΈ',0),(6542,'μ‚¬λ‚μ΄ λ¨λ‚μΉ΄',0),(6543,'λ²”μ ‘ν•  μ μ—†λ” μΉν† μ¤',0),(6544,'κΈ΄λ°•ν• λ°€ν¬μΉ΄λΌλ©',0),(6545,'λ¶νƒ€λ” μΉ™μ΄‰',0),(6546,'μ‹ λ…μ μ™€ν΄',0),(6547,'μ‚¬μ•…ν• κ°€λ',0),(6548,'λ¶νƒ€λ” λ§κ°€λ ›νΈ',0),(6549,'μ™„κ°•ν• κ°μκΉ΅',0),(6550,'κΉμ€ λ²„ν„°μΏ ν‚¤',0),(6551,'μ €λμ μΈ λΉ μ‚­',0),(6552,'κ³Όκ°ν• μΏ ν¬λ‹¤μ¤',0),(6553,'μ§‘μ”ν• μ¤λ¨',0),(6554,'μ²μ ν• μ‚¬λΈλ ',0),(6555,'νκ΄΄μ μΈ μ¤λ‹μ»¤μ¦',0),(6556,'μ••λ„μ μΈ μΉν† μ¤',0),(6557,'κ°€νΉν• μ΄μ½”μΉ©μΏ ν‚¤',0),(6558,'μ°¨κ°€μ΄ μ΄μ½”ν•μ„',0),(6559,'λ²”μ ‘ν•  μ μ—†λ” μμΌλ¦¬ν†¨',0),(6560,'λ§Ήλ ¬ν• ν¬λμ»¤',0),(6561,'λ§Ήλ ¬ν• μ€λ΅λ³„',0),(6562,'μ••λ„μ μΈ μ— μ•¤μ— μ¦',0),(6563,'λ¶κµ΄μ μ΄μ½”μΉ©μΏ ν‚¤',0),(6564,'λκ°™μ€ μ¤κ°μ',0),(6565,'ν™•κ³ ν• κΌ¬κΉ”μ½',0),(6566,'μ•…λ…ν• μ–‘νλ§',0),(6567,'μ©λ§Ήν• μ°Έν¬λμ»¤',0),(6568,'μ΄κ°•λ ¥ν• μΏ ν¬λ‹¤μ¤',0),(6569,'μ••λ„μ μΈ ν‚·μΊ£',0),(6570,'μ΄μ›”μ μΈ μ΄μ½”νμ΄',0),(6571,'μ§‘μ”ν• μΉΈμµΈ',0),(6572,'μ••λ„μ μΈ λ°€ν¬μΉ΄λΌλ©',0),(6573,'λ¬΄μ„μ΄ λ§μΉ΄λ΅±',0),(6574,'μ €λμ μΈ μΉν† μ¤',0),(6575,'λ‹Ήλ‹Ήν• μ›¨ν•μ¤',0),(6576,'λμ—†λ” μμΌλ¦¬ν†¨',0),(6577,'μ°λ μ°¬ λΉ μ‚­',0),(6578,'λ¬΄μ‹¬ν• μ¤μ™μΉ©',0),(6579,'λ¬΄ν•ν• μ½μ΄',0),(6580,'μ¤‘ν›„ν• κ³ λλ°¥',0),(6581,'μ΄κ°•λ ¥ν• λΉμΈ ',0),(6582,'λ¬΄μ‡ κ°™μ€ ν‚·μΊ£',0),(6583,'ν™•κ³ ν• λ¦¬μΈ ',0),(6584,'μ”νΉν• νλ λ΅λ΅μ‰',0),(6585,'λ¶λ³€μ μ›¨ν•μ¤',0),(6586,'μ€λ°€ν• λ΅―λ°μƒλ“',0),(6587,'λ¬΄κ±°μ΄ κ°μκΉ΅',0),(6588,'ν­μ••μ μΈ μΉ™μ΄‰',0),(6589,'μΉΌλ‚  κ°™μ€ μ½μ΄',0),(6590,'ν™©ν™€ν• μ΄μ½”ν•μ„',0),(6591,'νκ΄΄μ μΈ μ•μƒμ°μΉ©',0),(6592,'ν™•κ³ ν• ν¬μΉ΄μΉ©',0),(6593,'μ΄μ›”μ μΈ μ€λ΅λ³„',0),(6594,'λ¬΄μ μ νλ λ΅λ΅μ‰',0),(6595,'μ €λμ μΈ λ§κ°€λ ›νΈ',0),(6596,'μ”νΉν• μƒμ°κΉ΅',0),(6597,'ν™©ν™€ν• μΉ™μ΄‰',0),(6598,'κ°•μ§ν• μ°Έν¬λμ»¤',0),(6599,'λ¶λ³€μ μ¤μ‚¬μ―”',0),(6600,'λ§‰κ°•ν• λ¨λ‚μΉ΄',0),(6601,'κµ‰μ¥ν• μ΄μ½”ν•μ„',0),(6602,'ν—μ¤€ν• ν™λ°λ³Ό',0),(6603,'μ°¨κ°€μ΄ μ¤λ μ¤',0),(6604,'λ€λ‹΄ν• μΉμ¦λ³Ό',0),(6605,'μ΄μΈμ μΈ μ—μ΄μ¤',0),(6606,'μΉμ—΄ν• κ³ μ†λ―Έ',0),(6607,'λ¬΄μ‹¬ν• λΉ…νμ΄',0),(6608,'μ•”ν‘μ μ°Έν¬λμ»¤',0),(6609,'λ“μ„Ό μ£ λ¦¬ν',0),(6610,'λ¶κµ΄μ μ›¨ν•μ¤',0),(6611,'λκ°™μ€ μΉ΄μ¤νƒ€λ“',0),(6612,'μ™„κ°•ν• μ ν¬',0),(6613,'ν—λ‚ν• μ— μ•¤μ— μ¦',0),(6614,'μ‚¬μ•…ν• ν‚·μΊ£',0),(6615,'μ••λ„μ μΈ λΉ…νμ΄',0),(6616,'λ¶λ³€μ μ°Έν¬λμ»¤',0),(6617,'λ¶νƒ€λ” λ¦¬μΈ ',0),(6618,'λ¬΄ν•ν• μΉ™μ΄‰',0),(6619,'λΉ„μ¥ν• ν›„λ μΉνμ΄',0),(6620,'μ©λ§Ήν• μ—”μ΄',0),(6621,'μ²λ‘¥ κ°™μ€ ν›„λ μΉνμ΄',0),(6622,'λμ—†λ” κΏ€κ½λ°°κΈ°',0),(6623,'μ΄κ°•λ ¥ν• μΈμ λ―Έμ¤λ‚µ',0),(6624,'λ¬΄μ‡ κ°™μ€ ν¬λμ»¤',0),(6625,'λ‹Ήλ‹Ήν• μ¤λ μ¤',0),(6626,'μ§„μ§€ν• μ¤λ‹μ»¤μ¦',0),(6627,'μ² μ €ν• κΏ€κ½λ°°κΈ°',0),(6628,'ν™•κ³ ν• μκ°μΉ',0),(6629,'μ΄μ›”μ μΈ κΌ¬κΉ”μ½',0),(6630,'λ¬΄μ μ μ•Όμ±„νƒ€μ„',0),(6631,'μ§„μ§€ν• κ°€λ‚νμ΄',0),(6632,'λ€λ‹΄ν• ν¬λ¦¬μ¤ν”Όλ΅¤',0),(6633,'λ‹¨νΈν• λΉ…νμ΄',0),(6634,'λ§¤μ„μ΄ μ—μ΄μ¤',0),(6635,'κ°•μΈν• νΈμ…μ¤',0),(6636,'ν—μ¤€ν• μ¤λ μ¤',0),(6637,'κ°•μΈν• μ¤λ μ¤',0),(6638,'μ λ€μ μΈ μ—”μ΄',0),(6639,'λ¬΄μν• μΉν† μ¤',0),(6640,'μμ›ν• λΉμΈ ',0),(6641,'μ©λ§Ήν• κΌ¬κΉ”μ½',0),(6642,'λ‹Ήλ‹Ήν• μ€λ΅λ³„',0),(6643,'λ€λ‹΄ν• μ¤λ¨',0),(6644,'μ €λμ μΈ ν¬ν…ν† μΉ©',0),(6645,'κ°•λ ¥ν• κΏ€κ½λ°°κΈ°',0),(6646,'λΉν‹μ—†λ” ν›„λ μΉνμ΄',0),(6647,'κ°€μ°¨μ—†λ” μ—μ΄μ¤',0),(6648,'κ°•μ§ν• μ¤λ‹μ»¤μ¦',0),(6649,'νμ°¬ νΈμ…μ¤',0),(6650,'μμ›ν• λ¦¬μΈ ',0),(6651,'νκ΄΄μ μΈ μ™€ν΄',0),(6652,'μ΄μ›”μ μΈ ν™λ°λ³Ό',0),(6653,'μ°¨κ°€μ΄ μ€λ΅λ³„',0),(6654,'λ¶κ°€μΉ¨μ μ¤λ μ¤',0),(6655,'κµ³κ±΄ν• μƒμ°κΉ΅',0),(6656,'μΉμ—΄ν• λ¦¬μΈ ',0),(6657,'ν—λ‚ν• κ°€λ',0),(6658,'λ“μ„Ό λ²„ν„°μ™€ν”',0),(6659,'λ¬΄μ‹λ¬΄μ‹ν• μ— μ•¤μ— μ¦',0),(6660,'λ¬΄μ„μ΄ μΏ ν¬λ‹¤μ¤',0),(6661,'κ°•λ ¥ν• ν¬ν…ν† μΉ©',0),(6662,'κ°•λ ¬ν• μΉ΄μ¤νƒ€λ“',0),(6663,'λΉ„μ¥ν• ν¬λ¦¬μ¤ν”Όλ΅¤',0),(6664,'μ°¨κ°€μ΄ ν¬λμ»¤',0),(6665,'λμ§κΈ΄ νƒ±ν¬λ³΄μ΄',0),(6666,'μ§‘μ”ν• μ—μ΄μ¤',0),(6667,'ν™©ν™€ν• κµ¬μ΄κ°μ',0),(6668,'μ™„κ°•ν• μ΄μ½”ν•μ„',0),(6669,'ν—μ¤€ν• κµ¬κµ¬μ½',0),(6670,'μ›…μ¥ν• ν—λ‹λ²„ν„°μΉ©',0),(6671,'μ λ€μ μΈ λ„λ„¤λ λ„¤',0),(6672,'μ°¨κ°€μ΄ μ™€μ‚­λ°”',0),(6673,'μ°λ μ°¬ ν™λ°λ³Ό',0),(6674,'κ²©λ ¬ν• μ¤μ‚¬μ―”',0),(6675,'κ·Ήμ•…ν• λΉΌλΉΌλ΅',0),(6676,'μμ›ν• μΉν† μ¤',0),(6677,'νμ°¬ νλ λ΅λ΅μ‰',0),(6678,'μ—­λ™μ μΈ μ ν¬',0),(6679,'κ²¬κ³ ν• λ„λ„¤λ λ„¤',0),(6680,'λ¬΄μ‹λ¬΄μ‹ν• λ§κ°€λ ›νΈ',0),(6681,'κ³Όκ°ν• μ ν¬',0),(6682,'λ¶μ‚¬μ‹ μ μ€λ΅λ³„',0),(6683,'μ΄μΈμ μΈ μ£ μ¤λ°”',0),(6684,'μ €λμ μΈ ν›„λ μΉνμ΄',0),(6685,'μ§‘μ”ν• μ°Έν¬λμ»¤',0),(6686,'λ€λ‹΄ν• μ½μ΄',0),(6687,'μ €λμ μΈ μ¤λ μ¤',0),(6688,'λ‚ μΉ΄λ΅μ΄ κ³ μ†λ―Έ',0),(6689,'μ¤‘ν›„ν• νΈμ…μ¤',0),(6690,'μ²μ ν• ν¬λμ»¤',0),(6691,'μ°λ μ°¬ ν¬μΉ΄μΉ©',0),(6692,'λ‹Ήλ‹Ήν• κµ¬μ΄κ°μ',0),(6693,'λκ°™μ€ μ£ λ¦¬ν',0),(6694,'λΉν‹μ—†λ” μ— μ•¤μ— μ¦',0),(6695,'μ•…λ…ν• μ ν¬',0),(6696,'μ°λ μ°¬ λ²„ν„°μΏ ν‚¤',0),(6697,'λ¬΄μ‹λ¬΄μ‹ν• μ¤μ‚¬μ―”',0),(6698,'ν—μ•…ν• μ™€ν΄',0),(6699,'λ¬΄μ„μ΄ λ°”λ‚λ‚ν‚¥',0),(6700,'μ¤‘ν›„ν• μƒμ°κΉ΅',0),(6701,'μ”νΉν• λ§κ°€λ ›νΈ',0),(6702,'μΉλ…μ μΈ μ¤λ¨',0),(6703,'κ°€νΉν• λ°”λ‚λ‚ν‚¥',0),(6704,'κ°•λ ¥ν• μ—μ΄μ¤',0),(6705,'μ§„μ§€ν• λ‚μµΈ',0),(6706,'μΉλ…μ μΈ λ²„ν„°μ™€ν”',0),(6707,'λκ°™μ€ μΈμ λ―Έμ¤λ‚µ',0),(6708,'μ°¨κ°€μ΄ κΌ¬κΉ”μ½',0),(6709,'λ“μ„Ό μ¤λ¨',0),(6710,'μ••λ„μ μΈ μ™€ν΄',0),(6711,'κ²°μ—°ν• μ¤μ‚¬μ―”',0),(6712,'λ¬΄κ±°μ΄ μ—μ΄μ¤',0),(6713,'μ΄μΈμ μΈ μ™€ν΄',0),(6714,'λ¬΄μ‡ κ°™μ€ ν”„λ§κΈ€μ¤',0),(6715,'μ‚¬μ•…ν• λ„λ„¤λ λ„¤',0),(6716,'ν—λ‚ν• μΉ™μ΄‰',0),(6717,'κ°•μΈν• λ¨λ‚μΉ΄',0),(6718,'κµ³κ±΄ν• λ§μΉ΄λ΅±',0),(6719,'μ§„μ§€ν• ν—λ‹λ²„ν„°μΉ©',0),(6720,'ν™©ν™€ν• λ°€ν¬μΉ΄λΌλ©',0),(6721,'μ•…λ…ν• κΏ€κ½λ°°κΈ°',0),(6722,'κ³Όκ°ν• μ–‘νλ§',0),(6723,'λ¬΄μ‹¬ν• μ¤λ μ¤',0),(6724,'λ§Ήλ ¬ν• κµ¬μ΄κ°μ',0),(6725,'μ•…λ…ν• μ™€ν΄',0),(6726,'μ„λ€ν• μ•Όμ±„νƒ€μ„',0),(6727,'λ¬΄ν•ν• μ¤μ‚¬μ―”',0),(6728,'λ‹¨λ‹¨ν• ν•λ¦¬λ³΄',0),(6729,'μΉΌλ‚  κ°™μ€ μ•Όμ±„νƒ€μ„',0),(6730,'λ¬΄μλΉ„ν• μ΄μ½”νμ΄',0),(6731,'λ¬΄ν•ν• μ™€ν΄',0),(6732,'λ¬΄μ‹¬ν• μƒμ°κΉ΅',0),(6733,'μ΄κ°•λ ¥ν• λ²„ν„°μΏ ν‚¤',0),(6734,'μμ›ν• λ‚μµΈ',0),(6735,'λ§‰κ°•ν• μ΄μ½”μ†΅μ΄',0),(6736,'λ¶νƒ€λ” μƒμ°κΉ΅',0),(6737,'λ¬΄μ‡ κ°™μ€ μ΄μ½”ν•μ„',0),(6738,'λμ§κΈ΄ μ¤λ‹μ»¤μ¦',0),(6739,'ν—μ•…ν• ν¬ν…ν† μΉ©',0),(6740,'νκ΄΄μ μΈ λΉ λ‹¤μ½”μ½”λ‚«',0),(6741,'λ¶κµ΄μ λΉμΈ ',0),(6742,'λ¬΄μν• μ¤μ‚¬μ―”',0),(6743,'κ²¬κ³ ν• μΉν† μ¤',0),(6744,'κ΄‘ν­ν• ν›„λ μΉνμ΄',0),(6745,'λ“μ„Ό κ°€λ',0),(6746,'ν—μ•…ν• ν¬λ°ν‚¤',0),(6747,'κ°•λ ¬ν• ν¬μΉ΄μΉ©',0),(6748,'μ²μ ν• μƒμ°κΉ΅',0),(6749,'μΉμ—΄ν• λ¨λ‚μΉ΄',0),(6750,'ν—λ‚ν• μ ν¬',0),(6751,'λμ§κΈ΄ κ°μκΉ΅',0),(6752,'κ°•μ§ν• μ¤κ°μ',0),(6753,'λ¬΄ν•ν• λ²„ν„°μ™€ν”',0),(6754,'νκ΄΄μ μΈ μ‚¬λΈλ ',0),(6755,'μ—­λ™μ μΈ μΉΈμµΈ',0),(6756,'μΉλ…μ μΈ μ›¨ν•μ¤',0),(6757,'λ¬΄μλΉ„ν• μ›¨ν•μ¤',0),(6758,'ν™•κ³ ν• μΏ ν¬λ‹¤μ¤',0),(6759,'λ‹Ήλ‹Ήν• μΉΈμµΈ',0),(6760,'λ¬΄μν• μ— μ•¤μ— μ¦',0),(6761,'λ¶νƒ€λ” κΏ€κ½λ°°κΈ°',0),(6762,'λ¶κ°€μΉ¨μ λΉ…νμ΄',0),(6763,'λ¶μ‚¬μ‹ μ μΉΈμµΈ',0),(6764,'μΉλ…μ μΈ ν¬λ¦¬μ¤ν”Όλ΅¤',0),(6765,'λ¬΄μν• ν¬λ¦¬μ¤ν”Όλ΅¤',0),(6766,'μΉΌλ‚  κ°™μ€ μΈμ λ―Έμ¤λ‚µ',0),(6767,'μ›…μ¥ν• μ™€μ‚­λ°”',0),(6768,'μ²μ ν• λΉ λ‹¤μ½”μ½”λ‚«',0),(6769,'λ§‰κ°•ν• κµ¬κµ¬μ½',0),(6770,'λκ°™μ€ μ•Όμ±„νƒ€μ„',0),(6771,'λ¬΄μ μ ν™λ°λ³Ό',0),(6772,'μΉλ…μ μΈ λ°€ν¬μΉ΄λΌλ©',0),(6773,'ν™•κ³ ν• μ—”μ΄',0),(6774,'μ°λ μ°¬ κµ¬μ΄κ°μ',0),(6775,'κ³ λ…ν• κ°μκΉ΅',0),(6776,'μ‹ λ…μ κΏ€κ½λ°°κΈ°',0),(6777,'μ©λ§Ήν• ν›„λ μΉνμ΄',0),(6778,'λΉν‹μ—†λ” κ³ λλ°¥',0),(6779,'μ©λ§Ήν• μ¤λ μ¤',0),(6780,'μ§‘μ”ν• ν¬λμ»¤',0),(6781,'μ—­λ™μ μΈ μ™€ν΄',0),(6782,'μ•”ν‘μ λ„λ„¤λ λ„¤',0),(6783,'λκ°™μ€ λ²„ν„°μ™€ν”',0),(6784,'μ‚¬λ‚μ΄ μ€λ΅λ³„',0),(6785,'κ°•λ ¥ν• λ²„ν„°μ™€ν”',0),(6786,'λ¶ν¨μ λΉ λ‹¤μ½”μ½”λ‚«',0),(6787,'μ΄μΈμ μΈ λ²„ν„°μ™€ν”',0),(6788,'κ²¬κ³ ν• λΉ μ‚­',0),(6789,'λμ§κΈ΄ μμΌλ¦¬ν†¨',0),(6790,'μ•”ν‘μ λ°€ν¬μΉ΄λΌλ©',0),(6791,'κΈ‰κ²©ν• μ¤κ°μ',0),(6792,'λ¬΄μλΉ„ν• λ²„ν„°μΏ ν‚¤',0),(6793,'λ‹¨νΈν• λ„λ„¤λ λ„¤',0),(6794,'λ¬΄μ •ν• ν¬ν…ν† μΉ©',0),(6795,'μ‹ λ…μ κ°€λ‚νμ΄',0),(6796,'κ΄‘ν­ν• μ½μ΄',0),(6797,'κ΄‘ν­ν• κΏ€κ½λ°°κΈ°',0),(6798,'μ™„κ°•ν• λ¦¬μΈ ',0),(6799,'λμ§κΈ΄ μ— μ•¤μ— μ¦',0),(6800,'λ¬΄μ •ν• μ¤κ°μ',0),(6801,'κ³ λ…ν• λ„λ„¤λ λ„¤',0),(6802,'μΉΌλ‚  κ°™μ€ λ¦¬μΈ ',0),(6803,'λ“μ„Ό ν•λ¦¬λ³΄',0),(6804,'λ‚ μΉ΄λ΅μ΄ μ—μ΄μ¤',0),(6805,'κ²¬κ³ ν• νΈμ…μ¤',0),(6806,'λ¬΄μ‹¬ν• μ€λ΅λ³„',0),(6807,'λ¬΄μν• ν¬μΉ΄μΉ©',0),(6808,'λ¬΄μ‹¬ν• κ³ μ†λ―Έ',0),(6809,'ν—μ•…ν• μ½μ΄',0),(6810,'λ‚ μΉ΄λ΅μ΄ ν‚·μΊ£',0),(6811,'μ λ€μ μΈ λ½€λ',0),(6812,'λ¬΄μ‹¬ν• νƒ±ν¬λ³΄μ΄',0),(6813,'κΉμ€ ν¬λ¦¬μ¤ν”Όλ΅¤',0),(6814,'μ²ν•λ¬΄μ μ μ¤λ¨',0),(6815,'κ°•μΈν• λ§κ°€λ ›νΈ',0),(6816,'λ¬΄κ±°μ΄ μμΌλ¦¬ν†¨',0),(6817,'λ²”μ ‘ν•  μ μ—†λ” μ¤λ μ¤',0),(6818,'μ—­λ™μ μΈ μΉν† μ¤',0),(6819,'κ²°μ—°ν• λ„λ„¤λ λ„¤',0),(6820,'λ¶λ³€μ μ¤μ™μΉ©',0),(6821,'μΉΌλ‚  κ°™μ€ μ¤κ°μ',0),(6822,'μ§„μ§€ν• κΏ€κ½λ°°κΈ°',0),(6823,'κ·Ήμ•…ν• ν•λ¦¬λ³΄',0),(6824,'μ‚¬λ‚μ΄ λ°”λ‚λ‚ν‚¥',0),(6825,'μ§€λ…ν• ν•λ¦¬λ³΄',0),(6826,'ν¬μ² ν• λΉ μ‚­',0),(6827,'μ² μ €ν• μ΄μ½”νμ΄',0),(6828,'λ€λ‹¨ν• μ°Έν¬λμ»¤',0),(6829,'λ¬΄μλΉ„ν• ν¬λ°ν‚¤',0),(6830,'λ¬΄μ μ λ΅―λ°μƒλ“',0),(6831,'μ²μ ν• μΉΈμµΈ',0),(6832,'λ¬΄μ •ν• λΉμΈ ',0),(6833,'κ°•λ ¬ν• μ–‘νλ§',0),(6834,'κµ³κ±΄ν• κΌ¬κΉ”μ½',0),(6835,'κ°€νΉν• κΌ¬κΉ”μ½',0),(6836,'κΈ‰κ²©ν• λ°”λ‚λ‚ν‚¥',0),(6837,'κ°•λ ¥ν• μ¤λ‹μ»¤μ¦',0),(6838,'μ§€λ…ν• κΏ€κ½λ°°κΈ°',0),(6839,'μΉλ…μ μΈ μ΄μ½”νμ΄',0),(6840,'μ λ€μ μΈ μ¤λ¨',0),(6841,'κ΄‘ν­ν• λΉ μ‚­',0),(6842,'κ²©λ ¬ν• λ¦¬μΈ ',0),(6843,'μ—­λ™μ μΈ μ—”μ΄',0),(6844,'μ €λμ μΈ λ§μΉ΄λ΅±',0),(6845,'λ§‰κ°•ν• μμΌλ¦¬ν†¨',0),(6846,'λ¶κ°€μΉ¨μ μ°Έν¬λμ»¤',0),(6847,'κΉμ€ μμΌλ¦¬ν†¨',0),(6848,'μ°λ μ°¬ κ³ λλ°¥',0),(6849,'λ¶λ³€μ ν™λ°λ³Ό',0),(6850,'μ‚¬λ‚μ΄ μ—”μ΄',0),(6851,'λ¬΄κ±°μ΄ μ™€μ‚­λ°”',0),(6852,'λΉ„μ¥ν• κµ¬κµ¬μ½',0),(6853,'μμ›ν• μ¤λ‹μ»¤μ¦',0),(6854,'κ°•λ ¬ν• ν¬λ°ν‚¤',0),(6855,'λ¬΄μ‹¬ν• μ ν¬',0),(6856,'κ²¬κ³ ν• νλ λ΅λ΅μ‰',0),(6857,'μ‚¬μ•…ν• λΉ…νμ΄',0),(6858,'μ΄μΈμ μΈ λ¨λ‚μΉ΄',0),(6859,'μ²μ ν• λΉ…νμ΄',0),(6860,'λ¶ν¨μ λ„λ„¤λ λ„¤',0),(6861,'μΉμ—΄ν• μ¤μ‚¬μ―”',0),(6862,'λ‹¨νΈν• ν›„λ μΉνμ΄',0),(6863,'κ³Όκ°ν• κµ¬μ΄κ°μ',0),(6864,'κ°•μ§ν• μΉν† μ¤',0),(6865,'ν—μ¤€ν• μ½μ΄',0),(6866,'μ”νΉν• λ²„ν„°μ™€ν”',0),(6867,'μ•…λ…ν• κ°μκΉ΅',0),(6868,'λ¬΄μν• κ³ μ†λ―Έ',0),(6869,'μ”νΉν• λ¦¬μΈ ',0),(6870,'νκ΄΄μ μΈ μ΄μ½”μ†΅μ΄',0),(6871,'λ¬΄μ μ ν¬ν…ν† μΉ©',0),(6872,'κ·Ήμ•…ν• ν™λ°λ³Ό',0),(6873,'λ¬΄ν•ν• μ£ μ¤λ°”',0),(6874,'κ°•μΈν• μ ν¬',0),(6875,'μ•…λ…ν• λ„λ„¤λ λ„¤',0),(6876,'λ¬΄μ •ν• μμΌλ¦¬ν†¨',0),(6877,'κΉμ€ μ–‘νλ§',0),(6878,'ν—λ‚ν• μƒμ°κΉ΅',0),(6879,'κ³Όκ°ν• ν¬ν…ν† μΉ©',0),(6880,'ν™©ν™€ν• κµ¬κµ¬μ½',0),(6881,'λ‹¨νΈν• λ΅―λ°μƒλ“',0),(6882,'μ•…λ…ν• μΉν† μ¤',0),(6883,'ν—μ¤€ν• μ΄μ½”ν•μ„',0),(6884,'μ•…λ…ν• ν”„λ§κΈ€μ¤',0),(6885,'νκ΄΄μ μΈ ν¬ν…ν† μΉ©',0),(6886,'κΈ‰κ²©ν• μ¬μΉ©',0),(6887,'λ“μ„Ό ν¬λ°ν‚¤',0),(6888,'λ¬΄κ±°μ΄ μ—”μ΄',0),(6889,'λ€λ‹¨ν• κ°μκΉ΅',0),(6890,'λΉν‹μ—†λ” μƒμ°κΉ΅',0),(6891,'μ‹ λ…μ λ¨λ‚μΉ΄',0),(6892,'λ“μ„Ό μΉ™μ΄‰',0),(6893,'κ³Όκ°ν• νƒ±ν¬λ³΄μ΄',0),(6894,'λΉν‹μ—†λ” μΏ ν¬λ‹¤μ¤',0),(6895,'κ°•μΈν• λ‚μµΈ',0),(6896,'λ“μ„Ό κΏ€κ½λ°°κΈ°',0),(6897,'ν—μ¤€ν• μ‚¬λΈλ ',0),(6898,'κ°€μ°¨μ—†λ” λΉ μ‚­',0),(6899,'λ¬΄μ •ν• μ°Έν¬λμ»¤',0),(6900,'μ§„μ§€ν• μ£ μ¤λ°”',0),(6901,'λ€λ‹΄ν• λ½€λ',0),(6902,'λ¬΄μν• κΌ¬κΉ”μ½',0),(6903,'λ¬΄μ μ μ¤λ‹μ»¤μ¦',0),(6904,'μ§€λ…ν• λΉ λ‹¤μ½”μ½”λ‚«',0),(6905,'μ„λ€ν• ν—λ‹λ²„ν„°μΉ©',0),(6906,'λ‹Ήλ‹Ήν• λ¦¬μΈ ',0),(6907,'κ°•λ ¥ν• ν•λ¦¬λ³΄',0),(6908,'κΈ΄λ°•ν• μ¤μ‚¬μ―”',0),(6909,'κµ³κ±΄ν• ν¬λ°ν‚¤',0),(6910,'λΉ„μ¥ν• λ°”λ‚λ‚ν‚¥',0),(6911,'μ²μ ν• λ¦¬μΈ ',0),(6912,'ν™•κ³ ν• λ½€λ',0),(6913,'λ§‰κ°•ν• μ–‘νλ§',0),(6914,'λ‹¨νΈν• ν¬μΉ΄μΉ©',0),(6915,'λ“μ„Ό μ–‘νλ§',0),(6916,'λ²”μ ‘ν•  μ μ—†λ” ν”„λ§κΈ€μ¤',0),(6917,'κ°•μ§ν• ν—λ‹λ²„ν„°μΉ©',0),(6918,'κΉμ€ μ½μ΄',0),(6919,'κ°•μ§ν• μ½μ΄',0),(6920,'λ¬΄μ‹λ¬΄μ‹ν• ν¬λ¦¬μ¤ν”Όλ΅¤',0),(6921,'κ°•λ ¥ν• ν‚·μΊ£',0),(6922,'λ¬΄ν•ν• νλ λ΅λ΅μ‰',0),(6923,'κ²©λ ¬ν• λ§μΉ΄λ΅±',0),(6924,'μ΄μ›”μ μΈ λΉ…νμ΄',0),(6925,'μ°λ μ°¬ ν—λ‹λ²„ν„°μΉ©',0),(6926,'λ¶κ°€μΉ¨μ μ¤λ‹μ»¤μ¦',0),(6927,'μ©λ§Ήν• ν”„λ§κΈ€μ¤',0),(6928,'νμ°¬ μ½μ΄',0),(6929,'κΈ΄λ°•ν• μ— μ•¤μ— μ¦',0),(6930,'λ¬΄κ±°μ΄ λΉ μ‚­',0),(6931,'κ·Ήμ•…ν• ν‚·μΊ£',0),(6932,'μ••λ„μ μΈ μ•μƒμ°μΉ©',0),(6933,'μ°λ μ°¬ λ½€λ',0),(6934,'μ²λ‘¥ κ°™μ€ μ¤κ°μ',0),(6935,'κ³ λ…ν• ν”„λ§κΈ€μ¤',0),(6936,'λ¶κ°€μΉ¨μ μΈμ λ―Έμ¤λ‚µ',0),(6937,'λμ—†λ” μ—”μ΄',0),(6938,'κ΄‘ν­ν• ν—λ‹λ²„ν„°μΉ©',0),(6939,'λ¬΄ν•ν• μ¤μ™μΉ©',0),(6940,'μ„λ€ν• ν‚·μΊ£',0),(6941,'κ·Ήμ•…ν• μ¤λ μ¤',0),(6942,'μ‹ λ…μ νΈμ…μ¤',0),(6943,'κ°•λ ¬ν• λ²„ν„°μ™€ν”',0),(6944,'μ›…μ¥ν• λ΅―λ°μƒλ“',0),(6945,'μ€λ°€ν• ν¬λ¦¬μ¤ν”Όλ΅¤',0),(6946,'λ¶μ‚¬μ‹ μ λ°”λ‚λ‚ν‚¥',0),(6947,'λ§¤μ„μ΄ μ–‘νλ§',0),(6948,'λ§Ήλ ¬ν• μΉμ¦λ³Ό',0),(6949,'μ€λ°€ν• λ‚μµΈ',0),(6950,'μ² μ €ν• μΏ ν¬λ‹¤μ¤',0),(6951,'μ¤‘ν›„ν• λ¦¬μΈ ',0),(6952,'λ¶κ°€μΉ¨μ μ•Όμ±„νƒ€μ„',0),(6953,'μ›…μ¥ν• κ³ μ†λ―Έ',0),(6954,'λΉ„μ¥ν• μ°Έν¬λμ»¤',0),(6955,'κΈ‰κ²©ν• μ΄μ½”νμ΄',0),(6956,'μ‹ λ…μ κµ¬μ΄κ°μ',0),(6957,'μ²ν•λ¬΄μ μ λ„λ„¤λ λ„¤',0),(6958,'νκ΄΄μ μΈ μ¤λ¨',0),(6959,'μ§‘μ”ν• κ°€λ',0),(6960,'κ²°μ—°ν• κ³ λλ°¥',0),(6961,'μ² μ €ν• κ°€λ‚νμ΄',0),(6962,'λ§¤μ„μ΄ λ¦¬μΈ ',0),(6963,'κ³Όκ°ν• ν¬λμ»¤',0),(6964,'ν—λ‚ν• ν¬ν…ν† μΉ©',0),(6965,'λ‹Ήλ‹Ήν• ν¬λ°ν‚¤',0),(6966,'λ²”μ ‘ν•  μ μ—†λ” μ—”μ΄',0),(6967,'μ λ€μ μΈ μ°Έν¬λμ»¤',0),(6968,'λ¶ν¨μ μ½μ΄',0),(6969,'λ¬΄μ μ λ§μΉ΄λ΅±',0),(6970,'μμ›ν• ν™λ°λ³Ό',0),(6971,'ν¬μ² ν• μ—”μ΄',0),(6972,'μ™„κ°•ν• λΉ μ‚­',0),(6973,'λ¬΄μ‹λ¬΄μ‹ν• μ°Έν¬λμ»¤',0),(6974,'μ§„μ§€ν• κΌ¬κΉ”μ½',0),(6975,'λμ—†λ” μ•μƒμ°μΉ©',0),(6976,'λ¶μ‚¬μ‹ μ κ³ λλ°¥',0),(6977,'λκ°™μ€ ν›„λ μΉνμ΄',0),(6978,'μμ›ν• μ›¨ν•μ¤',0),(6979,'λΉ„μ¥ν• μ¤κ°μ',0),(6980,'λκ°™μ€ ν•λ¦¬λ³΄',0),(6981,'λ‹¨νΈν• μ™€μ‚­λ°”',0),(6982,'λ¶ν¨μ κ³ λλ°¥',0),(6983,'λ§Ήλ ¬ν• ν¬λ¦¬μ¤ν”Όλ΅¤',0),(6984,'λ¶νƒ€λ” μ ν¬',0),(6985,'μ°¨κ°€μ΄ ν¬ν…ν† μΉ©',0),(6986,'κΈ΄λ°•ν• μΉ™μ΄‰',0),(6987,'λ¶ν¨μ ν‚·μΊ£',0),(6988,'μ€λ°€ν• λ°€ν¬μΉ΄λΌλ©',0),(6989,'ν­λ°μ μΈ μΉ™μ΄‰',0),(6990,'μ²λ‘¥ κ°™μ€ μΈμ λ―Έμ¤λ‚µ',0),(6991,'κµ‰μ¥ν• ν¬ν…ν† μΉ©',0),(6992,'μ°¨κ°€μ΄ λΉΌλΉΌλ΅',0),(6993,'κΉμ€ μΈμ λ―Έμ¤λ‚µ',0),(6994,'κ°•μ§ν• μ¬μΉ©',0),(6995,'λ¶κ°€μΉ¨μ μ¤μ‚¬μ―”',0),(6996,'κµ³κ±΄ν• μ°Έν¬λμ»¤',0),(6997,'μ λ€μ μΈ ν¬λ¦¬μ¤ν”Όλ΅¤',0),(6998,'ν™•κ³ ν• μ•Όμ±„νƒ€μ„',0),(6999,'κΈ‰κ²©ν• μΉν† μ¤',0),(7000,'λ¶κ°€μΉ¨μ ν¬μΉ΄μΉ©',0),(7001,'κ²°μ—°ν• λ¨λ‚μΉ΄',0),(7002,'μ§€λ…ν• κ°€λ‚νμ΄',0),(7003,'μ¤‘ν›„ν• μ•μƒμ°μΉ©',0),(7004,'μ§‘μ”ν• λ²„ν„°μ™€ν”',0),(7005,'μΉλ…μ μΈ νƒ±ν¬λ³΄μ΄',0),(7006,'ν—λ‚ν• λ°”λ‚λ‚ν‚¥',0),(7007,'ν­λ°μ μΈ λΉμΈ ',0),(7008,'λ¬΄μλΉ„ν• μΉΈμµΈ',0),(7009,'κΈ΄λ°•ν• μ€λ΅λ³„',0),(7010,'λ¬΄μ‹¬ν• ν¬μΉ΄μΉ©',0),(7011,'κ·Ήμ•…ν• μκ°μΉ',0),(7012,'μ•…λ…ν• ν¬λ°ν‚¤',0),(7013,'μ²λ‘¥ κ°™μ€ κΌ¬κΉ”μ½',0),(7014,'μ λ€μ μΈ μΉμ¦λ³Ό',0),(7015,'νκ΄΄μ μΈ μ΄μ½”μΉ©μΏ ν‚¤',0),(7016,'κ°•μ§ν• κ³ μ†λ―Έ',0),(7017,'λ€λ‹¨ν• μ΄μ½”νμ΄',0),(7018,'μΉμ—΄ν• μ‚¬λΈλ ',0),(7019,'λμ§κΈ΄ κµ¬μ΄κ°μ',0),(7020,'λ¬΄μ‹λ¬΄μ‹ν• μ¤λ μ¤',0),(7021,'λ§‰κ°•ν• μΉ™μ΄‰',0),(7022,'μ‚¬λ‚μ΄ μ°Έν¬λμ»¤',0),(7023,'κ°•λ ¬ν• μ½μ΄',0),(7024,'μ™„κ°•ν• κ³ λλ°¥',0),(7025,'μ„λ€ν• μ¬μΉ©',0),(7026,'ν—μ¤€ν• λΉ μ‚­',0),(7027,'ν™©ν™€ν• μ΄μ½”μ†΅μ΄',0),(7028,'μ§„μ§€ν• λ΅―λ°μƒλ“',0),(7029,'κ°•λ ¬ν• μ—”μ΄',0),(7030,'λ‹¨λ‹¨ν• μ¤κ°μ',0),(7031,'μ•”ν‘μ λ‚μµΈ',0),(7032,'λ§Ήλ ¬ν• ν›„λ μΉνμ΄',0),(7033,'κ°•μ§ν• ν¬μΉ΄μΉ©',0),(7034,'μ λ€μ μΈ κ³ μ†λ―Έ',0),(7035,'μ‚¬λ‚μ΄ μ—μ΄μ¤',0),(7036,'μ²ν•λ¬΄μ μ μΉν† μ¤',0),(7037,'κ²©λ ¬ν• μΉ΄μ¤νƒ€λ“',0),(7038,'μ•…λ…ν• μ¤λ‹μ»¤μ¦',0),(7039,'νμ°¬ μ°Έν¬λμ»¤',0),(7040,'κ³Όκ°ν• μ•μƒμ°μΉ©',0),(7041,'λ“μ„Ό μκ°μΉ',0),(7042,'μ„λ€ν• κΏ€κ½λ°°κΈ°',0),(7043,'ν—μ¤€ν• μ΄μ½”μ†΅μ΄',0),(7044,'κ²°μ—°ν• μ½μ΄',0),(7045,'κµ‰μ¥ν• λ„λ„¤λ λ„¤',0),(7046,'μ‚¬μ•…ν• λ‚μµΈ',0),(7047,'λ¶μ‚¬μ‹ μ ν™λ°λ³Ό',0),(7048,'κ²¬κ³ ν• μ–‘νλ§',0),(7049,'μ°λ μ°¬ λ²„ν„°μ™€ν”',0),(7050,'μ©λ§Ήν• μΈμ λ―Έμ¤λ‚µ',0),(7051,'λ¬΄μ‡ κ°™μ€ λ½€λ',0),(7052,'μ² μ €ν• μΉΈμµΈ',0),(7053,'λ¬΄μ‡ κ°™μ€ λ§μΉ΄λ΅±',0),(7054,'μ΄μ›”μ μΈ μ¤λ‹μ»¤μ¦',0),(7055,'λ§‰κ°•ν• κ³ μ†λ―Έ',0),(7056,'λ¬΄μ‹λ¬΄μ‹ν• λ΅―λ°μƒλ“',0),(7057,'μ„λ€ν• νΈμ…μ¤',0),(7058,'λ¬΄μ‡ κ°™μ€ μΉ™μ΄‰',0),(7059,'μΉλ…μ μΈ μΏ ν¬λ‹¤μ¤',0),(7060,'λ“μ„Ό ν¬λ¦¬μ¤ν”Όλ΅¤',0),(7061,'ν—μ•…ν• λ¦¬μΈ ',0),(7062,'κ°•μΈν• μ΄μ½”μ†΅μ΄',1),(7063,'μ‹ λ…μ λΉΌλΉΌλ΅',0),(7064,'ν­λ°μ μΈ λ§μΉ΄λ΅±',0),(7065,'μ§‘μ”ν• μκ°μΉ',0),(7066,'ν™•κ³ ν• ν—λ‹λ²„ν„°μΉ©',0),(7067,'λμ—†λ” λ§κ°€λ ›νΈ',0),(7068,'κΉμ€ λ²„ν„°μ™€ν”',0),(7069,'κΈ‰κ²©ν• μ›¨ν•μ¤',0),(7070,'μ©λ§Ήν• νλ λ΅λ΅μ‰',0),(7071,'λ²”μ ‘ν•  μ μ—†λ” μΉ΄μ¤νƒ€λ“',0),(7072,'λ§‰κ°•ν• μ¬μΉ©',0),(7073,'μΉλ…μ μΈ μ¤κ°μ',0),(7074,'κµ‰μ¥ν• μ΄μ½”νμ΄',0),(7075,'μ² μ €ν• μ— μ•¤μ— μ¦',0),(7076,'ν™•κ³ ν• λ΅―λ°μƒλ“',0),(7077,'ν­λ°μ μΈ ν•λ¦¬λ³΄',0),(7078,'κ³Όκ°ν• ν¬λ°ν‚¤',0),(7079,'μ²λ‘¥ κ°™μ€ μ ν¬',0),(7080,'λ§Ήλ ¬ν• μΉν† μ¤',0),(7081,'λ¬΄μ‹λ¬΄μ‹ν• μ•Όμ±„νƒ€μ„',0),(7082,'μ¤‘ν›„ν• κµ¬κµ¬μ½',0),(7083,'μ΄μΈμ μΈ μ½μ΄',0),(7084,'λΉν‹μ—†λ” λΉ…νμ΄',0);
/*!40000 ALTER TABLE `random_nickname` ENABLE KEYS */;
UNLOCK TABLES;

--
-- Table structure for table `snack`
--

DROP TABLE IF EXISTS `snack`;
/*!40101 SET @saved_cs_client     = @@character_set_client */;
/*!50503 SET character_set_client = utf8mb4 */;
CREATE TABLE `snack` (
  `s` varchar(20) COLLATE utf8mb4_unicode_ci DEFAULT NULL,
  UNIQUE KEY `s` (`s`)
) ENGINE=InnoDB DEFAULT CHARSET=utf8mb4 COLLATE=utf8mb4_unicode_ci;
/*!40101 SET character_set_client = @saved_cs_client */;

--
-- Dumping data for table `snack`
--

LOCK TABLES `snack` WRITE;
/*!40000 ALTER TABLE `snack` DISABLE KEYS */;
INSERT INTO `snack` VALUES ('κ°€λ‚νμ΄'),('κ°€λ'),('κ°μκΉ΅'),('κ³ λλ°¥'),('κ³ μ†λ―Έ'),('κµ¬κµ¬μ½'),('κµ¬μ΄κ°μ'),('κΌ¬κΉ”μ½'),('κΏ€κ½λ°°κΈ°'),('λ‚μµΈ'),('λ„λ„¤λ λ„¤'),('λ΅―λ°μƒλ“'),('λ¦¬μΈ '),('λ§κ°€λ ›νΈ'),('λ§μΉ΄λ΅±'),('λ¨λ‚μΉ΄'),('λ°€ν¬μΉ΄λΌλ©'),('λ°”λ‚λ‚ν‚¥'),('λ²„ν„°μ™€ν”'),('λ²„ν„°μΏ ν‚¤'),('λΉ…νμ΄'),('λΉμΈ '),('λΉ λ‹¤μ½”μ½”λ‚«'),('λΉ μ‚­'),('λΉΌλΉΌλ΅'),('λ½€λ'),('μ‚¬λΈλ '),('μƒμ°κΉ΅'),('μ¤λ‹μ»¤μ¦'),('μ¤μ™μΉ©'),('μ€λ΅λ³„'),('μ¬μΉ©'),('μ•μƒμ°μΉ©'),('μ•Όμ±„νƒ€μ„'),('μ–‘νλ§'),('μ—μ΄μ¤'),('μ—”μ΄'),('μ— μ•¤μ— μ¦'),('μ¤κ°μ'),('μ¤λ¨'),('μ¤λ μ¤'),('μ¤μ‚¬μ―”'),('μ™€μ‚­λ°”'),('μ™€ν΄'),('μ›¨ν•μ¤'),('μΈμ λ―Έμ¤λ‚µ'),('μκ°μΉ'),('μμΌλ¦¬ν†¨'),('μ ν¬'),('μ£ λ¦¬ν'),('μ£ μ¤λ°”'),('μ°Έν¬λμ»¤'),('μ΄μ½”μ†΅μ΄'),('μ΄μ½”μΉ©μΏ ν‚¤'),('μ΄μ½”νμ΄'),('μ΄μ½”ν•μ„'),('μΉμ¦λ³Ό'),('μΉν† μ¤'),('μΉ™μ΄‰'),('μΉ΄μ¤νƒ€λ“'),('μΉΈμµΈ'),('μ½μ΄'),('μΏ ν¬λ‹¤μ¤'),('ν¬λμ»¤'),('ν¬λ°ν‚¤'),('ν¬λ¦¬μ¤ν”Όλ΅¤'),('ν‚·μΊ£'),('νƒ±ν¬λ³΄μ΄'),('νΈμ…μ¤'),('νλ λ΅λ΅μ‰'),('ν¬μΉ΄μΉ©'),('ν¬ν…ν† μΉ©'),('ν”„λ§κΈ€μ¤'),('ν•λ¦¬λ³΄'),('ν—λ‹λ²„ν„°μΉ©'),('ν™λ°λ³Ό'),('ν›„λ μΉνμ΄');
/*!40000 ALTER TABLE `snack` ENABLE KEYS */;
UNLOCK TABLES;
/*!40103 SET TIME_ZONE=@OLD_TIME_ZONE */;

/*!40101 SET SQL_MODE=@OLD_SQL_MODE */;
/*!40014 SET FOREIGN_KEY_CHECKS=@OLD_FOREIGN_KEY_CHECKS */;
/*!40014 SET UNIQUE_CHECKS=@OLD_UNIQUE_CHECKS */;
/*!40101 SET CHARACTER_SET_CLIENT=@OLD_CHARACTER_SET_CLIENT */;
/*!40101 SET CHARACTER_SET_RESULTS=@OLD_CHARACTER_SET_RESULTS */;
/*!40101 SET COLLATION_CONNECTION=@OLD_COLLATION_CONNECTION */;
/*!40111 SET SQL_NOTES=@OLD_SQL_NOTES */;

-- Dump completed on 2024-10-11 10:04:57
